pathway,NES,padj,size
Axoneme Assembly (GO:0035082),2.1613374194182247,0.0,41
Cilium Movement (GO:0003341),2.1450778599515465,0.0,59
Mucosal Immune Response (GO:0002385),2.029271827546598,0.0,28
Innate Immune Response In Mucosa (GO:0002227),1.9829841463031734,0.0,21
Spermatid Development (GO:0007286),1.898759892144091,0.0,53
Cilium-Dependent Cell Motility (GO:0060285),1.8821611544713712,0.0,20
Dopaminergic Neuron Differentiation (GO:0071542),1.8637468248091567,0.20642273128032684,19
Ammonium Transmembrane Transport (GO:0072488),1.8620269118307113,0.0,10
Positive Regulation Of Behavior (GO:0048520),1.8496814392016545,0.1945788562297821,11
Chloride Ion Homeostasis (GO:0055064),1.8426883808489247,0.0,9
Monoatomic Anion Homeostasis (GO:0055081),1.8426883808489247,0.0,9
Sensory Perception Of Bitter Taste (GO:0050913),1.8202981155672342,0.0,42
Positive Regulation Of Fatty Acid Oxidation (GO:0046321),1.8037176811337141,0.14107096195220947,12
"Synaptic Transmission, GABAergic (GO:0051932)",1.7963126045531794,0.19643710553646088,14
Detection Of Chemical Stimulus Involved In Sensory Perception Of Bitter Taste (GO:0001580),1.7925851106348984,0.0,41
Axonemal Dynein Complex Assembly (GO:0070286),1.7771016874637857,0.2679375410079956,37
Spinal Cord Development (GO:0021510),1.7712223004940038,0.2720797657966614,12
Sulfur Amino Acid Biosynthetic Process (GO:0000097),1.7587652438907688,0.0,7
Endocardial Cushion Development (GO:0003197),1.7571864213836188,0.15961891412734985,23
Detection Of Chemical Stimulus Involved In Sensory Perception Of Taste (GO:0050912),1.7464225880955337,0.0,45
Negative Regulation Of Myoblast Differentiation (GO:0045662),1.7452174055041392,0.2727261781692505,13
Metanephric Nephron Tubule Development (GO:0072234),1.7450094148520339,0.11275564134120941,6
Establishment Of Planar Polarity (GO:0001736),1.7407885329749777,0.2727261781692505,7
Noradrenergic Neuron Differentiation (GO:0003357),1.7339870736122605,0.10504399985074997,6
Intraciliary Retrograde Transport (GO:0035721),1.7320077381722039,0.278095543384552,13
Long-Term Synaptic Potentiation (GO:0060291),1.725593580932107,0.0,20
Neurotransmitter-Gated Ion Channel Clustering (GO:0072578),1.7175911550565102,0.0,5
Anterior/Posterior Axis Specification (GO:0009948),1.7158764299309184,0.2417721450328827,20
Regulation Of Cilium Movement (GO:0003352),1.7048052007882213,0.35393857955932617,11
Cellular Response To Vascular Endothelial Growth Factor Stimulus (GO:0035924),1.7044278385344722,0.0,34
Regulation Of Vascular Associated Smooth Muscle Cell Migration (GO:1904752),1.7021300228947474,0.2799047529697418,12
Homocysteine Metabolic Process (GO:0050667),1.694101029499687,0.21380597352981567,9
Neural Tube Development (GO:0021915),1.6935195824699365,0.20604099333286285,17
Sensory Perception Of Chemical Stimulus (GO:0007606),1.690486765608176,0.0,110
Microtubule Bundle Formation (GO:0001578),1.687122145231713,0.0,51
Aspartate Family Amino Acid Biosynthetic Process (GO:0009067),1.6822584842235642,0.2299695760011673,7
Inner Dynein Arm Assembly (GO:0036159),1.6765525053560602,0.22397811710834503,14
Regulation Of Small GTPase Mediated Signal Transduction (GO:0051056),1.6645752283520172,0.0,118
Negative Regulation Of Gluconeogenesis (GO:0045721),1.6636635936747954,0.3284205496311188,15
Blood Vessel Endothelial Cell Migration (GO:0043534),1.660690239623885,0.2667597830295563,22
Skeletal System Morphogenesis (GO:0048705),1.6599032372461908,0.0,43
Midbrain Dopaminergic Neuron Differentiation (GO:1904948),1.659527210006909,0.3015846014022827,10
Negative Regulation Of Epidermal Cell Differentiation (GO:0045605),1.658583279252025,0.1672295182943344,6
Non-Motile Cilium Assembly (GO:1905515),1.657576272703468,0.2339611053466797,31
Positive Regulation Of Interleukin-5 Production (GO:0032754),1.6573536524695807,0.2823057472705841,6
Mesodermal Cell Fate Commitment (GO:0001710),1.6567731775409915,0.1672295182943344,5
Central Nervous System Neuron Differentiation (GO:0021953),1.655027885836482,0.17154771089553833,31
Cardiac Pacemaker Cell Development (GO:0060926),1.651058407315298,0.22817571461200714,6
Wnt Signaling Pathway (GO:0016055),1.6456606215582033,0.0,76
DNA Methylation (GO:0006306),1.6410533602306292,0.2560403347015381,20
Cell-Cell Signaling By Wnt (GO:0198738),1.6372266216726534,0.278095543384552,23
Detection Of Chemical Stimulus Involved In Sensory Perception (GO:0050907),1.6324685447252592,0.0,141
Negative Regulation Of Intracellular Steroid Hormone Receptor Signaling Pathway (GO:0033144),1.6267585026859601,0.1863284856081009,31
Cell Migration Involved In Sprouting Angiogenesis (GO:0002042),1.6256402378613326,0.39905598759651184,17
Myofibril Assembly (GO:0030239),1.6237098595625374,0.20129479467868805,46
DNA Alkylation (GO:0006305),1.617602896778257,0.27121737599372864,15
Ionotropic Glutamate Receptor Signaling Pathway (GO:0035235),1.6087350951930073,0.3398267924785614,12
Detection Of Chemical Stimulus Involved In Sensory Perception Of Smell (GO:0050911),1.607786706907747,0.0,139
Positive Regulation Of Vascular Permeability (GO:0043117),1.6061630931990958,0.3737137019634247,11
Pulmonary Valve Morphogenesis (GO:0003184),1.6014437559977865,0.3398267924785614,18
Intestinal Cholesterol Absorption (GO:0030299),1.5994982935616637,0.29823604226112366,9
Cilium Movement Involved In Cell Motility (GO:0060294),1.5962286732530253,0.36679697036743164,8
Type B Pancreatic Cell Differentiation (GO:0003309),1.5931056169131872,0.25147828459739685,8
Positive Regulation Of Potassium Ion Transmembrane Transporter Activity (GO:1901018),1.5924363607186243,0.35389742255210876,13
Regulation Of Cilium Beat Frequency (GO:0003356),1.5882967393865888,0.4065554141998291,7
Motile Cilium Assembly (GO:0044458),1.5868196574113158,0.3737137019634247,17
Regulation Of Cardiac Muscle Hypertrophy In Response To Stress (GO:1903242),1.5858999614724967,0.37722280621528625,6
Sarcomere Organization (GO:0045214),1.5832251574547773,0.2823057472705841,29
Metanephric Collecting Duct Development (GO:0072205),1.581154623357501,0.27787110209465027,5
Regulation Of Inositol Phosphate Biosynthetic Process (GO:0010919),1.5789862012192857,0.3774314224720001,6
Regulation Of Axon Guidance (GO:1902667),1.5787128153203724,0.37691500782966614,6
Regulation Of Long-Term Synaptic Depression (GO:1900452),1.5775803414253289,0.42120441794395447,9
Cellular Response To Iron Ion (GO:0071281),1.5747098032847964,0.4047681987285614,5
Neuron Fate Specification (GO:0048665),1.5694587463566139,0.3739262521266937,7
Fat Cell Differentiation (GO:0045444),1.5643345435829095,0.0,62
Mesenchyme Morphogenesis (GO:0072132),1.559371588849822,0.35393857955932617,18
Atrial Septum Morphogenesis (GO:0060413),1.5579625968758593,0.3737137019634247,10
Cell Differentiation In Hindbrain (GO:0021533),1.5576586257050329,0.3555956184864044,11
Response To Catecholamine (GO:0071869),1.5572783827147443,0.4030902683734894,5
Camera-Type Eye Morphogenesis (GO:0048593),1.5489362198595646,0.4517146348953247,9
Negative Regulation Of Humoral Immune Response Mediated By Circulating Immunoglobulin (GO:0002924),1.5451103067701455,0.39219048619270325,9
Pulmonary Valve Development (GO:0003177),1.5374698838495209,0.3398267924785614,20
Embryonic Axis Specification (GO:0000578),1.5367958998672144,0.34480980038642883,17
Regulation Of Endothelial Cell Chemotaxis To Fibroblast Growth Factor (GO:2000544),1.5341452332775365,0.4452214539051056,6
Regulation Of Retinoic Acid Receptor Signaling Pathway (GO:0048385),1.5338153318358403,0.42120441794395447,12
Cell-Cell Junction Maintenance (GO:0045217),1.5301231017411834,0.41700151562690735,12
Natural Killer Cell Differentiation (GO:0001779),1.5280896809552005,0.41125375032424927,7
Vocal Learning (GO:0042297),1.5270177353322725,0.35393857955932617,5
Imitative Learning (GO:0098596),1.5270177353322725,0.35393857955932617,5
Regulation Of Glucocorticoid Receptor Signaling Pathway (GO:2000322),1.5269357980498894,0.41700151562690735,6
Kidney Mesenchyme Development (GO:0072074),1.520608143876939,0.41125375032424927,7
mRNA Splice Site Recognition (GO:0006376),1.5181880712631783,0.3412106931209564,29
Adult Heart Development (GO:0007512),1.5174510440203397,0.4436149597167969,8
Regulation Of Relaxation Of Cardiac Muscle (GO:1901897),1.5162536434354024,0.41123655438423157,5
Sensory Perception Of Smell (GO:0007608),1.5102899478573817,0.0,230
Positive Regulation Of Vascular Associated Smooth Muscle Cell Migration (GO:1904754),1.5048238335196913,0.4668579697608948,7
Regulation Of Type B Pancreatic Cell Proliferation (GO:0061469),1.503567871993425,0.41125375032424927,5
Response To Heparin (GO:0071503),1.5023889892546698,0.4608517289161682,5
Anterior/Posterior Pattern Specification (GO:0009952),1.5020634489145344,0.2799047529697418,59
"Regulation Of Complement Activation, Classical Pathway (GO:0030450)",1.4999650555292412,0.46266311407089233,8
Negative Regulation Of cAMP-dependent Protein Kinase Activity (GO:2000480),1.4993456457069296,0.4237746000289917,7
Muscle Cell Fate Commitment (GO:0042693),1.4966044785435733,0.45756861567497253,9
Regulation Of Peptidyl-Lysine Acetylation (GO:2000756),1.4893638873493158,0.40574026107788086,10
Negative Regulation Of Hematopoietic Progenitor Cell Differentiation (GO:1901533),1.4870277599373456,0.4347810447216034,6
Commissural Neuron Axon Guidance (GO:0071679),1.4863009671989038,0.476031094789505,8
Muscle Tissue Morphogenesis (GO:0060415),1.486221060214781,0.4053729176521301,17
Sympathetic Nervous System Development (GO:0048485),1.4854973430154734,0.4442782998085022,15
Regulation Of Positive Chemotaxis (GO:0050926),1.4838704074605484,0.4452603757381439,7
Axonemal Central Apparatus Assembly (GO:1904158),1.4828314879636593,0.43525075912475586,5
Positive Regulation Of Voltage-Gated Potassium Channel Activity (GO:1903818),1.4776315290164914,0.4608517289161682,10
Glucosamine-Containing Compound Metabolic Process (GO:1901071),1.476554881054571,0.4482634961605072,14
Collecting Duct Development (GO:0072044),1.4744501361358326,0.4436149597167969,7
In Utero Embryonic Development (GO:0001701),1.472477913517214,0.35389742255210876,27
Negative Regulation Of Lipopolysaccharide-Mediated Signaling Pathway (GO:0031665),1.4717839108415762,0.45842620730400085,10
Positive Regulation Of Peptide Secretion (GO:0002793),1.4710686266350188,0.47893431782722473,8
Filopodium Assembly (GO:0046847),1.4708764108597479,0.4436149597167969,17
Establishment Of Chromosome Localization (GO:0051303),1.469077428643828,0.37122875452041626,14
Negative Regulation Of Meiotic Cell Cycle (GO:0051447),1.468513387015908,0.4608517289161682,5
Lysosomal Microautophagy (GO:0016237),1.4654266071923208,0.42848700284957886,11
Mesenchyme Development (GO:0060485),1.4625108262431932,0.4193548262119293,17
Determination Of Liver Left/Right Asymmetry (GO:0071910),1.4624862643714738,0.4922979176044464,5
Regulation Of Chaperone-Mediated Autophagy (GO:1904714),1.459659836412503,0.4905821979045868,7
Regulation Of cAMP-dependent Protein Kinase Activity (GO:2000479),1.4573730152354538,0.44280916452407837,13
Positive Regulation Of Protein Depolymerization (GO:1901881),1.4572750787368345,0.45256832242012024,10
Glandular Epithelial Cell Development (GO:0002068),1.4567426291871675,0.4482634961605072,6
Activation Of Transmembrane Receptor Protein Tyrosine Kinase Activity (GO:0007171),1.4559619068589953,0.4843078851699829,5
Learned Vocalization Behavior Or Vocal Learning (GO:0098598),1.4551335245807282,0.4053729176521301,8
Auditory Behavior (GO:0031223),1.4551335245807282,0.4053729176521301,8
Positive Regulation Of Mast Cell Activation (GO:0033005),1.454362553966015,0.5333067178726196,6
Positive Regulation Of Endothelial Cell Proliferation (GO:0001938),1.451597368463185,0.27434080839157104,77
Regulation Of Collateral Sprouting (GO:0048670),1.4502893250305795,0.4905821979045868,7
Female Gonad Development (GO:0008585),1.4495788832411214,0.46315234899520874,5
Type B Pancreatic Cell Development (GO:0003323),1.4490772885337804,0.4608517289161682,6
Embryonic Placenta Development (GO:0001892),1.4487804146072925,0.482477068901062,8
Histone Lysine Demethylation (GO:0070076),1.4487569078174907,0.5056926608085632,7
Mast Cell Degranulation (GO:0043303),1.446496906071786,0.4942812919616699,10
Mast Cell Activation Involved In Immune Response (GO:0002279),1.446496906071786,0.4942812919616699,10
Regulation Of Fatty Acid Oxidation (GO:0046320),1.4435929943073647,0.5123857259750366,16
Phosphatidylethanolamine Biosynthetic Process (GO:0006646),1.4420042052543989,0.4715416729450226,9
Positive Regulation Of Hemoglobin Biosynthetic Process (GO:0046985),1.4407575816142342,0.4762577414512634,5
Negative Regulation Of Androgen Receptor Signaling Pathway (GO:0060766),1.438678902819684,0.45256832242012024,14
Regulation Of Dendritic Spine Maintenance (GO:1902950),1.4378973179513366,0.5083181262016296,8
Regulation Of Flagellated Sperm Motility (GO:1901317),1.4356504505452699,0.46266311407089233,13
Neuronal Action Potential (GO:0019228),1.4325927543181227,0.4688079357147217,8
Regulation Of Phosphatase Activity (GO:0010921),1.432057260240037,0.45842620730400085,20
Cell Differentiation In Spinal Cord (GO:0021515),1.4307415883025656,0.4688079357147217,9
Intraciliary Transport Involved In Cilium Assembly (GO:0035735),1.4307173516352785,0.5068974494934082,6
Regulation Of Atrial Cardiac Muscle Cell Membrane Depolarization (GO:0060371),1.4295274704644272,0.4942812919616699,6
Determination Of Left/Right Symmetry (GO:0007368),1.4270816158690967,0.34480980038642883,45
Mitral Valve Morphogenesis (GO:0003183),1.427028415038232,0.5563315153121948,9
Chordate Embryonic Development (GO:0043009),1.4242746726673912,0.20963506400585175,59
Endothelial Cell Chemotaxis (GO:0035767),1.4226358474744338,0.5156614780426025,8
Extracellular Transport (GO:0006858),1.4224696250441187,0.46315234899520874,13
Platelet-Derived Growth Factor Receptor Signaling Pathway (GO:0048008),1.4223687614976042,0.47890403866767883,15
Response To Hepatocyte Growth Factor (GO:0035728),1.4175610262793896,0.4931194484233856,6
Cellular Response To Hepatocyte Growth Factor Stimulus (GO:0035729),1.4175610262793896,0.4931194484233856,6
Cardiac Right Ventricle Morphogenesis (GO:0003215),1.4153929812987627,0.5048110485076904,12
Vitamin A Metabolic Process (GO:0006776),1.410032244452669,0.5198087096214294,6
Negative Regulation Of Glial Cell Differentiation (GO:0045686),1.4090683740431384,0.5123857259750366,8
Calcitonin Family Receptor Signaling Pathway (GO:0097646),1.401499599693722,0.5563315153121948,6
Protein Localization To Cilium (GO:0061512),1.399760732845161,0.3737137019634247,40
"Negative Regulation Of Complement Activation, Classical Pathway (GO:0045959)",1.3987632568216786,0.5391645431518555,7
Olefinic Compound Biosynthetic Process (GO:0120255),1.3974203034215682,0.5575690269470215,7
Negative Regulation Of Cardiac Muscle Hypertrophy (GO:0010614),1.3972815812864432,0.45256832242012024,12
"Regulation Of Wound Healing, Spreading Of Epidermal Cells (GO:1903689)",1.3949703825449145,0.5211459994316101,7
Regulation Of Interleukin-5 Production (GO:0032674),1.3939566748467223,0.48861807584762573,12
Piecemeal Microautophagy Of The Nucleus (GO:0034727),1.3925321977145657,0.461830735206604,9
Adherens Junction Maintenance (GO:0034334),1.3894107843975647,0.5494529604911804,6
Positive Regulation Of Lipid Catabolic Process (GO:0050996),1.38861816548916,0.4768211841583252,20
Regulation Of Branching Involved In Ureteric Bud Morphogenesis (GO:0090189),1.3877052633059215,0.47893431782722473,14
Regulation Of Skeletal Muscle Contraction (GO:0014819),1.3875577888482744,0.5853398442268372,6
Lymphocyte Migration Into Lymphoid Organs (GO:0097021),1.387504716804995,0.5781972408294678,6
Glutamate Receptor Signaling Pathway (GO:0007215),1.386597631844413,0.45425623655319214,35
Heart Morphogenesis (GO:0003007),1.3763775696078642,0.34321653842926025,59
Positive Regulation Of Spindle Assembly (GO:1905832),1.3726347832347634,0.5798766016960144,6
Cell-Cell Adhesion Mediated By Cadherin (GO:0044331),1.367369880478978,0.46315234899520874,26
Positive Regulation Of Synapse Maturation (GO:0090129),1.3662140755038885,0.5266847610473633,8
Semaphorin-Plexin Signaling Pathway Involved In Neuron Projection Guidance (GO:1902285),1.3640303942414729,0.5332953333854675,12
Outer Dynein Arm Assembly (GO:0036158),1.3624326543676082,0.5495304465293884,21
Golgi To Plasma Membrane Protein Transport (GO:0043001),1.3618975503778985,0.47163429856300354,28
Cardiac Atrium Morphogenesis (GO:0003209),1.356519461249789,0.5211459994316101,18
Cell Surface Receptor Signaling Pathway Involved In Cell-Cell Signaling (GO:1905114),1.3549659469618462,0.4482634961605072,27
Cell Surface Receptor Signaling Pathway Involved In Heart Development (GO:0061311),1.3498651535436639,0.5265593528747559,16
Pituitary Gland Development (GO:0021983),1.3479843827395377,0.5591772794723511,6
Negative Regulation Of Centrosome Duplication (GO:0010826),1.3459512487885215,0.5727642774581909,10
Mesonephric Tubule Development (GO:0072164),1.3427798311679628,0.5090889930725098,16
Long-Term Synaptic Depression (GO:0060292),1.338871872382152,0.5829252004623413,6
Regulation Of Synapse Maturation (GO:0090128),1.3383121524445176,0.532558262348175,10
Coronary Vasculature Morphogenesis (GO:0060977),1.337812604260126,0.5847026705741882,7
Pericardium Development (GO:0060039),1.3340095765503877,0.5853398442268372,7
Antigen Processing And Presentation Of Peptide Antigen Via MHC Class Ib (GO:0002428),1.3320266865047963,0.5886600613594055,13
"Antigen Processing And Presentation Of Endogenous Peptide Antigen Via MHC Class I Via ER Pathway, TAP-independent (GO:0002486)",1.3320266865047963,0.5886600613594055,13
Antigen Processing And Presentation Of Endogenous Peptide Antigen Via MHC Class I Via ER Pathway (GO:0002484),1.3320266865047963,0.5886600613594055,13
Antigen Processing And Presentation Of Endogenous Peptide Antigen Via MHC Class Ib (GO:0002476),1.3320266865047963,0.5886600613594055,13
Negative Regulation Of Oligodendrocyte Differentiation (GO:0048715),1.3282869096884786,0.6043754816055298,6
Regulation Of SNARE Complex Assembly (GO:0035542),1.3276751315496078,0.5591772794723511,12
Presynaptic Active Zone Organization (GO:1990709),1.3249878046608783,0.615547776222229,5
Regulation Of Alpha-Beta T Cell Proliferation (GO:0046640),1.3239213330628397,0.5798766016960144,7
Positive Regulation Of Smoothened Signaling Pathway (GO:0045880),1.3235905819999993,0.47163429856300354,21
Proximal/Distal Pattern Formation (GO:0009954),1.322630135689167,0.5784835815429688,7
Notch Signaling Involved In Heart Development (GO:0061314),1.317702069387827,0.5770081281661987,10
Thyroid Gland Development (GO:0030878),1.3175916540001273,0.5866777300834656,7
Protein Heterooligomerization (GO:0051291),1.3171671118913746,0.5271795392036438,19
mRNA 5'-Splice Site Recognition (GO:0000395),1.3169973099956318,0.5829252004623413,5
Regulation Of Striated Muscle Cell Differentiation (GO:0051153),1.3165286879707052,0.5847026705741882,6
Cell Chemotaxis (GO:0060326),1.316117713838158,0.46141982078552246,50
Artery Morphogenesis (GO:0048844),1.3156133477070955,0.461830735206604,30
Regulation Of Histone Deacetylase Activity (GO:1901725),1.3152661496477362,0.6041141748428345,5
Regulation Of Potassium Ion Export Across Plasma Membrane (GO:1903764),1.315099475515785,0.6014252305030823,6
G Protein-Coupled Serotonin Receptor Signaling Pathway (GO:0098664),1.3144355538347792,0.5829252004623413,9
Glomerular Epithelial Cell Differentiation (GO:0072311),1.3132759060664596,0.5847026705741882,5
Renal Filtration Cell Differentiation (GO:0061318),1.3132759060664596,0.5847026705741882,5
Atrioventricular Valve Morphogenesis (GO:0003181),1.3125983225151,0.5270646810531616,19
Epithelial Cilium Movement Involved In Determination Of Left/Right Asymmetry (GO:0060287),1.3114557157045708,0.614517331123352,9
Respiratory Tube Development (GO:0030323),1.3107887967755911,0.48861807584762573,27
Tongue Development (GO:0043586),1.308849550358009,0.578101634979248,5
Regulation Of Centriole Replication (GO:0046599),1.3087202640103734,0.5354772210121155,19
Cardiac Ventricle Development (GO:0003231),1.3058941308152971,0.5538640022277832,19
Negative Regulation Of Mast Cell Activation (GO:0033004),1.3010981720699517,0.6328195333480835,5
Heart Looping (GO:0001947),1.2996774964267106,0.47779861092567444,38
Neuron Projection Regeneration (GO:0031102),1.2996184397479242,0.5798332691192627,9
Regulation Of Androgen Receptor Signaling Pathway (GO:0060765),1.2991365999586932,0.4688079357147217,27
Positive Regulation Of Excitatory Postsynaptic Potential (GO:2000463),1.2968854399083327,0.5162162184715271,22
Axon Regeneration (GO:0031103),1.2936842955626877,0.5942592024803162,9
Determination Of Heart Left/Right Asymmetry (GO:0061371),1.2935836436501007,0.44662970304489136,42
SMAD Protein Signal Transduction (GO:0060395),1.2923798104021922,0.461830735206604,51
Positive Regulation Of Triglyceride Catabolic Process (GO:0010898),1.291870719212223,0.6188998818397522,6
Positive Regulation Of Fatty Acid Beta-Oxidation (GO:0032000),1.2910451417514934,0.610654354095459,8
Xenobiotic Transport Across Blood-Brain Barrier (GO:1990962),1.290817615772971,0.6289501190185547,5
Regulation Of Blood-Brain Barrier Permeability (GO:1905603),1.290228321269938,0.6188998818397522,6
Vasculogenesis (GO:0001570),1.2887194324004563,0.47779861092567444,33
Placenta Blood Vessel Development (GO:0060674),1.286377511792284,0.6087825298309326,6
Positive Regulation Of Phospholipid Biosynthetic Process (GO:0071073),1.2848652811144696,0.614517331123352,6
Thyroid Hormone Generation (GO:0006590),1.2843333895422395,0.5918066501617432,10
Regulation Of Cell-Cell Adhesion Involved In Gastrulation (GO:0070587),1.279476804087216,0.5942592024803162,9
Negative Regulation Of Heterotypic Cell-Cell Adhesion (GO:0034115),1.279476804087216,0.5942592024803162,9
"Neurotransmitter Receptor Transport, Postsynaptic Endosome To Lysosome (GO:0098943)",1.276151781238037,0.6410415768623352,6
Mast Cell Mediated Immunity (GO:0002448),1.2758273285476895,0.5798766016960144,11
Heart Trabecula Formation (GO:0060347),1.274268041163931,0.6087825298309326,6
Negative Regulation Of Fatty Acid Oxidation (GO:0046322),1.2736416514889386,0.615547776222229,7
Negative Regulation Of p38MAPK Cascade (GO:1903753),1.2687280659771125,0.6087825298309326,6
Transepithelial Transport (GO:0070633),1.2686441259889751,0.5591772794723511,17
"Regulation Of CD8-positive, Alpha-Beta T Cell Activation (GO:2001185)",1.265865173903339,0.6379280090332031,9
Late Nucleophagy (GO:0044805),1.2640668320843216,0.615547776222229,7
Lung Development (GO:0030324),1.2636003138654845,0.5157339572906494,33
Host-Mediated Regulation Of Intestinal Microbiota Composition (GO:0048874),1.2596640848165712,0.6362832188606262,6
Positive Regulation Of Branching Involved In Ureteric Bud Morphogenesis (GO:0090190),1.2582009210372207,0.5847026705741882,11
Embryonic Heart Tube Morphogenesis (GO:0003143),1.2562484640427471,0.5591772794723511,42
Negative Regulation Of Small Molecule Metabolic Process (GO:0062014),1.2556262447640911,0.5354772210121155,33
Endocardial Cushion Morphogenesis (GO:0003203),1.2541956981406002,0.588314950466156,21
Sympathetic Ganglion Development (GO:0061549),1.2532108147621184,0.6188998818397522,8
Thiamine Transmembrane Transport (GO:0071934),1.2529622363422324,0.6568676829338074,5
Cell Migration Involved In Heart Development (GO:0060973),1.2523478819522844,0.6387054920196533,7
Peptidyl-Arginine Modification (GO:0018195),1.2482773860969776,0.6532173752784729,6
Axon Ensheathment In Central Nervous System (GO:0032291),1.2470967261739334,0.6380572319030762,7
Axon Extension Involved In Axon Guidance (GO:0048846),1.2413172464420954,0.6661566495895386,6
Neuron Projection Extension Involved In Neuron Projection Guidance (GO:1902284),1.2413172464420954,0.6661566495895386,6
Regulation Of Protein Glycosylation (GO:0060049),1.2412694647912268,0.6662827730178833,7
Sprouting Angiogenesis (GO:0002040),1.2400452800335147,0.5251374840736389,52
Amine Metabolic Process (GO:0009308),1.238854477414014,0.614517331123352,9
Positive Regulation Of Protein Maturation (GO:1903319),1.2355030010417247,0.6198444962501526,11
Cardiac Epithelial To Mesenchymal Transition (GO:0060317),1.2349126914289914,0.5833878517150879,19
Regulation Of Guanylate Cyclase Activity (GO:0031282),1.234764865105249,0.6717904210090637,5
Negative Regulation Of Cell Cycle (GO:0045786),1.234434148631452,0.44757819175720215,85
Positive Regulation Of Cardiac Muscle Cell Proliferation (GO:0060045),1.2326413935077154,0.6043422222137451,13
Sulfur Amino Acid Metabolic Process (GO:0000096),1.232398507869415,0.5866777300834656,17
SA Node Cell Action Potential (GO:0086015),1.231449488238886,0.6320262551307678,6
Establishment Of Protein Localization To Plasma Membrane (GO:0061951),1.2296532991978504,0.5617344975471497,38
Atrioventricular Valve Development (GO:0003171),1.229642390047051,0.641606867313385,13
Positive Regulation Of Synaptic Plasticity (GO:0031915),1.2283547232358114,0.6663457751274109,6
Amino-Acid Betaine Metabolic Process (GO:0006577),1.228148656089655,0.6545981764793396,6
Negative Regulation Of Developmental Growth (GO:0048640),1.2280327025147662,0.5617344975471497,31
Homologous Chromosome Pairing At Meiosis (GO:0007129),1.2276798009188432,0.5424514412879944,30
Atrial Septum Development (GO:0003283),1.2265827231187,0.6189515590667725,13
Adenylate Cyclase-Inhibiting Serotonin Receptor Signaling Pathway (GO:0007198),1.221911947564626,0.6806970834732056,6
Regulation Of Cardiac Muscle Hypertrophy (GO:0010611),1.2218227154470667,0.5798766016960144,23
Cellular Response To BMP Stimulus (GO:0071773),1.2217404875683877,0.5409451127052307,66
Regulation Of NK T Cell Activation (GO:0051133),1.2216234352955446,0.6898844242095947,5
Methionine Metabolic Process (GO:0006555),1.219314609742003,0.6649557948112488,7
Regulation Of Potassium Ion Transmembrane Transporter Activity (GO:1901016),1.2191074999621745,0.5861142873764038,26
Protein Heterotetramerization (GO:0051290),1.2181355950055124,0.6284684538841248,12
Fat-Soluble Vitamin Catabolic Process (GO:0042363),1.2130569761622352,0.6444530487060547,8
Cilium Organization (GO:0044782),1.2113768778508804,0.0,228
Peripheral Nervous System Axon Ensheathment (GO:0032292),1.2086562748086087,0.6568676829338074,8
Schwann Cell Development (GO:0014044),1.2086562748086087,0.6568676829338074,8
Positive Regulation Of RNA Binding (GO:1905216),1.2079605026317077,0.682529628276825,6
Regulation Of Excitatory Synapse Assembly (GO:1904889),1.2066563975775455,0.6746582388877869,5
Negative Regulation Of Cold-Induced Thermogenesis (GO:0120163),1.2059323508120505,0.4942812919616699,46
Cellular Response To Gonadotropin Stimulus (GO:0071371),1.2046333181026712,0.6774000525474548,6
Digestive Tract Development (GO:0048565),1.203064290427739,0.5833878517150879,39
Nuclear-Transcribed mRNA poly(A) Tail Shortening (GO:0000289),1.2011293829059086,0.6128007769584656,20
Regulation Of Heterotypic Cell-Cell Adhesion (GO:0034114),1.2011285280093118,0.588314950466156,24
Regulation Of Cell-Cell Adhesion Mediated By Cadherin (GO:2000047),1.1998842563582715,0.6014252305030823,18
Activation Of GTPase Activity (GO:0090630),1.1979246789563058,0.4482634961605072,102
Cell-Cell Junction Organization (GO:0045216),1.1965488471201278,0.5591772794723511,68
Canonical Wnt Signaling Pathway (GO:0060070),1.1963936886813322,0.4720211923122406,65
TORC2 Signaling (GO:0038203),1.193644519973682,0.702702522277832,5
Neuromuscular Junction Development (GO:0007528),1.1929701938733646,0.588314950466156,24
Negative Regulation Of Sodium Ion Transmembrane Transport (GO:1902306),1.1929504357274556,0.65782231092453,9
Positive Regulation Of Substrate Adhesion-Dependent Cell Spreading (GO:1900026),1.191579261004125,0.5781972408294678,35
Positive Regulation Of Epithelial Tube Formation (GO:1905278),1.190831289929106,0.6725678443908691,7
Regulation Of Cell Adhesion Molecule Production (GO:0060353),1.1898082554126594,0.693192183971405,6
Response To Leptin (GO:0044321),1.1883849961618804,0.6568676829338074,8
Muscle Organ Development (GO:0007517),1.1867106424826137,0.5156930685043335,58
Vasculature Development (GO:0001944),1.1866353074171665,0.6329659819602966,16
Cilium Disassembly (GO:0061523),1.185081051005104,0.715957760810852,5
Cellular Response To Fluid Shear Stress (GO:0071498),1.184242922220621,0.6649873852729797,11
Cellular Response To Peptide Hormone Stimulus (GO:0071375),1.1837495290387237,0.46315234899520874,89
Oligodendrocyte Differentiation (GO:0048709),1.182477649294738,0.6220275163650513,19
Negative Regulation Of Actin Filament Depolymerization (GO:0030835),1.1821324274626888,0.7138052582740784,5
Regulation Of Hydrolase Activity (GO:0051336),1.1794096813471557,0.4905821979045868,71
Positive Regulation Of Fatty Acid Metabolic Process (GO:0045923),1.1793209666798743,0.6296112537384033,17
Internal Protein Amino Acid Acetylation (GO:0006475),1.1792948161025525,0.6798213720321655,8
Postsynaptic Membrane Organization (GO:0001941),1.1772416638667083,0.615547776222229,17
Bone Morphogenesis (GO:0060349),1.177025807069173,0.6391431093215942,14
Neuron Migration (GO:0001764),1.176483400147343,0.5784835815429688,55
Regulation Of Hippo Signaling (GO:0035330),1.175541834276898,0.615547776222229,25
Microtubule-Based Transport (GO:0099111),1.1754444451745971,0.6410415768623352,13
Regulation Of ATPase-coupled Calcium Transmembrane Transporter Activity (GO:1901894),1.174609094610125,0.6795425415039062,7
Left/Right Pattern Formation (GO:0060972),1.1741034096950478,0.6284684538841248,32
Cellular Response To Monoamine Stimulus (GO:0071868),1.1738308970479616,0.6872228384017944,6
Vascular Endothelial Growth Factor Signaling Pathway (GO:0038084),1.1731196438731952,0.6428248286247253,14
BMP Signaling Pathway (GO:0030509),1.17121158804592,0.6188998818397522,61
Response To Nutrient Levels (GO:0031667),1.1705105523744934,0.615547776222229,35
Positive Regulation Of Deacetylase Activity (GO:0090045),1.1683550006638637,0.677509069442749,6
Organelle Disassembly (GO:1903008),1.1680073647490936,0.5101742744445801,54
Negative Regulation Of Synaptic Transmission (GO:0050805),1.1678754225861707,0.6156571507453918,15
Positive Regulation Of Regulated Secretory Pathway (GO:1903307),1.1668101191503593,0.6532173752784729,12
Positive Regulation Of Mitochondrial Membrane Potential (GO:0010918),1.1665004526985492,0.7072779536247253,5
Regulation Of Hemoglobin Biosynthetic Process (GO:0046984),1.166142639949018,0.7097963690757751,6
Ganglion Development (GO:0061548),1.1647379021996391,0.6622740030288696,11
Golgi Disassembly (GO:0090166),1.1647044489124085,0.6985489726066589,5
Negative Regulation Of Cytoplasmic Translation (GO:2000766),1.1625052369904862,0.6943183541297913,8
"Heparan Sulfate Proteoglycan Biosynthetic Process, Enzymatic Modification (GO:0015015)",1.1620049987803989,0.679671585559845,10
Respiratory System Development (GO:0060541),1.1615968687500529,0.6189814805984497,32
Positive Regulation Of CREB Transcription Factor Activity (GO:0032793),1.1615452759437936,0.6368348002433777,18
Response To Manganese Ion (GO:0010042),1.1613441038632166,0.6918843388557434,5
Regulation Of DNA Biosynthetic Process (GO:2000278),1.1599994986074924,0.6087825298309326,34
"Synaptic Transmission, Dopaminergic (GO:0001963)",1.1592067578626353,0.7027497291564941,6
Response To Platelet-Derived Growth Factor (GO:0036119),1.1580887648132687,0.6806797385215759,9
Glucuronate Metabolic Process (GO:0019585),1.1569141799035592,0.657218873500824,15
Cellular Glucuronidation (GO:0052695),1.1569141799035592,0.657218873500824,15
Regulation Of ERAD Pathway (GO:1904292),1.1566138807664905,0.7008940577507019,10
Epithelial To Mesenchymal Transition Involved In Endocardial Cushion Formation (GO:0003198),1.1563714485875283,0.703865647315979,8
Negative Regulation Of Centriole Replication (GO:0046600),1.154724658217103,0.7153558135032654,6
Gastrulation (GO:0007369),1.1546938774991704,0.657218873500824,19
Self Proteolysis (GO:0097264),1.1546560660513365,0.6514740586280823,11
Valine Metabolic Process (GO:0006573),1.15425330525492,0.7086442708969116,5
Embryo Development Ending In Birth Or Egg Hatching (GO:0009792),1.1541007596124928,0.6532173752784729,17
Regulation Of Delayed Rectifier Potassium Channel Activity (GO:1902259),1.153020632263421,0.6740583777427673,17
Cilium Assembly (GO:0060271),1.1524653529884055,0.0,243
Potassium Ion Homeostasis (GO:0055075),1.152437125980406,0.615547776222229,23
Limb Development (GO:0060173),1.1512997139568746,0.6468449831008911,28
Positive Regulation Of Long-Term Synaptic Potentiation (GO:1900273),1.1507079726643301,0.6416633725166321,14
Positive Regulation Of Male Gonad Development (GO:2000020),1.1504668354097753,0.6992771625518799,5
Positive Regulation Of Gonad Development (GO:1905941),1.1504668354097753,0.6992771625518799,5
cAMP-mediated Signaling (GO:0019933),1.1503454300737856,0.6087825298309326,26
Regulation Of Respiratory Gaseous Exchange (GO:0043576),1.1500988209934626,0.7086219191551208,6
Digestive System Development (GO:0055123),1.1481703674011803,0.687494158744812,11
Cyclic-Nucleotide-Mediated Signaling (GO:0019935),1.1480302361056651,0.5829252004623413,40
Cardiac Atrium Development (GO:0003230),1.147258026501745,0.692746102809906,7
Regulation Of Histone Modification (GO:0031056),1.147190053763671,0.6416578888893127,18
Response To Potassium Ion (GO:0035864),1.145806246208883,0.7030921578407288,7
Cellular Response To Potassium Ion (GO:0035865),1.145806246208883,0.7030921578407288,7
Regulation Of Feeding Behavior (GO:0060259),1.145261281065149,0.6661566495895386,14
Peptidyl-Tyrosine Dephosphorylation Involved In Inactivation Of Protein Kinase Activity (GO:1990264),1.1443974362400455,0.717016875743866,7
Negative Regulation Of B Cell Apoptotic Process (GO:0002903),1.143824125928181,0.6742398142814636,7
Regulation Of Microtubule Cytoskeleton Organization (GO:0070507),1.142410867858117,0.6156571507453918,40
Protein Polyglutamylation (GO:0018095),1.1421070584709974,0.676365315914154,11
Endothelial Cell Differentiation (GO:0045446),1.141111365739319,0.6898844242095947,13
Regulation Of Respiratory System Process (GO:0044065),1.1391272675697073,0.7326054573059082,6
Maintenance Of Lens Transparency (GO:0036438),1.1388177548028033,0.715957760810852,6
Negative Regulation Of Astrocyte Differentiation (GO:0048712),1.1383295173358254,0.7310558557510376,5
HALLMARK_NOTCH_SIGNALING,1.137244788017842,0.6387578248977661,32
Establishment Of Centrosome Localization (GO:0051660),1.1360634980616666,0.7046909332275391,7
Monoamine Transport (GO:0015844),1.1349690586460766,0.6729604601860046,10
Golgi To Plasma Membrane Transport (GO:0006893),1.1329559056177156,0.615547776222229,47
Determination Of Bilateral Symmetry (GO:0009855),1.1314374876085385,0.6795425415039062,28
Positive Regulation Of Stem Cell Proliferation (GO:2000648),1.130812804775808,0.682529628276825,16
Regulation Of Long-Term Neuronal Synaptic Plasticity (GO:0048169),1.1303233380731463,0.6964707374572754,10
Nucleus Organization (GO:0006997),1.129510809493758,0.6532173752784729,44
Positive Regulation Of Vasoconstriction (GO:0045907),1.129234491385589,0.7086219191551208,12
Negative Regulation Of Heterochromatin Formation (GO:0031452),1.1287523784329354,0.7326054573059082,5
Lung Epithelium Development (GO:0060428),1.128344564530195,0.702702522277832,9
Regulation Of Epinephrine Secretion (GO:0014060),1.1279261641454061,0.7293516397476196,5
Prostaglandin Transport (GO:0015732),1.1258149621386548,0.7138052582740784,10
Focal Adhesion Assembly (GO:0048041),1.1257090897174575,0.6547806859016418,21
Negative Regulation Of Rho Protein Signal Transduction (GO:0035024),1.1253645406509027,0.6898844242095947,17
Regulation Of pro-B Cell Differentiation (GO:2000973),1.1245213486857477,0.7294438481330872,5
Establishment Or Maintenance Of Apical/Basal Cell Polarity (GO:0035088),1.1240246436214363,0.641575813293457,26
Regulation Of Meiotic Cell Cycle (GO:0051445),1.123393049930158,0.6758270859718323,20
Mitral Valve Development (GO:0003174),1.1226921025135015,0.7147752642631531,7
Synaptic Vesicle Docking (GO:0016081),1.121077414566206,0.7246904373168945,6
Regulation Of calcineurin-NFAT Signaling Cascade (GO:0070884),1.1176273223069269,0.6661566495895386,34
Pathway-Restricted SMAD Protein Phosphorylation (GO:0060389),1.1171533184995717,0.6898844242095947,14
Inositol Lipid-Mediated Signaling (GO:0048017),1.1147129701621892,0.6470485329627991,33
Adult Feeding Behavior (GO:0008343),1.112438204006479,0.7251328825950623,6
Negative Regulation Of Sodium Ion Transmembrane Transporter Activity (GO:2000650),1.1123354270873367,0.6942090392112732,10
Negative Regulation Of Carbohydrate Metabolic Process (GO:0045912),1.1119464196290083,0.6914818286895752,30
Positive Regulation Of Smooth Muscle Cell Migration (GO:0014911),1.1114211310030522,0.7138052582740784,16
Regulation Of Hair Cycle (GO:0042634),1.1100226002913487,0.715957760810852,9
Detection Of Mechanical Stimulus (GO:0050982),1.1085567097237243,0.7184820175170898,18
Negative Regulation Of Relaxation Of Muscle (GO:1901078),1.1074407924049703,0.7480694651603699,5
Sinoatrial Node Development (GO:0003163),1.1072797145032727,0.7246904373168945,7
Cardiac Muscle Cell Myoblast Differentiation (GO:0060379),1.106594322365823,0.7294996976852417,6
Fc-epsilon Receptor Signaling Pathway (GO:0038095),1.1050421589708275,0.6898844242095947,22
Serotonin Uptake (GO:0051610),1.103989939520236,0.7097555994987488,8
Neurotransmitter Reuptake (GO:0098810),1.103989939520236,0.7097555994987488,8
Potassium Ion Import Across Plasma Membrane (GO:1990573),1.1035152345923374,0.6637011170387268,42
Actomyosin Structure Organization (GO:0031032),1.1017849937420527,0.6563388109207153,77
Cardiac Muscle Tissue Morphogenesis (GO:0055008),1.0991546892757924,0.682529628276825,31
Amylin Receptor Signaling Pathway (GO:0097647),1.0990474626184221,0.7344091534614563,5
Negative Regulation Of Actin Filament Bundle Assembly (GO:0032232),1.0987918818470144,0.6899721026420593,28
Spliceosomal tri-snRNP Complex Assembly (GO:0000244),1.0986168933487452,0.7066863179206848,13
Metanephros Development (GO:0001656),1.098182519225931,0.7084029316902161,25
Negative Regulation Of calcineurin-NFAT Signaling Cascade (GO:0070885),1.0959654323614059,0.7138052582740784,11
Negative Regulation Of Calcineurin-Mediated Signaling (GO:0106057),1.0959654323614059,0.7138052582740784,11
Hepatocyte Growth Factor Receptor Signaling Pathway (GO:0048012),1.0954116145048065,0.7184820175170898,6
Positive Regulation Of Protein Localization To Cilium (GO:1903566),1.0945667241362287,0.739228367805481,5
Negative Regulation Of Morphogenesis Of An Epithelium (GO:1905331),1.092418442915645,0.7547560334205627,5
Cardioblast Differentiation (GO:0010002),1.0909930766725395,0.7292408347129822,8
Regulation Of B Cell Apoptotic Process (GO:0002902),1.0909867891650196,0.7246904373168945,10
Cell Junction Assembly (GO:0034329),1.090383426071021,0.5866777300834656,95
Cardiac Muscle Cell Development (GO:0055013),1.089872711042626,0.7086442708969116,26
Signal Release From Synapse (GO:0099643),1.0866573882621546,0.677509069442749,38
Regulation Of Glucan Biosynthetic Process (GO:0010962),1.0856772642771224,0.7211728692054749,8
Positive Regulation Of Inositol Phosphate Biosynthetic Process (GO:0060732),1.0850961996934143,0.7248817086219788,8
Aortic Valve Development (GO:0003176),1.0825363088912878,0.6746582388877869,40
Transcription-Dependent Tethering Of RNA Polymerase II Gene DNA At Nuclear Periphery (GO:0000972),1.0824170735006775,0.7269324660301208,6
poly-N-acetyllactosamine Metabolic Process (GO:0030309),1.0812211572583525,0.75017249584198,5
SNARE Complex Assembly (GO:0035493),1.0801136950846693,0.7166842818260193,9
Ureteric Bud Development (GO:0001657),1.0798520409809058,0.7138052582740784,18
Protein Deubiquitination (GO:0016579),1.0793319419472487,0.610654354095459,112
Insulin-Like Growth Factor Receptor Signaling Pathway (GO:0048009),1.079196034132817,0.7326054573059082,10
Postsynaptic Neurotransmitter Receptor Diffusion Trapping (GO:0098970),1.0783374495678895,0.7251922488212585,7
Neurotransmitter Receptor Diffusion Trapping (GO:0099628),1.0783374495678895,0.7251922488212585,7
Establishment Of Protein Localization To Vacuole (GO:0072666),1.0759336405817743,0.6857588291168213,27
Positive Regulation Of Phosphatidylinositol 3-Kinase Activity (GO:0043552),1.0747752510678847,0.7072341442108154,26
AMP Metabolic Process (GO:0046033),1.0732518147654622,0.7251922488212585,11
Ventricular Septum Development (GO:0003281),1.0722940277765693,0.6898844242095947,37
Positive Regulation Of Cardiac Muscle Tissue Growth (GO:0055023),1.0694507468002872,0.7046909332275391,16
Positive Regulation Of Lymphocyte Chemotaxis (GO:0140131),1.0668806735804741,0.7231723070144653,17
Negative Regulation Of Monoatomic Ion Transport (GO:0043271),1.0657482574633743,0.7246904373168945,18
Negative Regulation Of Protein Depolymerization (GO:1901880),1.0637827675916929,0.7638666033744812,23
Regulation Of Endothelial Cell Proliferation (GO:0001936),1.0632853554823607,0.7098284959793091,93
Serotonin Transport (GO:0006837),1.0627964574363356,0.7414490580558777,9
Negative Regulation Of Dendritic Spine Development (GO:0061000),1.0597828695691314,0.7606719136238098,6
Positive Regulation Of Cell Migration By Vascular Endothelial Growth Factor Signaling Pathway (GO:0038089),1.0593414363138653,0.7311147451400757,7
Negative Regulation Of miRNA Transcription (GO:1902894),1.05863135766428,0.7097963690757751,20
Regulation Of Cardiac Muscle Cell Proliferation (GO:0060043),1.0568359567529237,0.7246904373168945,20
Neuromuscular Synaptic Transmission (GO:0007274),1.0553946899401359,0.7571446895599365,18
Locomotor Rhythm (GO:0045475),1.0546983240826362,0.7383937835693359,6
Nuclear Envelope Organization (GO:0006998),1.05353351440278,0.7251328825950623,17
Nucleobase Transport (GO:0015851),1.0534486426848948,0.7600107192993164,5
Positive Regulation Of Alcohol Biosynthetic Process (GO:1902932),1.053359249608323,0.7528734803199768,12
Protein Deglycosylation (GO:0006517),1.052243626287374,0.754651665687561,7
Regulation Of Mitotic Spindle Checkpoint (GO:1903504),1.0512119147286867,0.7733253240585327,5
Cellular Response To Forskolin (GO:1904322),1.051206384008861,0.7430127263069153,10
Response To Forskolin (GO:1904321),1.051206384008861,0.7430127263069153,10
Positive Regulation Of Peptidyl-Lysine Acetylation (GO:2000758),1.0512044462664754,0.7326054573059082,17
Vascular Associated Smooth Muscle Cell Development (GO:0097084),1.0486026050273272,0.7660109996795654,6
Vesicle-Mediated Transport In Synapse (GO:0099003),1.0475716966162776,0.7430127263069153,18
Retinoic Acid Receptor Signaling Pathway (GO:0048384),1.0468102114717543,0.7381642460823059,11
Semaphorin-Plexin Signaling Pathway Involved In Axon Guidance (GO:1902287),1.0465391293673665,0.7660467028617859,8
Regulation Of Tumor Necrosis Factor Superfamily Cytokine Production (GO:1903555),1.0456841467585494,0.7665743827819824,8
Negative Regulation Of Metabolic Process (GO:0009892),1.0452932260406573,0.7101086974143982,53
Atrioventricular Valve Formation (GO:0003190),1.0450326438050395,0.7953673005104065,6
Positive Regulation Of Natural Killer Cell Mediated Immune Response To Tumor Cell (GO:0002857),1.0447350036168934,0.7638666033744812,5
Positive Regulation Of Natural Killer Cell Mediated Cytotoxicity Directed Against Tumor Cell Target (GO:0002860),1.0447350036168934,0.7638666033744812,5
Positive Regulation Of BMP Signaling Pathway (GO:0030513),1.044730395368001,0.7219581604003906,24
Regulation Of Triglyceride Catabolic Process (GO:0010896),1.0440120197609934,0.7333428263664246,10
Positive Regulation Of Lipid Metabolic Process (GO:0045834),1.0402797662757874,0.7246904373168945,24
ATF6-mediated Unfolded Protein Response (GO:0036500),1.0389386852575102,0.7807468175888062,6
Autophagy Of Nucleus (GO:0044804),1.0375446638161738,0.7251922488212585,18
DNA-templated Transcription Termination (GO:0006353),1.036942294596579,0.7463220357894897,16
Positive Regulation Of Metaphase/Anaphase Transition Of Cell Cycle (GO:1902101),1.0348562948788396,0.7612369060516357,11
Positive Regulation Of Mitotic Metaphase/Anaphase Transition (GO:0045842),1.0348562948788396,0.7612369060516357,11
Positive Regulation Of Cilium Assembly (GO:0045724),1.0348357726283548,0.7231723070144653,22
Chloride Transmembrane Transport (GO:1902476),1.0334710301551921,0.7219581604003906,48
Regulation Of Retinal Ganglion Cell Axon Guidance (GO:0090259),1.0312035060056324,0.7954471707344055,5
Neural Tube Closure (GO:0001843),1.0294859845895257,0.738273561000824,32
Regulation Of Actin Filament Depolymerization (GO:0030834),1.0294304550282989,0.75606369972229,11
Negative Regulation Of Ossification (GO:0030279),1.024308712332205,0.7419533729553223,24
Aldehyde Biosynthetic Process (GO:0046184),1.0239700909068512,0.7954471707344055,6
Negative Regulation Of Axon Regeneration (GO:0048681),1.0219529802441858,0.78052818775177,5
Ketone Biosynthetic Process (GO:0042181),1.0215797166201797,0.7733253240585327,9
"Negative Regulation Of Gene Expression, Epigenetic (GO:0045814)",1.0215218296827615,0.7753721475601196,51
Brain Morphogenesis (GO:0048854),1.0214797091897099,0.7698482871055603,11
Brown Fat Cell Differentiation (GO:0050873),1.0208466648266932,0.7660467028617859,8
Golgi Inheritance (GO:0048313),1.0199857288161396,0.7802917957305908,9
Negative Regulation Of miRNA Metabolic Process (GO:2000629),1.0196641283752226,0.7414490580558777,21
Cellular Response To Leptin Stimulus (GO:0044320),1.0179128196818803,0.7790111899375916,7
Sulfation (GO:0051923),1.0161540422834758,0.7599124908447266,16
Alditol Metabolic Process (GO:0019400),1.0160494563237608,0.7661092877388,7
Actin Filament Reorganization (GO:0090527),1.0150891169512382,0.7964956760406494,6
Regulation Of Glycogen Metabolic Process (GO:0070873),1.0150439722112559,0.7638666033744812,11
Negative Regulation Of Microtubule Polymerization Or Depolymerization (GO:0031111),1.0131096573043599,0.7660109996795654,31
Non-Membrane-Bounded Organelle Assembly (GO:0140694),1.0117761075386176,0.7211728692054749,135
Mitochondrial Transcription (GO:0006390),1.0110617351928712,0.7733253240585327,12
Natural Killer Cell Activation Involved In Immune Response (GO:0002323),1.0107092952848926,0.7638666033744812,22
Neurotransmitter Secretion (GO:0007269),1.0107041454997567,0.7591199278831482,43
G Protein-Coupled Receptor Internalization (GO:0002031),1.0097550902533867,0.7854659557342529,6
Microtubule Anchoring (GO:0034453),1.009448328098887,0.770710825920105,9
Cardiocyte Differentiation (GO:0035051),1.0089965015404245,0.7726927995681763,13
Negative Regulation Of Lymphocyte Apoptotic Process (GO:0070229),1.0082971262678848,0.7557001113891602,9
"Regulation Of CD8-positive, Alpha-Beta T Cell Proliferation (GO:2000564)",1.0078671399366055,0.7854659557342529,8
Negative Regulation Of Stem Cell Differentiation (GO:2000737),1.0074774302417617,0.7660109996795654,12
Heterochromatin Organization (GO:0070828),1.0037637724012114,0.7638666033744812,39
Peptidyl-Lysine Dimethylation (GO:0018027),1.0028604474479847,0.7964956760406494,9
T Cell Apoptotic Process (GO:0070231),1.0018149260654838,0.7973377704620361,7
Positive Regulation Of Myelination (GO:0031643),1.0015965600201262,0.7726927995681763,11
Maintenance Of Protein Location In Nucleus (GO:0051457),1.000144240726799,0.7746551632881165,18
Ventricular Septum Morphogenesis (GO:0060412),0.9995448350154067,0.8001525402069092,27
Response To Alkaloid (GO:0043279),0.9981668266090795,0.8064771294593811,6
Positive Regulation Of Osteoblast Proliferation (GO:0033690),0.9981356556698718,0.7973377704620361,5
HALLMARK_WNT_BETA_CATENIN_SIGNALING,0.9975471247701352,0.8064771294593811,42
Regulation Of Microtubule-Based Process (GO:0032886),0.9973706902180031,0.7783991694450378,41
Response To BMP (GO:0071772),0.9953111050476983,0.8064771294593811,23
Negative Regulation Of Hippo Signaling (GO:0035331),0.9944251416194926,0.7620907425880432,12
Epithelial Cilium Movement Involved In Extracellular Fluid Movement (GO:0003351),0.9935418659011227,0.7733253240585327,20
Response To Laminar Fluid Shear Stress (GO:0034616),0.9918495098353276,0.7964956760406494,9
Regulation Of Phospholipase C Activity (GO:1900274),0.9914103456212583,0.8064771294593811,11
Protein Localization To Nuclear Envelope (GO:0090435),0.9911981199822092,0.7854659557342529,9
Regulation Of Brown Fat Cell Differentiation (GO:0090335),0.9903405006986095,0.8080710768699646,17
cAMP Metabolic Process (GO:0046058),0.9896736780883769,0.7878636121749878,12
HALLMARK_KRAS_SIGNALING_DN,0.9886654788090224,0.9051366448402405,200
Negative Regulation Of Cardiac Muscle Tissue Growth (GO:0055022),0.9885528906601214,0.7983922958374023,5
Regulation Of Toll-Like Receptor 4 Signaling Pathway (GO:0034143),0.9876812337731222,0.7660467028617859,23
Ventricular Trabecula Myocardium Morphogenesis (GO:0003222),0.9863908647258639,0.794610857963562,7
Mesoderm Morphogenesis (GO:0048332),0.986246252252164,0.7622644901275635,12
Regulation Of Histone Acetylation (GO:0035065),0.9853888354413184,0.7897557020187378,22
Regulation Of Protein Localization To Cell Cortex (GO:1904776),0.9838903668284193,0.7983922958374023,7
Regulation Of Nuclear-Transcribed mRNA poly(A) Tail Shortening (GO:0060211),0.9809625098935906,0.7805176973342896,14
Aorta Development (GO:0035904),0.9801937196646247,0.8155723214149475,14
Positive Regulation Of Nervous System Process (GO:0031646),0.9787352015635414,0.7925743460655212,18
Regulation Of Mitotic Sister Chromatid Separation (GO:0010965),0.9778783996706697,0.8088200688362122,10
Nuclear Migration (GO:0007097),0.9774166815967648,0.8155723214149475,16
Positive Regulation Of Toll-Like Receptor 3 Signaling Pathway (GO:0034141),0.97738490874505,0.7837419509887695,6
Chemical Synaptic Transmission (GO:0007268),0.9760264563485755,0.9295480847358704,273
Cardiac Ventricle Morphogenesis (GO:0003208),0.9741863268703703,0.7806079983711243,42
Regulation Of Organ Growth (GO:0046620),0.9734819224279316,0.7964956760406494,8
Regulation Of mRNA Polyadenylation (GO:1900363),0.9726106393348819,0.7953673005104065,10
Morphogenesis Of An Epithelial Sheet (GO:0002011),0.9721490405532097,0.7964956760406494,9
Negative Regulation Of G1/S Transition Of Mitotic Cell Cycle (GO:2000134),0.9718782556564565,0.8001682758331299,32
Plasminogen Activation (GO:0031639),0.9693889358257051,0.7953673005104065,8
Positive Regulation Of Axon Extension (GO:0045773),0.9679371293092678,0.7947235703468323,19
Response To Light Stimulus (GO:0009416),0.9665817952686382,0.8620902299880981,60
Muscle Cell Differentiation (GO:0042692),0.9661290809096739,0.8212229609489441,37
Desensitization Of G Protein-Coupled Receptor Signaling Pathway (GO:0002029),0.9643877855411754,0.8155723214149475,11
Vesicle Docking (GO:0048278),0.9630954469406231,0.8069242835044861,19
Forebrain Neuron Differentiation (GO:0021879),0.9628720836685735,0.8240369558334351,5
Nuclear Chromosome Segregation (GO:0098813),0.9627822874331683,0.808322548866272,16
Small GTPase Mediated Signal Transduction (GO:0007264),0.9617735618103821,0.8784013390541077,112
Regulation Of Glutamate Receptor Signaling Pathway (GO:1900449),0.9608534720408848,0.8308264017105103,5
Notch Signaling Pathway (GO:0007219),0.9595955838870827,0.8659676909446716,40
Pancreas Development (GO:0031016),0.9593076305534137,0.8187481760978699,14
Cell Junction Organization (GO:0034330),0.9574938881528932,0.8862829208374023,62
Peptidyl-Serine Autophosphorylation (GO:0036289),0.9572623585244793,0.8240369558334351,7
Positive Regulation Of Sodium Ion Transmembrane Transport (GO:1902307),0.955257343886764,0.8132957816123962,9
Regulation Of Phosphoprotein Phosphatase Activity (GO:0043666),0.9544079404176873,0.851467490196228,37
Regulation Of Hormone Biosynthetic Process (GO:0046885),0.9529827974010989,0.8446764349937439,5
Negative Regulation Of Glycolytic Process (GO:0045820),0.9528349773762693,0.8137553334236145,10
N-acetylglucosamine Metabolic Process (GO:0006044),0.9497923724792755,0.833855152130127,15
Postsynaptic Density Organization (GO:0097106),0.9489468673653385,0.8413556218147278,7
Modulation Of Excitatory Postsynaptic Potential (GO:0098815),0.9476850996747507,0.8772319555282593,31
Cardiac Cell Development (GO:0055006),0.9466582341180751,0.8248322606086731,14
Vacuole Organization (GO:0007033),0.9433890617171624,0.8202439546585083,6
Natural Killer Cell Degranulation (GO:0043320),0.9424880815145482,0.8428874015808105,5
Negative Regulation Of Alpha-Beta T Cell Activation (GO:0046636),0.9419426839499621,0.8474004864692688,10
Peptidyl-Tyrosine Autophosphorylation (GO:0038083),0.9415006624970356,0.8511982560157776,13
Positive Regulation Of Phospholipase Activity (GO:0010518),0.9414106407179574,0.8325811624526978,20
Positive Regulation Of calcineurin-NFAT Signaling Cascade (GO:0070886),0.9404905845810141,0.8446764349937439,19
Positive Regulation Of Calcineurin-Mediated Signaling (GO:0106058),0.9404905845810141,0.8446764349937439,19
Synaptonemal Complex Assembly (GO:0007130),0.9393753584245136,0.8285841345787048,14
Synaptonemal Complex Organization (GO:0070193),0.9393753584245136,0.8285841345787048,14
Positive Regulation Of Filopodium Assembly (GO:0051491),0.9375805284100321,0.8390979766845703,27
Positive Regulation Of Cell Migration Involved In Sprouting Angiogenesis (GO:0090050),0.9373087876620886,0.8413556218147278,16
Hemostasis (GO:0007599),0.9371405601080192,0.835192859172821,6
Regulation Of Axon Extension Involved In Axon Guidance (GO:0048841),0.936185403113981,0.8727498054504395,23
Hindlimb Morphogenesis (GO:0035137),0.9357265300764398,0.8456181883811951,6
Heart Trabecula Morphogenesis (GO:0061384),0.9356224045613314,0.8385618329048157,18
Primary Neural Tube Formation (GO:0014020),0.9356147578515042,0.8722738027572632,28
Keratan Sulfate Biosynthetic Process (GO:0018146),0.9351335304716092,0.8659676909446716,15
Negative Regulation Of Microtubule Depolymerization (GO:0007026),0.934807979058275,0.865622878074646,20
Positive Regulation Of Cell-Cell Adhesion Mediated By Cadherin (GO:2000049),0.9343594196519536,0.8446764349937439,8
Neuron Apoptotic Process (GO:0051402),0.9340237465619173,0.8398380279541016,19
Negative Regulation Of Cellular Metabolic Process (GO:0031324),0.9338851669149267,0.9004834294319153,46
Diacylglycerol Biosynthetic Process (GO:0006651),0.9338034526953296,0.8325811624526978,7
Regulation Of Platelet-Derived Growth Factor Receptor Signaling Pathway (GO:0010640),0.9337786979889008,0.8413556218147278,12
Negative Regulation Of Neuron Projection Development (GO:0010977),0.9336394093265772,0.8772319555282593,54
Tube Closure (GO:0060606),0.9336302656072599,0.8654344081878662,29
Response To Axon Injury (GO:0048678),0.9330393818801602,0.8448104858398438,18
Regulation Of Actin Filament-Based Movement (GO:1903115),0.9330356849305208,0.8588495850563049,9
Regulation Of Smoothened Signaling Pathway (GO:0008589),0.9329107336972617,0.8962542414665222,51
Determination Of Digestive Tract Left/Right Asymmetry (GO:0071907),0.9323960366860079,0.8573135733604431,6
Negative Regulation Of Activated T Cell Proliferation (GO:0046007),0.9317945463195842,0.8514567613601685,10
Smooth Muscle Cell Migration (GO:0014909),0.9280494526167289,0.842447817325592,6
Protein Localization To Ciliary Membrane (GO:1903441),0.9275737622252604,0.8514567613601685,6
Limb Morphogenesis (GO:0035108),0.9274942907948306,0.8620902299880981,20
Negative Regulation Of Cell-Cell Adhesion Mediated By Cadherin (GO:2000048),0.9258078188553995,0.8396285176277161,9
Aortic Valve Morphogenesis (GO:0003180),0.9257597352746815,0.8696861267089844,37
Regulation Of Gastrulation (GO:0010470),0.9241994785579482,0.8458420634269714,13
Negative Regulation Of Fatty Acid Metabolic Process (GO:0045922),0.9235788742805452,0.8721189498901367,19
Regulation Of Gene Expression By Genomic Imprinting (GO:0006349),0.9235199310743086,0.8525426387786865,10
Positive Regulation Of Actin Filament Depolymerization (GO:0030836),0.9233359701779194,0.833855152130127,10
Epithelial Cell Differentiation Involved In Kidney Development (GO:0035850),0.9232207867912527,0.8474004864692688,6
Negative Regulation Of Muscle Hypertrophy (GO:0014741),0.9222036395457717,0.8673353791236877,7
Nucleic Acid-Templated Transcription (GO:0097659),0.9216970396814189,0.8772319555282593,40
Monoacylglycerol Catabolic Process (GO:0052651),0.9215049373413997,0.8715044260025024,6
Embryonic Hindlimb Morphogenesis (GO:0035116),0.9209144298660854,0.8514593839645386,5
Adenylate Cyclase-Inhibiting G Protein-Coupled Acetylcholine Receptor Signaling Pathway (GO:0007197),0.9205846179592211,0.8514567613601685,7
Podocyte Differentiation (GO:0072112),0.9199159407876729,0.8496995568275452,11
Positive Regulation Of Mitotic Sister Chromatid Separation (GO:1901970),0.9195894710261013,0.8514567613601685,15
Axon Extension (GO:0048675),0.9193055045617065,0.8514567613601685,23
Glycerophospholipid Catabolic Process (GO:0046475),0.9191041257804334,0.8356024622917175,27
Regulation Of Tooth Mineralization (GO:0070170),0.9187800054167917,0.8300398588180542,5
Regulation Of Glycogen Biosynthetic Process (GO:0005979),0.9184032351582186,0.8884406089782715,25
Anoikis (GO:0043276),0.9172780882772483,0.8431788086891174,8
Adherens Junction Organization (GO:0034332),0.9163954397813806,0.8566650748252869,35
Spinal Cord Dorsal/Ventral Patterning (GO:0021513),0.915650191511239,0.8446764349937439,6
Negative Regulation Of TOR Signaling (GO:0032007),0.9144344777264566,0.9009673595428467,54
Negative Regulation Of Protein Kinase B Signaling (GO:0051898),0.9143639285583972,0.8816797733306885,36
Leukotriene D4 Metabolic Process (GO:1901748),0.9128101005830999,0.8514567613601685,11
Columnar/Cuboidal Epithelial Cell Differentiation (GO:0002065),0.912703101471132,0.8456181883811951,10
Cellular Response To Laminar Fluid Shear Stress (GO:0071499),0.9123927969634973,0.8472130298614502,6
Lymphatic Endothelial Cell Differentiation (GO:0060836),0.9109080173864643,0.8456181883811951,7
Fc Receptor Mediated Stimulatory Signaling Pathway (GO:0002431),0.9069990463401172,0.8592759370803833,22
Alpha-Amino Acid Metabolic Process (GO:1901605),0.9067494456255301,0.8817617297172546,29
Histone H4-K12 Acetylation (GO:0043983),0.9064568839620156,0.852396547794342,6
Cytoplasmic Microtubule Organization (GO:0031122),0.9063628156972677,0.8772319555282593,48
Positive Regulation Of Lipid Kinase Activity (GO:0090218),0.9062472201560553,0.8744237422943115,30
Positive Regulation Of T-helper 2 Cell Differentiation (GO:0045630),0.9050554666018713,0.8547631502151489,5
Regulation Of Gluconeogenesis (GO:0006111),0.9047853507012927,0.8858142495155334,31
Positive Regulation Of Interleukin-2 Production (GO:0032743),0.9041606960995349,0.8913244605064392,25
Negative Regulation Of Ras Protein Signal Transduction (GO:0046580),0.9039579121477324,0.8962542414665222,34
Positive Regulation Of Protein Localization To Cell Periphery (GO:1904377),0.903901103795804,0.9069303274154663,51
Regulation Of Muscle System Process (GO:0090257),0.9038729353543655,0.8723241686820984,11
Protein Kinase C Signaling (GO:0070528),0.9033125523702662,0.8325811624526978,10
Rescue Of Stalled Ribosome (GO:0072344),0.9014085818257078,0.8790225386619568,23
Positive Regulation Of Heterotypic Cell-Cell Adhesion (GO:0034116),0.898546085703907,0.860263466835022,14
Regulation Of Alpha-Beta T Cell Differentiation (GO:0046637),0.8963007650733748,0.8555611968040466,7
Lipid Phosphorylation (GO:0046834),0.8951454466676153,0.8714913725852966,9
"RNA Splicing, Via Transesterification Reactions (GO:0000375)",0.8951331880786295,0.8936884999275208,24
Regulation Of Ketone Biosynthetic Process (GO:0010566),0.8942978683541914,0.8673353791236877,6
Negative Regulation Of Double-Strand Break Repair Via Nonhomologous End Joining (GO:2001033),0.8938469757450384,0.8620902299880981,6
Cardiac Myofibril Assembly (GO:0055003),0.8923836819218885,0.8830673098564148,15
Transcription Initiation At RNA Polymerase I Promoter (GO:0006361),0.8921833923995779,0.8818390965461731,7
Negative Regulation Of T Cell Proliferation (GO:0042130),0.891893640625525,0.9023184180259705,36
Negative Regulation Of Osteoblast Differentiation (GO:0045668),0.8892680470730298,0.9056723713874817,32
Positive Regulation Of Sodium Ion Transmembrane Transporter Activity (GO:2000651),0.8859020607470205,0.8722738027572632,12
Positive Regulation Of Glycogen Biosynthetic Process (GO:0045725),0.8849312301970877,0.8813228607177734,13
Visual Learning (GO:0008542),0.8846185053911828,0.8882828950881958,11
Regulation Of Dendrite Morphogenesis (GO:0048814),0.8817230128560479,0.9056723713874817,31
Regulation Of Short-Term Neuronal Synaptic Plasticity (GO:0048172),0.8808638846943176,0.8784013390541077,13
Regulation Of Establishment Or Maintenance Of Cell Polarity (GO:0032878),0.8807243132592358,0.8772319555282593,18
Positive Regulation Of Vascular Endothelial Growth Factor Receptor Signaling Pathway (GO:0030949),0.8806373974745185,0.8760611414909363,9
Anaphase-Promoting Complex-Dependent Catabolic Process (GO:0031145),0.8796492405845354,0.8884406089782715,21
Regulation Of Lipid Catabolic Process (GO:0050994),0.8788829158824532,0.8962542414665222,23
Lymphocyte Apoptotic Process (GO:0070227),0.8782220584792292,0.8744237422943115,7
Regulation Of Coagulation (GO:0050818),0.8778927517229446,0.8696861267089844,10
Positive Regulation Of Dendrite Extension (GO:1903861),0.8767691595886963,0.8830673098564148,17
Cardiac Muscle Tissue Development (GO:0048738),0.8757667717101982,0.9136098623275757,52
Cellular Response To Catecholamine Stimulus (GO:0071870),0.8750097429937812,0.8705782294273376,19
Glycerolipid Catabolic Process (GO:0046503),0.8748618402798968,0.8858142495155334,18
Internal Peptidyl-Lysine Acetylation (GO:0018393),0.8739195870265034,0.915995180606842,39
Positive Regulation Of Receptor Internalization (GO:0002092),0.8737818031095518,0.908225953578949,22
Embryonic Organ Development (GO:0048568),0.8735833164304229,0.9560137987136841,77
Venous Blood Vessel Development (GO:0060841),0.8732369527478469,0.8722738027572632,7
Positive Regulation Of Epidermal Growth Factor-Activated Receptor Activity (GO:0045741),0.8730621044861764,0.8858142495155334,10
Ventricular Cardiac Muscle Tissue Morphogenesis (GO:0055010),0.8729812692481664,0.9120410084724426,33
Protein Localization To Ciliary Transition Zone (GO:1904491),0.8728123519526593,0.8772319555282593,7
Regulation Of Dendrite Extension (GO:1903859),0.8727667911612168,0.8811269402503967,18
Negative Regulation Of Cellular Senescence (GO:2000773),0.8725777999462437,0.8879914283752441,17
Placenta Development (GO:0001890),0.8713495235971368,0.9022911787033081,22
Lipid Droplet Organization (GO:0034389),0.870728935119896,0.9159879684448242,29
Glycoprotein Catabolic Process (GO:0006516),0.8702091661032515,0.8940753936767578,16
Ammonium Homeostasis (GO:0097272),0.870176915067507,0.8760611414909363,5
Regulation Of Mitotic Sister Chromatid Segregation (GO:0033047),0.870113044754305,0.8876118063926697,8
Peptidyl-Tyrosine Modification (GO:0018212),0.8700996431649799,0.9456661343574524,54
Neuroepithelial Cell Differentiation (GO:0060563),0.8685871595408446,0.8744237422943115,7
Aminoglycan Biosynthetic Process (GO:0006023),0.8665482434964785,0.9136098623275757,21
Regulation Of mRNA Processing (GO:0050684),0.8656910308646136,0.931745171546936,35
Blood Vessel Morphogenesis (GO:0048514),0.8652900817923616,0.9269452095031738,53
Genitalia Development (GO:0048806),0.8649309502158573,0.8962542414665222,14
Pyrimidine Nucleoside Transport (GO:0015864),0.8638537290802201,0.8744237422943115,5
Purine Nucleobase Transmembrane Transport (GO:1904823),0.8638537290802201,0.8744237422943115,5
Uridine Transport (GO:0015862),0.8638537290802201,0.8744237422943115,5
Regulation Of Phosphatidylinositol 3-Kinase Activity (GO:0043551),0.8631176959792931,0.9306471347808838,34
Positive Regulation Of Nuclear-Transcribed mRNA poly(A) Tail Shortening (GO:0060213),0.862331136501171,0.898012638092041,12
Positive Regulation Of Transporter Activity (GO:0032411),0.8614328893760129,0.9083923697471619,14
Oligodendrocyte Development (GO:0014003),0.861074879820737,0.8974660038948059,16
Embryonic Digit Morphogenesis (GO:0042733),0.8609535819341766,0.9126942753791809,17
Positive Regulation Of Bone Mineralization (GO:0030501),0.8596874431084921,0.915995180606842,38
Myoblast Differentiation (GO:0045445),0.859531020544152,0.9150581359863281,20
RNA 3'-End Processing (GO:0031123),0.8591209532608449,0.923102080821991,38
Positive Regulation Of Muscle Hypertrophy (GO:0014742),0.8587444297939147,0.8962542414665222,16
Dendritic Spine Maintenance (GO:0097062),0.8542529627974839,0.8936884999275208,7
Regulation Of Lipopolysaccharide-Mediated Signaling Pathway (GO:0031664),0.8540734219053597,0.9021111726760864,21
mRNA Cleavage Involved In mRNA Processing (GO:0098787),0.8540000983343754,0.8931800723075867,12
Positive Regulation Of Telomere Maintenance Via Telomerase (GO:0032212),0.8536307564130255,0.9262734651565552,32
Regulation Of Myotube Differentiation (GO:0010830),0.8535445858970315,0.9151223301887512,23
Negative Regulation Of Protein Localization To Nucleus (GO:1900181),0.8534384065738475,0.9159879684448242,22
Anterograde Trans-Synaptic Signaling (GO:0098916),0.8533855876120346,0.9741124510765076,199
Alpha-Amino Acid Biosynthetic Process (GO:1901607),0.8517652202551491,0.9056723713874817,10
Regulation Of Microtubule Depolymerization (GO:0031114),0.8515950336019343,0.9410579800605774,24
Cellular Response To Platelet-Derived Growth Factor Stimulus (GO:0036120),0.851249426632122,0.8858142495155334,8
Regulation Of Extracellular Matrix Constituent Secretion (GO:0003330),0.8470697091028621,0.9009673595428467,7
Regulation Of Intracellular Steroid Hormone Receptor Signaling Pathway (GO:0033143),0.8466263711147952,0.9170594811439514,22
Kidney Epithelium Development (GO:0072073),0.8465103230356317,0.9004834294319153,7
Sarcoplasmic Reticulum Calcium Ion Transport (GO:0070296),0.84617434863012,0.8973627090454102,10
Trigeminal Nerve Development (GO:0021559),0.8457240631921925,0.8973627090454102,5
Lipid Translocation (GO:0034204),0.8456307942772613,0.92764812707901,24
Nicotinamide Nucleotide Biosynthetic Process (GO:0019359),0.844582908299643,0.8960162997245789,8
Phosphatidylethanolamine Metabolic Process (GO:0046337),0.844003979530243,0.9170594811439514,25
Regulation Of Voltage-Gated Calcium Channel Activity (GO:1901385),0.8413400926334822,0.9165132641792297,29
Positive Regulation Of Insulin Secretion Involved In Cellular Response To Glucose Stimulus (GO:0035774),0.8413003829646801,0.8936884999275208,13
Positive Regulation Of RIG-I Signaling Pathway (GO:1900246),0.8400719799179642,0.8885122537612915,9
Positive Regulation Of Epithelial Cell Differentiation Involved In Kidney Development (GO:2000698),0.8391648938644968,0.896939218044281,5
Microtubule Nucleation (GO:0007020),0.8390723726819265,0.9170594811439514,23
Skeletal Muscle Contraction (GO:0003009),0.8390455402766603,0.9136098623275757,19
mRNA 3'-End Processing (GO:0031124),0.8385451748216901,0.9486232995986938,40
Positive Regulation Of Telomere Capping (GO:1904355),0.8384910969986828,0.9170594811439514,16
Negative Regulation Of T Cell Cytokine Production (GO:0002725),0.8383020259674405,0.8939794301986694,8
Regulation Of Adiponectin Secretion (GO:0070163),0.837282477725942,0.8858142495155334,6
Glycerophospholipid Metabolic Process (GO:0006650),0.8355311850722854,0.9633875489234924,62
Lipid Droplet Formation (GO:0140042),0.8336765800498537,0.9136098623275757,12
Positive Regulation Of Hormone Metabolic Process (GO:0032352),0.8321195356810377,0.8736553192138672,6
Endothelial Cell Proliferation (GO:0001935),0.8318708708557998,0.928111732006073,18
Regulation Of Hematopoietic Stem Cell Differentiation (GO:1902036),0.8318125296098831,0.915995180606842,12
Forebrain Neuron Development (GO:0021884),0.8315661846396298,0.8858142495155334,6
Secretion (GO:0046903),0.8305728915211488,0.9093173146247864,12
Positive Regulation Of Actin Cytoskeleton Reorganization (GO:2000251),0.8304020244435218,0.8962542414665222,8
Angiogenesis Involved In Wound Healing (GO:0060055),0.8300435595729377,0.8962542414665222,10
Positive Regulation Of Telomere Maintenance Via Telomere Lengthening (GO:1904358),0.830031542955987,0.9410912394523621,35
Regulation Of Fatty Acid Beta-Oxidation (GO:0031998),0.8300015370790643,0.9043932557106018,13
Synaptic Vesicle Cycle (GO:0099504),0.8286777405780197,0.9649521112442017,37
piRNA Processing (GO:0034587),0.8286490823273887,0.9136098623275757,19
Positive Regulation Of Protein Tyrosine Kinase Activity (GO:0061098),0.8269113194160841,0.9529834985733032,38
Neural Crest Cell Development (GO:0014032),0.8266343224373399,0.9560137987136841,44
"Neurotransmitter Receptor Transport, Endosome To Plasma Membrane (GO:0099639)",0.8262500482539956,0.9021111726760864,7
"Neurotransmitter Receptor Transport, Endosome To Postsynaptic Membrane (GO:0098887)",0.8262500482539956,0.9021111726760864,6
Long-Chain Fatty Acid Catabolic Process (GO:0042758),0.8251618190826294,0.9025666117668152,6
Intestinal Lipid Absorption (GO:0098856),0.8250948843705945,0.9056723713874817,11
Positive Regulation Of Cardiac Muscle Hypertrophy (GO:0010613),0.8249723023446148,0.916655421257019,17
Glycerol Metabolic Process (GO:0006071),0.8248407220931291,0.8976577520370483,11
Regulation Of Bicellular Tight Junction Assembly (GO:2000810),0.8245112097046039,0.9170594811439514,15
Cellular Response To Nitric Oxide (GO:0071732),0.8245040691955403,0.8976577520370483,7
Cellular Response To Reactive Nitrogen Species (GO:1902170),0.8245040691955403,0.8976577520370483,7
Kidney Morphogenesis (GO:0060993),0.8219376459266066,0.898012638092041,5
Adenosine Metabolic Process (GO:0046085),0.8212751912351871,0.8976577520370483,6
Regulation Of Protein Kinase C Signaling (GO:0090036),0.8198068615135202,0.9332226514816284,16
Negative Regulation Of Axon Extension Involved In Axon Guidance (GO:0048843),0.8197690128530157,0.9264335632324219,19
Reticulophagy (GO:0061709),0.8192928138917475,0.9147167801856995,16
Regulation Of mRNA Metabolic Process (GO:1903311),0.8190790861804496,0.9204066395759583,15
Dendritic Spine Organization (GO:0097061),0.8179698984135692,0.9395605325698853,26
Postsynaptic Density Assembly (GO:0097107),0.8177071874818184,0.9050019979476929,5
Negative Regulation Of DNA Replication (GO:0008156),0.8173261977291134,0.9222068190574646,15
Embryonic Limb Morphogenesis (GO:0030326),0.8172109367980981,0.9413247108459473,34
Amino Sugar Metabolic Process (GO:0006040),0.8160415328187267,0.9056723713874817,9
Regulation Of SA Node Cell Action Potential (GO:0098907),0.8158266518535472,0.8962542414665222,6
Synaptic Membrane Adhesion (GO:0099560),0.8156580799861344,0.9138146042823792,12
Central Nervous System Projection Neuron Axonogenesis (GO:0021952),0.8139697688366739,0.9126942753791809,11
Positive Regulation Of Vascular Endothelial Cell Proliferation (GO:1905564),0.8138271554352334,0.9101505875587463,12
Mesenchymal To Epithelial Transition Involved In Metanephros Morphogenesis (GO:0003337),0.8131679330872165,0.9056723713874817,5
Positive Regulation Of Myotube Differentiation (GO:0010831),0.8122029219511978,0.8976577520370483,7
Sensory Organ Development (GO:0007423),0.811449219897244,0.9870877861976624,70
Positive Regulation Of B Cell Receptor Signaling Pathway (GO:0050861),0.8112813574709669,0.9009673595428467,6
Positive Regulation Of Extracellular Matrix Assembly (GO:1901203),0.8110207958400694,0.9093173146247864,8
HALLMARK_HEDGEHOG_SIGNALING,0.8109389622185995,0.9568894505500793,36
Oligosaccharide Biosynthetic Process (GO:0009312),0.8098079356784172,0.9410579800605774,22
Negative Regulation Of Lipase Activity (GO:0060192),0.8082928504086971,0.9126735329627991,8
Tetrahydrofolate Metabolic Process (GO:0046653),0.808087054743125,0.918949544429779,11
Mesenchymal Cell Migration (GO:0090497),0.8055677412957905,0.9529834985733032,32
Formation Of Translation Preinitiation Complex (GO:0001731),0.8052360559449769,0.9040986895561218,8
Associative Learning (GO:0008306),0.8050813935785732,0.9295480847358704,18
Sensory Organ Morphogenesis (GO:0090596),0.8038679451177397,0.9170594811439514,8
protein-RNA Complex Disassembly (GO:0032988),0.8038420067433393,0.9110852479934692,7
Membrane Invagination (GO:0010324),0.8032024850466066,0.9105503559112549,6
Positive Regulation Of Membrane Potential (GO:0045838),0.8029946579965282,0.916925847530365,7
Regulation Of Extracellular Matrix Assembly (GO:1901201),0.8027077897460533,0.9120410084724426,6
Regulation Of Blood Circulation (GO:1903522),0.8021885854015757,0.9592932462692261,34
Positive Regulation Of Cilium Movement (GO:0003353),0.8021396137419534,0.9136098623275757,6
Positive Regulation Of Cilium-Dependent Cell Motility (GO:2000155),0.8021396137419534,0.9136098623275757,6
Positive Regulation Of Flagellated Sperm Motility (GO:1902093),0.8021396137419534,0.9136098623275757,6
Regulation Of Clathrin-Dependent Endocytosis (GO:2000369),0.8020105948127285,0.9332226514816284,15
Positive Regulation Of Cyclin-Dependent Protein Serine/Threonine Kinase Activity (GO:0045737),0.7991659191246543,0.928111732006073,15
Negative Regulation Of Potassium Ion Transport (GO:0043267),0.795492991675356,0.9204066395759583,12
Regulation Of Postsynaptic Membrane Potential (GO:0060078),0.7913266584920575,0.9716723561286926,35
Synapse Assembly (GO:0007416),0.7906104063699096,0.9962032437324524,71
Muscle Tissue Development (GO:0060537),0.789525915153757,0.9735528230667114,37
Epithelial Tube Morphogenesis (GO:0060562),0.7894288759428839,0.9529834985733032,33
Neuronal Ion Channel Clustering (GO:0045161),0.7891028025304019,0.9105503559112549,8
Protein K48-linked Deubiquitination (GO:0071108),0.7879184364627243,0.9602322578430176,24
Mitochondrial RNA Metabolic Process (GO:0000959),0.7864933367224417,0.9372872710227966,20
Response To Gonadotropin (GO:0034698),0.7838789498707414,0.9170594811439514,5
Regulation Of Oligodendrocyte Differentiation (GO:0048713),0.7834363060175518,0.9329131245613098,18
Cobalamin Metabolic Process (GO:0009235),0.7824194516686688,0.9195986390113831,7
Regulation Of BMP Signaling Pathway (GO:0030510),0.782100331108906,1.0,75
Autophagy Of Peroxisome (GO:0030242),0.7817107280180025,0.9170594811439514,9
Calcium-Dependent Cell-Cell Adhesion Via Plasma Membrane Cell Adhesion Molecules (GO:0016339),0.781436280267343,0.9760965704917908,38
snRNA Metabolic Process (GO:0016073),0.7813706831136638,0.9602604508399963,21
Negative Regulation Of Small GTPase Mediated Signal Transduction (GO:0051058),0.780837590190185,0.9516535401344299,20
Receptor Guanylyl Cyclase Signaling Pathway (GO:0007168),0.7807746962008891,0.9105503559112549,9
Regulation Of Myosin-Light-Chain-Phosphatase Activity (GO:0035507),0.7788159493795913,0.9193719029426575,6
cGMP Biosynthetic Process (GO:0006182),0.7780151985977367,0.916655421257019,9
Regulation Of Plasma Membrane Bounded Cell Projection Organization (GO:0120035),0.7766438262126444,0.9671911001205444,28
Regulation Of Mitotic Cell Cycle Spindle Assembly Checkpoint (GO:0090266),0.7750447118499362,0.962030827999115,17
Stress-Activated Protein Kinase Signaling Cascade (GO:0031098),0.7740982988039593,0.9602501392364502,20
Monoacylglycerol Metabolic Process (GO:0046462),0.7719622701037343,0.931954562664032,13
Adiponectin-Activated Signaling Pathway (GO:0033211),0.7714823145708422,0.917320191860199,5
Regulation Of Double-Strand Break Repair Via Nonhomologous End Joining (GO:2001032),0.7712429965383465,0.964245080947876,25
Regulation Of Pyruvate Dehydrogenase Activity (GO:1904182),0.7704285857621445,0.9205809831619263,6
snRNA Processing (GO:0016180),0.7698975775052777,0.9560137987136841,19
Eye Photoreceptor Cell Development (GO:0042462),0.7695455245221757,0.9262734651565552,13
Microtubule Polymerization (GO:0046785),0.7694912494827969,0.9794579148292542,34
Sphingomyelin Biosynthetic Process (GO:0006686),0.7669919703862802,0.9168727397918701,5
Negative Regulation Of TORC1 Signaling (GO:1904262),0.7668256116030729,0.9720849990844727,25
Regulation Of Dendrite Development (GO:0050773),0.7656444806339119,0.9771081209182739,41
Positive Regulation Of Establishment Of Endothelial Barrier (GO:1903142),0.7655022593796362,0.915995180606842,5
Positive Regulation Of Endothelial Cell Development (GO:1901552),0.7655022593796362,0.915995180606842,5
Positive Regulation Of Mitotic Nuclear Division (GO:0045840),0.7614081627090201,0.9794579148292542,35
"Nucleotide-Excision Repair, DNA Gap Filling (GO:0006297)",0.7605782996313478,0.9143484234809875,5
Arachidonate Transport (GO:1903963),0.7603963070447924,0.9356209635734558,9
Arachidonic Acid Secretion (GO:0050482),0.7603963070447924,0.9356209635734558,9
Negative Regulation Of Phosphatase Activity (GO:0010923),0.7603569076357052,0.9339375495910645,16
Taurine Metabolic Process (GO:0019530),0.7571772481096934,0.9269452095031738,7
Mitophagy (GO:0000423),0.7570751961726984,0.9560137987136841,16
Plasma Membrane Phospholipid Scrambling (GO:0017121),0.7562342060499293,0.9151223301887512,7
Forelimb Morphogenesis (GO:0035136),0.7559635783018233,0.9376945495605469,9
Diacylglycerol Metabolic Process (GO:0046339),0.7552162944671372,0.9725704789161682,23
Striated Muscle Contraction (GO:0006941),0.7509783113771544,0.9926866292953491,57
Negative Regulation Of Neuron Projection Regeneration (GO:0070571),0.7508191114469137,0.9177025556564331,6
Semaphorin-Plexin Signaling Pathway (GO:0071526),0.7505920091244698,0.9793192148208618,34
Establishment Of Melanosome Localization (GO:0032401),0.7503245451993823,0.9391990303993225,16
Regulation Of 3'-UTR-mediated mRNA Stabilization (GO:1905868),0.7479625700174599,0.9295480847358704,5
Positive Regulation Of Pyruvate Dehydrogenase Activity (GO:1904184),0.7467915481282896,0.9300153851509094,5
Melanosome Transport (GO:0032402),0.7462316589921125,0.9413247108459473,15
Pigment Granule Transport (GO:0051904),0.7462316589921125,0.9413247108459473,15
Regulation Of Nuclear Cell Cycle DNA Replication (GO:0033262),0.7459102056671365,0.9352098703384399,8
Cellular Hyperosmotic Response (GO:0071474),0.7456755582068698,0.92764812707901,6
Embryonic Forelimb Morphogenesis (GO:0035115),0.7447563273700644,0.9477205872535706,8
SCF-dependent Proteasomal Ubiquitin-Dependent Protein Catabolic Process (GO:0031146),0.7422253947419073,0.982512354850769,43
Positive Regulation Of Adaptive Immune Response Based On Somatic Recombination Of Immune Receptors Built From Immunoglobulin Superfamily Domains (GO:0002824),0.7417812123261931,0.9572440385818481,14
Melanosome Localization (GO:0032400),0.7415149531268169,0.9529834985733032,18
Golgi To Endosome Transport (GO:0006895),0.7396372815920931,0.9657783508300781,15
Histone H2A Acetylation (GO:0043968),0.7374639848761882,0.9720849990844727,21
Negative Regulation Of Axonogenesis (GO:0050771),0.7356232691281176,0.973376452922821,22
Marginal Zone B Cell Differentiation (GO:0002315),0.7352850901719499,0.928111732006073,6
Postsynaptic Membrane Assembly (GO:0097104),0.7343070786749676,0.9431173205375671,7
Regulation Of System Process (GO:0044057),0.7340019808423924,0.9247217774391174,5
Presynapse Assembly (GO:0099054),0.7320600688268447,0.9705662727355957,15
PERK-mediated Unfolded Protein Response (GO:0036499),0.7318841823354685,0.9322330951690674,5
pre-miRNA Processing (GO:0031054),0.7313829653041675,0.9518317580223083,12
Microtubule Depolymerization (GO:0007019),0.7307695271267656,0.9666404724121094,17
Mammary Gland Epithelium Development (GO:0061180),0.7296245929096743,0.9682363271713257,14
Positive Regulation Of Dendritic Spine Development (GO:0060999),0.7293637735974524,0.9731598496437073,21
Negative Regulation Of Microtubule Polymerization (GO:0031115),0.728467235353816,0.9370017051696777,11
Stem Cell Development (GO:0048864),0.7282369775227407,0.9658507108688354,15
Response To UV-C (GO:0010225),0.7279908216231532,0.9322330951690674,7
Neuron Fate Commitment (GO:0048663),0.7268748653385166,0.9666404724121094,18
Hyperosmotic Response (GO:0006972),0.7264484266041463,0.9311274886131287,7
Negative Regulation Of T Cell Differentiation In Thymus (GO:0033085),0.7258955999007074,0.9322330951690674,5
Icosanoid Secretion (GO:0032309),0.7254885671122462,0.9595465660095215,12
Mitochondrial Ribosome Assembly (GO:0061668),0.7235829753819791,0.9413247108459473,9
Positive Regulation Of Triglyceride Lipase Activity (GO:0061365),0.723446962619201,0.9443078637123108,7
Lipid Droplet Disassembly (GO:1905691),0.7232477927486648,0.9443608522415161,5
Peptidyl-Lysine Monomethylation (GO:0018026),0.7203153808048339,0.9529834985733032,8
Male Meiosis I (GO:0007141),0.7171838733034163,0.9631420373916626,16
Regulation Of Cell Projection Organization (GO:0031344),0.7159367549277648,0.9617875218391418,13
Retinal Rod Cell Differentiation (GO:0060221),0.7156621263495844,0.937375009059906,6
Plus-End-Directed Organelle Transport Along Microtubule (GO:0072386),0.7153398299721972,0.9477205872535706,5
Positive Regulation Of Astrocyte Differentiation (GO:0048711),0.7151131161668757,0.9443608522415161,7
Primary Alcohol Metabolic Process (GO:0034308),0.7148250052955349,0.9627499580383301,14
Tight Junction Organization (GO:0120193),0.7145777176407355,0.9306471347808838,5
Protein Localization To Perinuclear Region Of Cytoplasm (GO:1905719),0.7134909102674314,0.9542486071586609,8
Ether Lipid Biosynthetic Process (GO:0008611),0.7126350340157412,0.9560137987136841,9
Positive Regulation Of Endoplasmic Reticulum Stress-Induced Intrinsic Apoptotic Signaling Pathway (GO:1902237),0.711399702872734,0.9477205872535706,6
Mitotic Cell Cycle Checkpoint Signaling (GO:0007093),0.7090994821138277,0.9748467206954956,25
Histidine Metabolic Process (GO:0006547),0.7070481830672887,0.9560137987136841,6
Histidine Catabolic Process (GO:0006548),0.7070481830672887,0.9560137987136841,6
IRE1-mediated Unfolded Protein Response (GO:0036498),0.7044477056661034,0.9434553980827332,6
Excitatory Synapse Assembly (GO:1904861),0.7036883119337711,0.9560137987136841,9
Negative Regulation Of Mitochondrial Fusion (GO:0010637),0.7036388184955763,0.9413247108459473,7
Kinetochore Organization (GO:0051383),0.7032801878375855,0.9425094127655029,10
Positive Regulation Of Integrin Activation (GO:0033625),0.7018245122968594,0.9560137987136841,10
Ornithine Metabolic Process (GO:0006591),0.701406701679426,0.9560137987136841,9
Protein Export From Nucleus (GO:0006611),0.6997344580474452,0.9825082421302795,26
Positive Regulation Of Adipose Tissue Development (GO:1904179),0.6997337843166604,0.9623032212257385,7
Positive Regulation Of Axonogenesis (GO:0050772),0.6993822979333998,0.9911925196647644,38
Acid Secretion (GO:0046717),0.6983532266515565,0.9579011797904968,8
Carnitine Metabolic Process (GO:0009437),0.6965168774419209,0.9688087105751038,9
Positive Regulation Of DNA Methylation-Dependent Heterochromatin Formation (GO:0090309),0.6947834815982602,0.9655289649963379,10
UDP-N-acetylglucosamine Biosynthetic Process (GO:0006048),0.6947826757807747,0.9560137987136841,8
Regulation Of ERBB Signaling Pathway (GO:1901184),0.6943575144367851,0.9671911001205444,13
Ethanol Catabolic Process (GO:0006068),0.6938969943545641,0.9529834985733032,6
Nephron Tubule Development (GO:0072080),0.6926871752416413,0.9560137987136841,5
Presynaptic Membrane Organization (GO:0097090),0.6902857532561295,0.964245080947876,9
Nucleoside Transport (GO:0015858),0.6899365235208104,0.9592932462692261,5
Positive Regulation Of Lipoprotein Lipase Activity (GO:0051006),0.6878456758789039,0.9560137987136841,6
Presynaptic Membrane Assembly (GO:0097105),0.6877541416976968,0.96645587682724,8
Positive Regulation Of Triglyceride Metabolic Process (GO:0090208),0.6862501536324838,0.980850338935852,18
cGMP Metabolic Process (GO:0046068),0.6855961055081772,0.9693208336830139,11
Glucocorticoid Biosynthetic Process (GO:0006704),0.6854030535715298,0.9422069787979126,5
Regulation Of Sensory Perception (GO:0051931),0.684937229009116,0.9686300158500671,12
Leucine Metabolic Process (GO:0006551),0.6843576682058639,0.9446052312850952,6
Branched-Chain Amino Acid Metabolic Process (GO:0009081),0.6835840017227046,0.9771081209182739,15
Positive Regulation Of T Cell Mediated Cytotoxicity (GO:0001916),0.683269733112126,0.9786957502365112,33
Mitochondrial tRNA Modification (GO:0070900),0.6816234249783257,0.9602501392364502,7
Microtubule Anchoring At Microtubule Organizing Center (GO:0072393),0.677558199499796,0.9739139676094055,12
Oligosaccharide Metabolic Process (GO:0009311),0.676195843089251,0.9965991377830505,48
UDP-N-acetylglucosamine Metabolic Process (GO:0006047),0.6761016653375977,0.9666404724121094,10
tRNA Modification (GO:0006400),0.6751451193102923,1.0,67
Ganglioside Catabolic Process (GO:0006689),0.6749808958849315,0.9694080948829651,6
Protein Kinase C-activating G Protein-Coupled Receptor Signaling Pathway (GO:0007205),0.6738965326371629,0.9694080948829651,10
Positive Regulation Of Animal Organ Morphogenesis (GO:0110110),0.6724111036178858,0.9560137987136841,5
Glycosphingolipid Catabolic Process (GO:0046479),0.6704890447916336,0.9633875489234924,9
Behavioral Fear Response (GO:0001662),0.6702220125396101,0.9560137987136841,5
Regulation Of Monoatomic Ion Transport (GO:0043269),0.6681623030182671,0.9947328567504883,28
Hypotonic Response (GO:0006971),0.6674013078780084,0.9694080948829651,6
Mitochondrion-Endoplasmic Reticulum Membrane Tethering (GO:1990456),0.6669283971039772,0.9560137987136841,6
Homologous Chromosome Segregation (GO:0045143),0.6666217078216021,0.9965991377830505,22
Coronary Vasculature Development (GO:0060976),0.6638377356292373,0.9666404724121094,7
Cellular Hypotonic Response (GO:0071476),0.6631910320998526,0.9694080948829651,6
Membrane Biogenesis (GO:0044091),0.6622417983576627,0.9655289649963379,6
Regulation Of Calcium Ion-Dependent Exocytosis (GO:0017158),0.6619987948709716,0.9869779944419861,28
Heparan Sulfate Proteoglycan Metabolic Process (GO:0030201),0.6615078326233341,0.9721835851669312,13
Regulation Of Mitochondrial Gene Expression (GO:0062125),0.6595682465755859,0.9705662727355957,8
Melanin Biosynthetic Process (GO:0042438),0.6589270677631759,0.965511679649353,7
Amino Sugar Biosynthetic Process (GO:0046349),0.6571571538097835,0.9734922647476196,9
Intracellular pH Elevation (GO:0051454),0.6565936588031899,0.9734922647476196,7
ncRNA-mediated Post-Transcriptional Gene Silencing (GO:0035194),0.6558739483947501,0.9802427887916565,18
Positive Regulation Of Glycogen Metabolic Process (GO:0070875),0.653614519258944,0.9793311953544617,14
Smoothened Signaling Pathway (GO:0007224),0.6514918925445413,0.9986216425895691,34
Bone Resorption (GO:0045453),0.6491939871116397,0.9714639782905579,8
Negative Regulation Of Delayed Rectifier Potassium Channel Activity (GO:1902260),0.6489089902401097,0.9671911001205444,9
Inhibition Of Cysteine-Type Endopeptidase Activity (GO:0097340),0.6483055088185049,0.9623032212257385,7
Cellular Component Maintenance (GO:0043954),0.6478062678357311,0.9754114151000977,12
Apical Protein Localization (GO:0045176),0.6464760105357739,0.9729767441749573,9
Negative Regulation Of Osteoblast Proliferation (GO:0033689),0.645690015090399,0.9705662727355957,7
Blood Vessel Endothelial Cell Proliferation Involved In Sprouting Angiogenesis (GO:0002043),0.6455037008624536,0.9734922647476196,5
Tetrapyrrole Metabolic Process (GO:0033013),0.6452914544697377,0.9793245196342468,9
Regulation Of Very-Low-Density Lipoprotein Particle Remodeling (GO:0010901),0.6445142275744964,0.9711290001869202,5
Regulation Of Male Gonad Development (GO:2000018),0.6428435035290728,0.9707366228103638,6
Regulation Of Post-Transcriptional Gene Silencing By RNA (GO:1900368),0.6352014131373449,0.9741124510765076,5
Cell Proliferation In Forebrain (GO:0021846),0.6346428574045792,0.9809028506278992,10
Peptidyl-Lysine Methylation (GO:0018022),0.634597152519172,0.9989081621170044,27
"mRNA Cis Splicing, Via Spliceosome (GO:0045292)",0.6330722070763858,0.9952853322029114,17
Regulation Of Nephron Tubule Epithelial Cell Differentiation (GO:0072182),0.6292034784773645,0.9754114151000977,8
Centromere Complex Assembly (GO:0034508),0.6270438730821685,0.9789495468139648,14
Positive Regulation Of Humoral Immune Response (GO:0002922),0.6269076976280599,0.9721046090126038,6
L-fucose Metabolic Process (GO:0042354),0.6249113866408119,0.9711290001869202,8
L-fucose Catabolic Process (GO:0042355),0.6249113866408119,0.9711290001869202,8
Fucose Catabolic Process (GO:0019317),0.6249113866408119,0.9711290001869202,8
Negative Regulation Of Retinoic Acid Receptor Signaling Pathway (GO:0048387),0.6241012601703347,0.9754114151000977,6
Carbohydrate Biosynthetic Process (GO:0016051),0.6220355134505594,0.9965991377830505,25
Regulation Of Activin Receptor Signaling Pathway (GO:0032925),0.6205311802359313,0.9915676116943359,15
Podocyte Development (GO:0072015),0.6185186020889955,0.9754114151000977,6
Positive Regulation Of Immunoglobulin Mediated Immune Response (GO:0002891),0.6183715530624422,0.9811248183250427,15
Negative Regulation Of Vascular Associated Smooth Muscle Cell Differentiation (GO:1905064),0.6157223660528657,0.9786957502365112,7
"Protein Localization To Chromosome, Telomeric Region (GO:0070198)",0.614333333041182,0.9933755993843079,15
tRNA Pseudouridine Synthesis (GO:0031119),0.6142956255509282,0.9694080948829651,5
Microtubule Anchoring At Centrosome (GO:0034454),0.6141897821796292,0.9869779944419861,10
Negative Regulation Of Triglyceride Metabolic Process (GO:0090209),0.6128560480644465,0.9778734445571899,8
Galactosylceramide Metabolic Process (GO:0006681),0.612735005402109,0.9794579148292542,7
Dendritic Spine Morphogenesis (GO:0060997),0.6103569212973451,0.9965991377830505,15
Kinetochore Assembly (GO:0051382),0.6101082123215928,0.9903972744941711,9
Embryonic Digestive Tract Morphogenesis (GO:0048557),0.6097545218201768,0.9786957502365112,8
Cdc42 Protein Signal Transduction (GO:0032488),0.6090910480140612,0.9795933961868286,8
Wybutosine Biosynthetic Process (GO:0031591),0.6046154672945203,0.9731598496437073,5
Wybutosine Metabolic Process (GO:0031590),0.6046154672945203,0.9731598496437073,5
Glycosyl Compound Biosynthetic Process (GO:1901659),0.6046154672945203,0.9731598496437073,5
AV Node Cell To Bundle Of His Cell Communication (GO:0086067),0.6045777859610149,0.980922281742096,6
Aggrephagy (GO:0035973),0.603207219677399,0.9778734445571899,6
Polyadenylation-Dependent snoRNA 3'-End Processing (GO:0071051),0.5987549090196833,0.9799681305885315,6
Transepithelial Chloride Transport (GO:0030321),0.5965816704027063,0.9890049695968628,6
Regulation Of Spindle Organization (GO:0090224),0.5932935189252427,0.9986216425895691,20
Cell-Cell Signaling Involved In Cardiac Conduction (GO:0086019),0.5930641062810444,0.9778734445571899,5
Galactolipid Biosynthetic Process (GO:0019375),0.590633916220802,0.9786957502365112,5
Galactosylceramide Biosynthetic Process (GO:0006682),0.590633916220802,0.9786957502365112,5
Negative Regulation Of Lymphocyte Differentiation (GO:0045620),0.5893200828336331,0.980850338935852,6
Aromatic Compound Catabolic Process (GO:0019439),0.5853181531447621,0.980922281742096,7
Glutathione Catabolic Process (GO:0006751),0.5849715854935369,0.9786957502365112,7
Enteric Nervous System Development (GO:0048484),0.5844240151971888,0.9915639162063599,6
Cyclic Nucleotide Biosynthetic Process (GO:0009190),0.583355176527162,0.9979758858680725,19
Melanocyte Differentiation (GO:0030318),0.5788084956641691,0.9986216425895691,11
Mitotic intra-S DNA Damage Checkpoint Signaling (GO:0031573),0.5781611168274522,0.9965991377830505,14
Cardiolipin Biosynthetic Process (GO:0032049),0.5741928731111993,0.9794579148292542,7
Pharyngeal System Development (GO:0060037),0.5719507166452369,0.9973289370536804,16
Neuron Cell-Cell Adhesion (GO:0007158),0.5710091875940949,0.9965991377830505,14
Purine Nucleobase Transport (GO:0006863),0.5702164581053469,0.995061993598938,8
Negative Regulation Of Digestive System Process (GO:0060457),0.5697221833588237,0.9933755993843079,6
Multi-Ciliated Epithelial Cell Differentiation (GO:1903251),0.568055868573286,0.9919096827507019,7
Glycine Metabolic Process (GO:0006544),0.5639919036988474,0.9805613160133362,7
Wnt Signaling Pathway Involved In Midbrain Dopaminergic Neuron Differentiation (GO:1904953),0.5594316438190655,0.9965991377830505,9
Negative Regulation Of Steroid Metabolic Process (GO:0045939),0.5567450725548586,0.9980376362800598,6
Hexose Catabolic Process (GO:0019320),0.5555033692731075,0.9802427887916565,5
Negative Regulation Of Activin Receptor Signaling Pathway (GO:0032926),0.5509103244703458,0.9986216425895691,10
Regulation Of Natural Killer Cell Mediated Cytotoxicity Directed Against Tumor Cell Target (GO:0002858),0.5508363439116741,0.9965991377830505,7
Subtelomeric Heterochromatin Formation (GO:0031509),0.541768750269098,0.9965991377830505,5
cAMP Biosynthetic Process (GO:0006171),0.5386237484284493,0.9983267188072205,9
Positive Regulation Of Cardiocyte Differentiation (GO:1905209),0.5363366900079869,0.995061993598938,9
Nucleotide Transport (GO:0006862),0.5356710492525686,0.996172308921814,6
Negative Regulation Of ERAD Pathway (GO:1904293),0.518661714507782,0.9972893595695496,5
Regulation Of Type B Pancreatic Cell Development (GO:2000074),0.5184045263159723,0.9980376362800598,8
Glycerolipid Metabolic Process (GO:0046486),0.5168499988859641,0.9986216425895691,9
Regulation Of Vascular Associated Smooth Muscle Cell Differentiation (GO:1905063),0.5158853866285852,0.9965991377830505,6
Retinal Ganglion Cell Axon Guidance (GO:0031290),0.5152264635442978,0.9965991377830505,5
Negative Regulation Of Leukocyte Mediated Cytotoxicity (GO:0001911),0.5129148841852151,0.9986216425895691,14
Positive Regulation Of Heterochromatin Formation (GO:0031453),0.5123041827122893,1.0,13
Regulation Of Mitotic Cytokinesis (GO:1902412),0.5046600747293315,0.9986216425895691,6
Purine-Containing Compound Catabolic Process (GO:0072523),0.5006370681154133,0.9986216425895691,5
Histone H2A K63-linked Deubiquitination (GO:0070537),0.49942102708402064,0.9986216425895691,7
Presynapse Organization (GO:0099172),0.4960079840087113,0.9986216425895691,11
Primary Alcohol Catabolic Process (GO:0034310),0.4869754345558491,0.9986216425895691,9
Amino-Acid Betaine Transport (GO:0015838),0.48544630787064585,0.9986216425895691,7
Aminoglycan Metabolic Process (GO:0006022),0.4818890857190697,0.9984990358352661,9
Ribonucleoside Bisphosphate Catabolic Process (GO:0034031),0.48091032183586363,0.9999052286148071,8
Purine Nucleoside Bisphosphate Catabolic Process (GO:0034034),0.48091032183586363,0.9999052286148071,8
Embryonic Skeletal Joint Development (GO:0072498),0.4736702980020774,0.9989081621170044,5
Pharyngeal Arch Artery Morphogenesis (GO:0061626),0.4668994946374885,0.9986216425895691,6
Negative Regulation Of Smooth Muscle Cell Differentiation (GO:0051151),0.4490316382758509,1.0,8
Protein Deglutamylation (GO:0035608),0.40730802015514006,1.0,6
Regulation Of T Cell Mediated Cytotoxicity (GO:0001914),-0.36803976441471564,1.0,36
Negative Regulation Of Production Of Molecular Mediator Of Immune Response (GO:0002701),-0.39694425758972435,1.0,8
Depyrimidination (GO:0045008),-0.4056731114747771,1.0,7
Negative Regulation Of Natural Killer Cell Mediated Immunity (GO:0002716),-0.41572473139731625,1.0,10
Cellular Response To Cholesterol (GO:0071397),-0.42361995235509914,0.9999052286148071,10
Regulation Of Translational Termination (GO:0006449),-0.4284447725307144,1.0,6
Purine Ribonucleoside Monophosphate Catabolic Process (GO:0009169),-0.43735839529904474,0.9999052286148071,7
ERBB2 Signaling Pathway (GO:0038128),-0.4410837718621957,0.9999052286148071,13
Serine Family Amino Acid Metabolic Process (GO:0009069),-0.44551133861104336,0.9999052286148071,14
Negative Regulation Of Voltage-Gated Potassium Channel Activity (GO:1903817),-0.44857112752303224,1.0,11
Response To Leucine (GO:0043201),-0.449797543649849,0.9986216425895691,10
Cellular Response To Leucine (GO:0071233),-0.449797543649849,0.9986216425895691,10
Mitochondrial RNA Processing (GO:0000963),-0.458518669693909,1.0,9
IMP Metabolic Process (GO:0046040),-0.46602554962972276,0.999239981174469,9
Regulation Of Microtubule Binding (GO:1904526),-0.4686956306381316,0.9986216425895691,6
Phosphatidylcholine Catabolic Process (GO:0034638),-0.4725732309866208,0.9986216425895691,9
Negative Regulation Of PERK-mediated Unfolded Protein Response (GO:1903898),-0.47326764067460303,0.9986216425895691,5
Regulation Of Monoatomic Ion Transmembrane Transport (GO:0034765),-0.47410084577109984,1.0,29
Embryonic Digestive Tract Development (GO:0048566),-0.47569676293632074,1.0,19
Digestive Tract Morphogenesis (GO:0048546),-0.4842910559366523,0.9986216425895691,15
Regulation Of Smooth Muscle Cell Differentiation (GO:0051150),-0.49022933263895624,0.9986216425895691,6
Potassium Ion Transport (GO:0006813),-0.49142585233525293,1.0,122
Negative Regulation Of Lymphocyte Migration (GO:2000402),-0.4918966945402425,0.9986216425895691,10
Autophagosome-Lysosome Fusion (GO:0061909),-0.49226116174378987,0.9984990358352661,8
Keratan Sulfate Metabolic Process (GO:0042339),-0.49375673416598526,0.9986216425895691,17
Positive Regulation Of I-kappaB Phosphorylation (GO:1903721),-0.4961229903564469,0.9973289370536804,5
Retrotransposon Silencing (GO:0010526),-0.49670415541974966,0.9986216425895691,21
Regulation Of Isotype Switching (GO:0045191),-0.49761562742822585,0.9986216425895691,15
Pyrimidine Deoxyribonucleotide Catabolic Process (GO:0009223),-0.49913145955828425,0.9986216425895691,12
Fatty Acid Homeostasis (GO:0055089),-0.5012221083634897,0.9986216425895691,10
Regulation Of Cardiac Muscle Cell Action Potential Involved In Regulation Of Contraction (GO:0098909),-0.5060504830418051,0.9965991377830505,7
Positive Regulation Of Non-Canonical Wnt Signaling Pathway (GO:2000052),-0.5070854157097152,0.9972893595695496,10
Inhibitory Synapse Assembly (GO:1904862),-0.509552870857547,0.9972893595695496,13
Quinone Biosynthetic Process (GO:1901663),-0.5123903160225702,0.9986216425895691,12
Dopamine Uptake (GO:0090494),-0.514907415106696,0.9965991377830505,7
Sulfur Amino Acid Catabolic Process (GO:0000098),-0.517644577875223,0.996172308921814,6
Purine Ribonucleoside Monophosphate Metabolic Process (GO:0009167),-0.5188303499431441,0.9965991377830505,11
Regulation Of Insulin Secretion Involved In Cellular Response To Glucose Stimulus (GO:0061178),-0.5201455559340492,0.9986216425895691,27
Positive Regulation Of Hippo Signaling (GO:0035332),-0.5217507502332352,0.9939229488372803,9
Fatty Acid Transmembrane Transport (GO:1902001),-0.5229506188927786,0.9980376362800598,12
Peripheral Nervous System Development (GO:0007422),-0.523276403262267,0.9999052286148071,20
Peptidyl-Lysine Trimethylation (GO:0018023),-0.5249066860159007,0.9973328709602356,15
Ear Morphogenesis (GO:0042471),-0.5284155309998709,0.9986216425895691,24
Establishment Of Protein Localization To Chromatin (GO:0071169),-0.5287319672583579,0.9971211552619934,8
Microtubule Polymerization Or Depolymerization (GO:0031109),-0.529029817128622,0.9986216425895691,27
Aspartate Transmembrane Transport (GO:0015810),-0.5293037119980071,0.9972893595695496,9
R-loop Processing (GO:0062176),-0.5302628296284694,0.9972893595695496,5
Meiosis I (GO:0007127),-0.5307405321109924,0.9980376362800598,26
Regulation Of Centrosome Duplication (GO:0010824),-0.5311131453968235,0.9986216425895691,31
Negative Regulation Of Axon Extension (GO:0030517),-0.5330874101726489,0.9999052286148071,30
Striated Muscle Hypertrophy (GO:0014897),-0.5337799150144337,0.9965991377830505,5
ncRNA Export From Nucleus (GO:0097064),-0.5348890370436423,0.9965991377830505,8
Positive Regulation Of Chromosome Separation (GO:1905820),-0.5357877792344261,0.9973289370536804,13
Positive Regulation Of Calcium-Mediated Signaling (GO:0050850),-0.5363484674815138,0.9986216425895691,12
Positive Regulation Of Myeloid Cell Apoptotic Process (GO:0033034),-0.5377957545138062,0.9965991377830505,7
Response To Nitric Oxide (GO:0071731),-0.5391306883589243,0.9965991377830505,11
"Synaptic Transmission, Glutamatergic (GO:0035249)",-0.5415030503944662,0.9986216425895691,27
Spontaneous Synaptic Transmission (GO:0098814),-0.541707685552895,0.9910868406295776,6
Ventricular Compact Myocardium Morphogenesis (GO:0003223),-0.5426851714735821,0.9933975338935852,5
Ribosome-Associated Ubiquitin-Dependent Protein Catabolic Process (GO:1990116),-0.5443309019103395,0.9965991377830505,6
Negative Regulation Of Potassium Ion Transmembrane Transporter Activity (GO:1901017),-0.5474579213141753,0.9930344223976135,9
C-terminal Protein Lipidation (GO:0006501),-0.549029805191001,0.9941278696060181,5
Peroxisome Proliferator Activated Receptor Signaling Pathway (GO:0035357),-0.5506448873074649,0.9961477518081665,7
Regulation Of Presynapse Organization (GO:0099174),-0.5510596430624696,0.9947328567504883,16
Regulation Of Presynapse Assembly (GO:1905606),-0.5510596430624696,0.9947328567504883,16
Protein O-linked Mannosylation (GO:0035269),-0.5518574938703783,0.9969015121459961,16
Negative Regulation Of Intracellular Transport (GO:0032387),-0.5530772677287492,0.9961477518081665,7
Pexophagy (GO:0000425),-0.5535261684808699,0.9939042329788208,5
Regulation Of Cellular Response To Growth Factor Stimulus (GO:0090287),-0.553901038415708,0.9965991377830505,19
Positive Regulation Of SMAD Protein Signal Transduction (GO:0060391),-0.5547753846363903,0.996172308921814,17
Regulation Of DNA Methylation-Dependent Heterochromatin Formation (GO:0090308),-0.5551297816526605,0.9965991377830505,17
"Clathrin-Coated Vesicle Cargo Loading, AP-3-mediated (GO:0035654)",-0.5572524566373861,0.9965991377830505,6
Clathrin-Coated Vesicle Cargo Loading (GO:0035652),-0.5572524566373861,0.9965991377830505,6
Smooth Muscle Cell Differentiation (GO:0051145),-0.5587125821446493,0.9930344223976135,11
"Nuclear-Transcribed mRNA Catabolic Process, Deadenylation-Dependent Decay (GO:0000288)",-0.5591659966528988,0.9986216425895691,39
Negative Regulation Of Phospholipase Activity (GO:0010519),-0.5599682761724563,0.9927541017532349,7
Negative Regulation Of Homotypic Cell-Cell Adhesion (GO:0034111),-0.5607309478172208,0.9929024577140808,10
Postsynapse Organization (GO:0099173),-0.561650677408632,0.9910868406295776,7
Catecholamine Metabolic Process (GO:0006584),-0.5616936383328675,0.9947328567504883,13
UV-damage Excision Repair (GO:0070914),-0.5618992441054418,0.9933975338935852,12
Regulation Of Synapse Organization (GO:0050807),-0.5625121597911046,0.9986216425895691,25
Response To cGMP (GO:0070305),-0.563531789622782,0.9915639162063599,5
Receptor Catabolic Process (GO:0032801),-0.5654035018501843,0.9965991377830505,15
Tetrahydrofolate Interconversion (GO:0035999),-0.566339213165027,0.9941278696060181,8
Regulation Of Triglyceride Biosynthetic Process (GO:0010866),-0.5699477980459489,0.9930344223976135,16
Regulation Of Immunoglobulin Mediated Immune Response (GO:0002889),-0.5704404789974665,0.9911925196647644,5
Mitotic DNA Integrity Checkpoint Signaling (GO:0044774),-0.571213774284407,0.9903972744941711,12
Protein Localization To Chromatin (GO:0071168),-0.5716978628293731,0.9972893595695496,31
Potassium Ion Transmembrane Transport (GO:0071805),-0.5718695828867917,1.0,137
"Positive Regulation Of Wnt Signaling Pathway, Planar Cell Polarity Pathway (GO:2000096)",-0.571946796022347,0.9929024577140808,5
Odontogenesis Of Dentin-Containing Tooth (GO:0042475),-0.572697629190906,0.9925668835639954,14
L-glutamate Transmembrane Transport (GO:0015813),-0.5734595401108762,0.9915676116943359,14
Myelination In Peripheral Nervous System (GO:0022011),-0.57368682400095,0.9825102686882019,12
Glycosaminoglycan Biosynthetic Process (GO:0006024),-0.5747657540768674,0.9986216425895691,58
Purine Ribonucleoside Bisphosphate Metabolic Process (GO:0034035),-0.5749419618154364,0.9947326183319092,13
Antifungal Innate Immune Response (GO:0061760),-0.5755907712837662,0.9965991377830505,16
Response To Hydroxyurea (GO:0072710),-0.5763594841395201,0.9883267879486084,9
Positive Regulation Of Protein Localization To Centrosome (GO:1904781),-0.5766921151051628,0.9869779944419861,6
Lipoprotein Transport (GO:0042953),-0.5770029211755684,0.9931897521018982,11
L-glutamate Import (GO:0051938),-0.5777297647811869,0.9929024577140808,15
Negative Regulation Of Lipid Metabolic Process (GO:0045833),-0.579417254299122,0.9973328709602356,26
mRNA Pseudouridine Synthesis (GO:1990481),-0.5796957816764398,0.9869779944419861,8
Regulation Of AMPA Receptor Activity (GO:2000311),-0.5801251922871232,0.9963716864585876,24
GMP Metabolic Process (GO:0046037),-0.5830676486941809,0.9929024577140808,8
Negative Regulation Of Ion Transmembrane Transporter Activity (GO:0032413),-0.5833947198337301,0.9973289370536804,24
Histone H3-K14 Acetylation (GO:0044154),-0.5834508359636691,0.988552987575531,10
Positive Regulation Of Mitotic Cell Cycle (GO:0045931),-0.5838750428177817,0.9951744675636292,27
Epithelial Tube Branching Involved In Lung Morphogenesis (GO:0060441),-0.5875966981397248,0.9837295413017273,5
Synaptic Vesicle Recycling (GO:0036465),-0.5877516002061665,0.9986216425895691,44
AV Node Cell Action Potential (GO:0086016),-0.5913151618099309,0.9795933961868286,6
Regulation Of Regulated Secretory Pathway (GO:1903305),-0.5917770763296157,0.9981967806816101,35
Positive Regulation Of Nitric-Oxide Synthase Activity (GO:0051000),-0.5920324448266618,0.9903998374938965,17
Negative Regulation Of Chemotaxis (GO:0050922),-0.5931774640777528,0.9965991377830505,31
Positive Regulation Of Alpha-Beta T Cell Activation (GO:0046635),-0.5936071762549474,0.9930344223976135,19
tRNA Threonylcarbamoyladenosine Metabolic Process (GO:0070525),-0.5957584080819253,0.990016758441925,10
Actin Filament-Based Transport (GO:0099515),-0.5959889108594123,0.9941278696060181,20
Regulation Of Neuron Projection Arborization (GO:0150011),-0.5962300432935378,0.990016758441925,14
Positive Regulation Of Vascular Endothelial Growth Factor Signaling Pathway (GO:1900748),-0.5977912286105674,0.9846694469451904,7
Endosomal Vesicle Fusion (GO:0034058),-0.5981775213882198,0.9843032360076904,10
Positive Regulation Of Blood Circulation (GO:1903524),-0.5998085675432391,0.9825102686882019,6
Lipoprotein Biosynthetic Process (GO:0042158),-0.6009424516686306,0.9868050217628479,14
Negative Regulation Of Smooth Muscle Cell Apoptotic Process (GO:0034392),-0.6011264744520722,0.9825102686882019,6
Regulation Of Cardiac Muscle Cell Contraction (GO:0086004),-0.6020334146122991,0.9941278696060181,26
"Substrate-Dependent Cell Migration, Cell Extension (GO:0006930)",-0.6023350088474415,0.9815919399261475,6
Positive Regulation Of Lipopolysaccharide-Mediated Signaling Pathway (GO:0031666),-0.6024271423290551,0.9837295413017273,6
Regulation Of Behavior (GO:0050795),-0.6028185159260373,0.9930023550987244,19
Membrane Repolarization (GO:0086009),-0.6035519788256518,0.9861027598381042,18
Dendrite Arborization (GO:0140059),-0.6036619385963795,0.9880657196044922,6
Positive Regulation Of mRNA Binding (GO:1902416),-0.6039677969148324,0.9868050217628479,6
Eye Development (GO:0001654),-0.6052740598275558,0.9986216425895691,58
Negative Regulation Of T Cell Mediated Immunity (GO:0002710),-0.6057642854214828,0.9911925196647644,14
Regulation Of DNA-templated Transcription Elongation (GO:0032784),-0.6063788501217431,0.9984990358352661,44
Regulation Of Cytoplasmic Translational Elongation (GO:1900247),-0.6070003534507329,0.9802427887916565,7
Positive Regulation Of Epidermal Growth Factor Receptor Signaling Pathway (GO:0045742),-0.6073664153300782,0.9941278696060181,33
Negative Regulation Of Intracellular Estrogen Receptor Signaling Pathway (GO:0033147),-0.6087267749155908,0.9811248183250427,10
Heme Transport (GO:0015886),-0.6087842079186246,0.9861027598381042,5
Negative Regulation Of Lipid Biosynthetic Process (GO:0051055),-0.609819333041197,0.9965991377830505,25
Defense Response To Fungus (GO:0050832),-0.6102063433752116,0.9931897521018982,29
Regulation Of Phospholipid Metabolic Process (GO:1903725),-0.6102305618056603,0.9809028506278992,9
Autophagy Of Mitochondrion (GO:0000422),-0.6103322002755398,0.9965991377830505,49
Epithelial Cell Development (GO:0002064),-0.6103839601735092,0.9903972744941711,18
Skeletal Muscle Cell Differentiation (GO:0035914),-0.6117874677912397,0.9829545021057129,6
Actin-Myosin Filament Sliding (GO:0033275),-0.6132181352969892,0.9799681305885315,12
Positive Regulation Of T-helper 17 Type Immune Response (GO:2000318),-0.616926544981658,0.982512354850769,13
Chondroitin Sulfate Biosynthetic Process (GO:0030206),-0.6176544536900891,0.9825082421302795,13
cGMP-mediated Signaling (GO:0019934),-0.6188493874175461,0.9843032360076904,17
Serine Family Amino Acid Catabolic Process (GO:0009071),-0.6190332323152679,0.9825102686882019,9
Vesicle Transport Along Actin Filament (GO:0030050),-0.6201361134026074,0.9825082421302795,18
Axon Guidance (GO:0007411),-0.6208494555244657,0.9986216425895691,149
Response To Type I Interferon (GO:0034340),-0.6210275793503275,0.980922281742096,9
tRNA Methylation (GO:0030488),-0.6210515659979178,0.9931897521018982,36
Negative Regulation Of Gene Expression Via CpG Island Methylation (GO:0044027),-0.6212674388919701,0.9794579148292542,5
Membrane Repolarization During Action Potential (GO:0086011),-0.6218529337469597,0.9793311953544617,15
G Protein-Coupled Glutamate Receptor Signaling Pathway (GO:0007216),-0.622040299307516,0.9815919399261475,12
Folic Acid-Containing Compound Metabolic Process (GO:0006760),-0.6220757561802018,0.9869779944419861,15
Regulation Of Smooth Muscle Cell Apoptotic Process (GO:0034391),-0.6233825870598473,0.9825082421302795,10
Muscle Filament Sliding (GO:0030049),-0.6236682676443474,0.9794579148292542,10
Nucleobase Biosynthetic Process (GO:0046112),-0.6243629102670383,0.9794579148292542,6
Regulation Of DNA-templated DNA Replication (GO:0090329),-0.6245160565112609,0.9875715970993042,17
Detection Of Light Stimulus Involved In Sensory Perception (GO:0050962),-0.6251800834261199,0.9794579148292542,11
Detection Of Light Stimulus Involved In Visual Perception (GO:0050908),-0.6251800834261199,0.9794579148292542,11
Peptidyl-Glutamic Acid Modification (GO:0018200),-0.6265795121631778,0.9911925196647644,22
Mitochondrial Protein Processing (GO:0034982),-0.6268336782115564,0.9815919399261475,10
Establishment Of Protein Localization To Chromosome (GO:0070199),-0.6284182946281106,0.9794579148292542,14
Negative Regulation Of Cell Projection Organization (GO:0031345),-0.6286401758413843,0.9972893595695496,50
Regulation Of Signal Transduction By P53 Class Mediator (GO:1901796),-0.6294887120003049,0.9933975338935852,47
Regulation Of Focal Adhesion Disassembly (GO:0120182),-0.6295639214747093,0.9794579148292542,5
Positive Regulation Of Focal Adhesion Disassembly (GO:0120183),-0.6295639214747093,0.9794579148292542,5
Negative Regulation Of Single Stranded Viral RNA Replication Via Double Stranded DNA Intermediate (GO:0045869),-0.6297321633272718,0.9794579148292542,14
Cellular Response To Inorganic Substance (GO:0071241),-0.6300390391672208,0.9880657196044922,18
Regulation Of Skeletal Muscle Satellite Cell Proliferation (GO:0014842),-0.6301900113924346,0.9786957502365112,6
Positive Regulation Of Membrane Protein Ectodomain Proteolysis (GO:0051044),-0.630240402212118,0.9846694469451904,14
Negative Regulation Of Platelet Aggregation (GO:0090331),-0.6306334214597917,0.9799681305885315,8
Nucleotide-Sugar Biosynthetic Process (GO:0009226),-0.6309275507470121,0.9821817874908447,15
Protein Localization To Centrosome (GO:0071539),-0.6319549765277388,0.9825082421302795,17
Membrane Repolarization During Cardiac Muscle Cell Action Potential (GO:0086013),-0.6328264804966333,0.9794579148292542,14
Cardiac Muscle Cell Membrane Repolarization (GO:0099622),-0.6329384703122974,0.981874942779541,10
RNA Polyadenylation (GO:0043631),-0.6339750530105108,0.9868050217628479,25
Regulation Of T Cell Differentiation In Thymus (GO:0033081),-0.6340869028602679,0.9825102686882019,12
Positive Regulation Of DNA Metabolic Process (GO:0051054),-0.6342177573170126,0.9986216425895691,108
Regulation Of Endothelial Cell Differentiation (GO:0045601),-0.6350257405994794,0.9771081209182739,8
Mitochondrial tRNA Processing (GO:0090646),-0.6371094144569345,0.9794579148292542,6
Neuromuscular Process (GO:0050905),-0.637377639745485,0.9786957502365112,18
DNA Replication Checkpoint Signaling (GO:0000076),-0.6375321130934196,0.9802427887916565,17
Membrane Depolarization During Cardiac Muscle Cell Action Potential (GO:0086012),-0.637829492032823,0.9805613160133362,16
Neural Crest Cell Differentiation (GO:0014033),-0.6379413503977029,0.9868050217628479,18
Spliceosomal snRNP Assembly (GO:0000387),-0.6386770920154882,0.9878761172294617,37
Sodium-Independent Organic Anion Transport (GO:0043252),-0.6387519953447225,0.9786957502365112,13
Regulation Of Neuronal Synaptic Plasticity (GO:0048168),-0.638805107106132,0.9929024577140808,34
Positive Regulation Of Tooth Mineralization (GO:0070172),-0.6388550589013902,0.9786957502365112,7
Regulation Of Aldosterone Biosynthetic Process (GO:0032347),-0.6399629812639459,0.9755916595458984,6
Positive Regulation Of Pinocytosis (GO:0048549),-0.6407098666927874,0.9771081209182739,6
Polyol Metabolic Process (GO:0019751),-0.6412821725111497,0.9799681305885315,17
Regulation Of Glucose Metabolic Process (GO:0010906),-0.6413557413103529,0.9868050217628479,28
Negative Regulation Of BMP Signaling Pathway (GO:0030514),-0.6421295565001598,0.9915676116943359,43
mRNA Polyadenylation (GO:0006378),-0.6425532245834896,0.9805613160133362,24
Regulation Of Carbohydrate Biosynthetic Process (GO:0043255),-0.6425683413648329,0.9754114151000977,7
Synapse Organization (GO:0050808),-0.6439499357797935,0.9986216425895691,131
Protein Transport To Vacuole Involved In Ubiquitin-Dependent Protein Catabolic Process Via The Multivesicular Body Sorting Pathway (GO:0043328),-0.6443678124850956,0.9761902689933777,14
Negative Regulation Of Platelet-Derived Growth Factor Receptor Signaling Pathway (GO:0010642),-0.6448467322679087,0.9778734445571899,11
Positive Regulation Of DNA Recombination (GO:0045911),-0.6454221810152142,0.9947328567504883,51
Glucan Metabolic Process (GO:0044042),-0.6454784136180314,0.9774388074874878,8
Positive Regulation Of Leukocyte Apoptotic Process (GO:2000108),-0.6456108464317086,0.9771081209182739,9
Striated Muscle Cell Development (GO:0055002),-0.6458993063812829,0.9754114151000977,14
Long-Term Memory (GO:0007616),-0.6462163057292459,0.9794579148292542,20
Motor Neuron Axon Guidance (GO:0008045),-0.6463798312961448,0.9754114151000977,9
Regulation Of Lysosomal Protein Catabolic Process (GO:1905165),-0.6465047577031942,0.9748467206954956,8
Progesterone Receptor Signaling Pathway (GO:0050847),-0.646538827019934,0.9734922647476196,10
Regulation Of TORC1 Signaling (GO:1903432),-0.6467340499107747,0.9931897521018982,50
Protein Localization To Microtubule Organizing Center (GO:1905508),-0.6475151028671354,0.9789495468139648,15
Mitotic DNA Replication Checkpoint Signaling (GO:0033314),-0.6477547431566274,0.9754114151000977,9
Neuron Projection Guidance (GO:0097485),-0.6481348675305543,0.9986216425895691,124
Mammary Gland Epithelial Cell Differentiation (GO:0060644),-0.6485113800235429,0.9754114151000977,7
Lipid Hydroxylation (GO:0002933),-0.6485436916718923,0.9709720015525818,6
Positive Regulation Of Oxidoreductase Activity (GO:0051353),-0.6487774643047605,0.982512354850769,23
"Regulation Of Wnt Signaling Pathway, Planar Cell Polarity Pathway (GO:2000095)",-0.6494981811484117,0.9755916595458984,8
Embryonic Skeletal System Development (GO:0048706),-0.6496545866224441,0.9911602735519409,34
Platelet Activating Factor Metabolic Process (GO:0046469),-0.6497046813385227,0.9755135178565979,7
Histone H2A Ubiquitination (GO:0033522),-0.6498552330826552,0.9794579148292542,11
Protein Homotrimerization (GO:0070207),-0.6500776046559563,0.9771081209182739,14
Protein Trimerization (GO:0070206),-0.6500776046559563,0.9771081209182739,14
Protein Localization To Chromosome (GO:0034502),-0.650367035326072,0.9911925196647644,40
Artery Development (GO:0060840),-0.6511031486763105,0.9805613160133362,23
Regulation Of Phosphate Metabolic Process (GO:0019220),-0.6513860591924308,0.9758110046386719,14
Vesicle Fusion With Golgi Apparatus (GO:0048280),-0.6518257591864605,0.9754114151000977,6
Regulation Of Phospholipase Activity (GO:0010517),-0.6519835346984467,0.9754114151000977,10
Regulation Of Chromosome Separation (GO:1905818),-0.6520571133262344,0.9755916595458984,12
Inhibitory Postsynaptic Potential (GO:0060080),-0.6523850773633674,0.9754114151000977,7
Positive Regulation Of Response To Endoplasmic Reticulum Stress (GO:1905898),-0.6530979328097526,0.9771081209182739,18
Positive Regulation Of Developmental Growth (GO:0048639),-0.6532890006125684,0.9869779944419861,50
Chondroitin Sulfate Proteoglycan Biosynthetic Process (GO:0050650),-0.6540530960404733,0.9793311953544617,19
Intraciliary Anterograde Transport (GO:0035720),-0.6540993597556394,0.9789495468139648,16
Plasma Membrane To Endosome Transport (GO:0048227),-0.655314847655558,0.9754114151000977,7
Neurotransmitter Receptor Transport To Postsynaptic Membrane (GO:0098969),-0.6573173249062997,0.9772089719772339,9
Regulation Of Microtubule Polymerization (GO:0031113),-0.6576061066911195,0.9879331588745117,40
Astral Microtubule Organization (GO:0030953),-0.6580499186421819,0.9709720015525818,8
Cellular Response To Retinoic Acid (GO:0071300),-0.6584365689811708,0.9868050217628479,41
Regulation Of Natural Killer Cell Proliferation (GO:0032817),-0.659212213837174,0.9754114151000977,9
Hippo Signaling (GO:0035329),-0.6593672653389384,0.9786957502365112,17
"Retrograde Transport, Vesicle Recycling Within Golgi (GO:0000301)",-0.6595208481836891,0.9694080948829651,8
Positive Regulation Of Glucose Metabolic Process (GO:0010907),-0.6599970163072827,0.9795933961868286,15
Serine Family Amino Acid Biosynthetic Process (GO:0009070),-0.6600670695315135,0.9754114151000977,10
Regulation Of Extent Of Cell Growth (GO:0061387),-0.6604069089442367,0.9754114151000977,7
Positive Regulation Of DNA Biosynthetic Process (GO:2000573),-0.6613086924068539,0.9930344223976135,65
Myotube Differentiation (GO:0014902),-0.6613683926962086,0.9837295413017273,25
Female Gamete Generation (GO:0007292),-0.6616791792846677,0.9825082421302795,32
Mismatch Repair (GO:0006298),-0.6632443814741545,0.9760965704917908,25
White Fat Cell Differentiation (GO:0050872),-0.6635662507290346,0.9734922647476196,6
Endothelium Development (GO:0003158),-0.6636499159031516,0.9760965704917908,12
Positive Regulation Of Trophoblast Cell Migration (GO:1901165),-0.6636713861987068,0.9729767441749573,6
Icosanoid Transport (GO:0071715),-0.6640513908329346,0.9721046090126038,14
Positive Regulation Of Biomineral Tissue Development (GO:0070169),-0.6647194179220925,0.9872558116912842,43
Positive Regulation Of Megakaryocyte Differentiation (GO:0045654),-0.6651988181400746,0.9720849990844727,8
Phosphatidylglycerol Biosynthetic Process (GO:0006655),-0.6655365296470827,0.9705662727355957,9
"Base-Excision Repair, AP Site Formation (GO:0006285)",-0.6663739208966152,0.9741124510765076,11
Embryonic Skeletal System Morphogenesis (GO:0048704),-0.6664581621907824,0.9793311953544617,30
Regulation Of Microtubule Polymerization Or Depolymerization (GO:0031110),-0.6678913007406974,0.9825082421302795,27
Translational Termination (GO:0006415),-0.6679301429839035,0.9744669198989868,8
Positive Regulation Of Triglyceride Biosynthetic Process (GO:0010867),-0.6684347801897563,0.9725704789161682,11
Phosphatidylinositol-3-Phosphate Biosynthetic Process (GO:0036092),-0.6691380322976526,0.9729767441749573,11
Positive Regulation Of T Cell Differentiation In Thymus (GO:0033089),-0.6702228509480128,0.9760965704917908,5
Regulation Of T-helper 2 Cell Differentiation (GO:0045628),-0.6710217010740406,0.9709720015525818,7
Negative Regulation Of Osteoclast Differentiation (GO:0045671),-0.6716989269157949,0.9771081209182739,21
Positive Regulation Of Activin Receptor Signaling Pathway (GO:0032927),-0.6717618693735247,0.9754114151000977,5
Vesicle-Mediated Transport Between Endosomal Compartments (GO:0098927),-0.6723828726237207,0.9771081209182739,25
Adult Locomotory Behavior (GO:0008344),-0.6724096765189803,0.9737151265144348,12
Regulation Of Macrophage Proliferation (GO:0120040),-0.6727544359560044,0.9731598496437073,5
Mitochondrion Disassembly (GO:0061726),-0.6732958786940457,0.9786957502365112,37
Detection Of Muscle Stretch (GO:0035995),-0.6734578759385109,0.9754114151000977,6
Primary miRNA Processing (GO:0031053),-0.6737279971691507,0.9721046090126038,12
Regulation Of Megakaryocyte Differentiation (GO:0045652),-0.674110087009677,0.9734922647476196,19
Positive Regulation Of Protein Targeting To Membrane (GO:0090314),-0.675561188171031,0.9754114151000977,23
Ketone Body Biosynthetic Process (GO:0046951),-0.6756978038054051,0.9737151265144348,5
Endocrine System Development (GO:0035270),-0.6759182780869735,0.9786957502365112,23
Galactose Metabolic Process (GO:0006012),-0.6761605319837567,0.9694080948829651,6
Peptidyl-Tyrosine Dephosphorylation (GO:0035335),-0.6767113453907472,0.978746771812439,29
Neural Crest Cell Migration (GO:0001755),-0.6776017077230508,0.9793192148208618,36
Nuclear Export (GO:0051168),-0.6796907483141638,0.9825102686882019,49
Positive Regulation Of Macrophage Differentiation (GO:0045651),-0.6797045280983215,0.9694080948829651,10
Peptidyl-Tyrosine Phosphorylation (GO:0018108),-0.679863989373256,0.9915639162063599,67
"Endonucleolytic Cleavage In ITS1 To Separate SSU-rRNA From 5.8S rRNA And LSU-rRNA From Tricistronic rRNA Transcript (SSU-rRNA, 5.8S rRNA, LSU-rRNA) (GO:0000447)",-0.6799411538196829,0.9720849990844727,7
Notochord Development (GO:0030903),-0.6800884199042894,0.9720849990844727,5
Regulation Of Neurotransmitter Transport (GO:0051588),-0.6801920598873085,0.9725704789161682,21
Skeletal Muscle Organ Development (GO:0060538),-0.6807986116699107,0.9731598496437073,35
Eye Photoreceptor Cell Differentiation (GO:0001754),-0.6814468734475401,0.9729767441749573,12
Sodium Ion Transport (GO:0006814),-0.6814700853166361,0.9929024577140808,89
Mesoderm Formation (GO:0001707),-0.6817462744964149,0.9754114151000977,20
Catecholamine Transport (GO:0051937),-0.6820352725395972,0.9694080948829651,7
Cellular Response To pH (GO:0071467),-0.6828540490190269,0.9754114151000977,20
"Regulation Of Nuclear-Transcribed mRNA Catabolic Process, Nonsense-Mediated Decay (GO:2000622)",-0.6830889557238665,0.9694080948829651,10
Insulin Secretion (GO:0030073),-0.683089559898631,0.9695075750350952,19
Positive Regulation Of Immune System Process (GO:0002684),-0.6831149706860465,0.9760965704917908,27
Positive Regulation Of Bone Resorption (GO:0045780),-0.6831751596697055,0.9694080948829651,10
"Negative Regulation Of mRNA Splicing, Via Spliceosome (GO:0048025)",-0.6831979906872505,0.9716723561286926,14
Positive Regulation Of Leukocyte Tethering Or Rolling (GO:1903238),-0.6838803361245038,0.9682363271713257,6
Inner Ear Morphogenesis (GO:0042472),-0.6839982641770176,0.9771081209182739,25
"Base-Excision Repair, Gap-Filling (GO:0006287)",-0.6843367134596883,0.9721046090126038,12
Establishment Of Golgi Localization (GO:0051683),-0.6846371031527579,0.9710428714752197,7
Positive Regulation Of Programmed Necrotic Cell Death (GO:0062100),-0.6847862054709923,0.9686300158500671,5
Positive Regulation Of Necroptotic Process (GO:0060545),-0.6847862054709923,0.9686300158500671,5
Positive Regulation Of Glycoprotein Biosynthetic Process (GO:0010560),-0.6851762913874218,0.9708240032196045,13
Positive Regulation Of Canonical Wnt Signaling Pathway (GO:0090263),-0.6851842703007948,0.9930344223976135,85
Positive Regulation Of Regulatory T Cell Differentiation (GO:0045591),-0.6853793151805693,0.9709720015525818,17
Positive Regulation Of Chromosome Condensation (GO:1905821),-0.6854064405663723,0.9709720015525818,7
Regulation Of Chromosome Condensation (GO:0060623),-0.6854064405663723,0.9709720015525818,7
Negative Regulation Of Glycogen Biosynthetic Process (GO:0045719),-0.685565013912512,0.9709720015525818,5
Regulation Of Single Stranded Viral RNA Replication Via Double Stranded DNA Intermediate (GO:0045091),-0.6859719337503736,0.9711290001869202,17
Peptidyl-Lysine Hydroxylation (GO:0017185),-0.6865184540788385,0.9694080948829651,7
Cell Junction Maintenance (GO:0034331),-0.687007189310082,0.9721046090126038,18
Cellular Response To Acidic pH (GO:0071468),-0.6881916609887445,0.9666404724121094,12
Cell-Substrate Junction Assembly (GO:0007044),-0.688319384610129,0.9754114151000977,28
Ubiquinone Biosynthetic Process (GO:0006744),-0.6884330808565644,0.9696075916290283,13
Ribosomal Large Subunit Assembly (GO:0000027),-0.6885318310128609,0.9707366228103638,22
Regulation Of I-kappaB Phosphorylation (GO:1903719),-0.688773079643571,0.9694080948829651,6
Hair Cell Differentiation (GO:0035315),-0.6888318695840672,0.9671911001205444,7
Regulation Of Cellular Response To Insulin Stimulus (GO:1900076),-0.6895295478300193,0.9666404724121094,6
Regulation Of Cellular Response To Transforming Growth Factor Beta Stimulus (GO:1903844),-0.6898980771377325,0.9771081209182739,23
snRNA Transcription By RNA Polymerase II (GO:0042795),-0.6899948574739907,0.9716723561286926,10
Regulation Of Dopamine Secretion (GO:0014059),-0.6902535051843396,0.9754114151000977,22
Positive Regulation Of Cardiac Muscle Cell Differentiation (GO:2000727),-0.6907734145121898,0.9672258496284485,5
Positive Regulation Of Telomere Maintenance (GO:0032206),-0.6911346368196711,0.9805613160133362,52
Regulation Of Telomere Maintenance In Response To DNA Damage (GO:1904505),-0.6914036632551617,0.9694080948829651,15
Negative Regulation Of Platelet Activation (GO:0010544),-0.6915992329354477,0.9694080948829651,15
Regulation Of Epithelial Cell Differentiation (GO:0030856),-0.6917433971021285,0.9694080948829651,18
Negative Regulation Of Cation Transmembrane Transport (GO:1904063),-0.692068990777424,0.9720849990844727,15
Positive Regulation Of Monoatomic Ion Transmembrane Transport (GO:0034767),-0.692229958547441,0.9694080948829651,5
Histone Monoubiquitination (GO:0010390),-0.6938346210026851,0.9694080948829651,12
Negative Regulation Of Cell Activation (GO:0050866),-0.6947245580602698,0.9688087105751038,13
Negative Regulation Of Cell Cycle G1/S Phase Transition (GO:1902807),-0.6949027890822645,0.9772089719772339,35
HALLMARK_MITOTIC_SPINDLE,-0.6951923771771197,0.9986216425895691,199
Protein Prenylation (GO:0018342),-0.6957491987184374,0.9710428714752197,10
Plasma Membrane Tubulation (GO:0097320),-0.6966275289937549,0.9694080948829651,13
DNA Dealkylation (GO:0035510),-0.6966814001179797,0.9671911001205444,7
DNA Dealkylation Involved In DNA Repair (GO:0006307),-0.6966814001179797,0.9671911001205444,7
Positive Regulation Of T-helper Cell Differentiation (GO:0045624),-0.696931176817376,0.9666404724121094,12
Regulation Of Protein Targeting To Membrane (GO:0090313),-0.6971777208316149,0.9730541706085205,28
Purine-Containing Compound Metabolic Process (GO:0072521),-0.6974238013701731,0.9694080948829651,7
snRNA Transcription (GO:0009301),-0.6978685808726017,0.9694080948829651,12
Interleukin-12-Mediated Signaling Pathway (GO:0035722),-0.6982652463713831,0.9693208336830139,8
G-quadruplex DNA Unwinding (GO:0044806),-0.6984510464650293,0.964245080947876,6
Negative Regulation Of Notch Signaling Pathway (GO:0045746),-0.6987050457608655,0.973376452922821,27
Establishment Of Endothelial Intestinal Barrier (GO:0090557),-0.6987233651354244,0.9647812843322754,10
Establishment Of Spindle Localization (GO:0051293),-0.6992473395628104,0.9694080948829651,14
Cardiac Conduction System Development (GO:0003161),-0.6994056340524231,0.9754114151000977,25
Protein O-linked Glycosylation (GO:0006493),-0.6996521278955842,0.9907626509666443,93
Positive Regulation Of GTPase Activity (GO:0043547),-0.6997058687726228,0.9965991377830505,234
Regulation Of Renal Sodium Excretion (GO:0035813),-0.6999448778506705,0.9694080948829651,5
Positive Regulation Of Histone Deacetylation (GO:0031065),-0.7000447695609566,0.964245080947876,13
Regulation Of Establishment Of Endothelial Barrier (GO:1903140),-0.7003706992097197,0.9704828262329102,16
Negative Regulation Of Potassium Ion Transmembrane Transport (GO:1901380),-0.7007474066596319,0.9682363271713257,11
Phospholipid Translocation (GO:0045332),-0.7011555894632456,0.9771081209182739,31
Cellular Response To Nitrogen Compound (GO:1901699),-0.7013768445859324,0.9657783508300781,16
Presynaptic Endocytosis (GO:0140238),-0.701977675477492,0.9744669198989868,31
Positive Regulation Of mRNA Metabolic Process (GO:1903313),-0.7020491132308109,0.9655289649963379,12
Regulation Of Osteoblast Proliferation (GO:0033688),-0.7022501013110368,0.9644660949707031,16
protein-DNA Covalent Cross-Linking Repair (GO:0106300),-0.7028111451129555,0.9694080948829651,6
Regulation Of Axon Extension (GO:0030516),-0.7028190215060678,0.9747788310050964,35
Protein Alkylation (GO:0008213),-0.7029243606788719,0.9729767441749573,23
Positive Regulation Of Positive Chemotaxis (GO:0050927),-0.7030468226887883,0.9682363271713257,16
Positive Regulation Of Autophagy Of Mitochondrion (GO:1903599),-0.7035497805575955,0.9694080948829651,10
Regulation Of Leukocyte Tethering Or Rolling (GO:1903236),-0.7035857266195957,0.9658507108688354,11
Regulation Of Protein Localization To Centrosome (GO:1904779),-0.7038069672105753,0.9627499580383301,9
Neuron Projection Extension (GO:1990138),-0.7051092211387214,0.9731598496437073,39
Regulation Of Glial Cell Proliferation (GO:0060251),-0.7052191087346243,0.9669914841651917,8
Regulation Of Cilium Assembly (GO:1902017),-0.7052933903918142,0.9805613160133362,71
Nonribosomal Peptide Biosynthetic Process (GO:0019184),-0.7054339492434393,0.9633875489234924,7
Protein auto-ADP-ribosylation (GO:0070213),-0.7062989086109535,0.9666404724121094,10
Regulation Of Non-Canonical Wnt Signaling Pathway (GO:2000050),-0.7063905973612712,0.9671911001205444,14
Positive Regulation Of Gluconeogenesis (GO:0045722),-0.70655214110453,0.9666404724121094,7
Urogenital System Development (GO:0001655),-0.7078450600969753,0.9633875489234924,10
Embryonic Organ Morphogenesis (GO:0048562),-0.7081403109541086,0.9754114151000977,44
Positive Regulation Of Centriole Replication (GO:0046601),-0.7083626224664534,0.9673244953155518,8
Positive Regulation Of Transforming Growth Factor Beta Production (GO:0071636),-0.7085362313564438,0.9603099226951599,10
Dorsal Aorta Morphogenesis (GO:0035912),-0.7085732466262017,0.9655289649963379,6
Dorsal Aorta Development (GO:0035907),-0.7085732466262017,0.9655289649963379,6
Organelle Assembly (GO:0070925),-0.7086614259992622,0.9986216425895691,322
Response To Retinoic Acid (GO:0032526),-0.7088125797600546,0.9786957502365112,60
Negative Regulation Of Glycogen Metabolic Process (GO:0070874),-0.7089957379989166,0.9666404724121094,6
NAD Metabolic Process (GO:0019674),-0.7100899628865069,0.9686300158500671,22
Positive Regulation Of Calcium Ion Transport Into Cytosol (GO:0010524),-0.7103153717234009,0.9655289649963379,8
Positive Regulation Of Interleukin-13 Production (GO:0032736),-0.7104179098527008,0.962030827999115,10
Positive Regulation Of Pathway-Restricted SMAD Protein Phosphorylation (GO:0010862),-0.7109565702301082,0.9802427887916565,49
Regulation Of Calcium Ion Transport (GO:0051924),-0.7111506141516165,0.978746771812439,57
Regulation Of Vascular Endothelial Growth Factor Receptor Signaling Pathway (GO:0030947),-0.7111753509477315,0.9666404724121094,22
Regulation Of Defense Response To Bacterium (GO:1900424),-0.7121037705663177,0.9579011797904968,8
Ganglioside Metabolic Process (GO:0001573),-0.7126685698533247,0.9694080948829651,19
Regulation Of DNA-templated DNA Replication Initiation (GO:0030174),-0.7131175128611996,0.9666404724121094,12
Positive Regulation Of Natural Killer Cell Proliferation (GO:0032819),-0.7133779494714015,0.9657783508300781,7
Enzyme-Linked Receptor Protein Signaling Pathway (GO:0007167),-0.7140559591235816,0.9919472336769104,124
Positive Regulation Of Double-Strand Break Repair Via Homologous Recombination (GO:1905168),-0.7152907462898431,0.9694080948829651,36
Positive Regulation Of Telomere Maintenance In Response To DNA Damage (GO:1904507),-0.7157897430381429,0.9655289649963379,14
Intracellular Potassium Ion Homeostasis (GO:0030007),-0.7163363121578074,0.9655289649963379,13
Positive Regulation Of Cell Cycle G2/M Phase Transition (GO:1902751),-0.7168354922981248,0.9688087105751038,24
Regulation Of Mitotic Nuclear Division (GO:0007088),-0.7176098554842604,0.9771081209182739,56
Glutathione Biosynthetic Process (GO:0006750),-0.7177374923077982,0.9627499580383301,6
Positive Chemotaxis (GO:0050918),-0.7178355842695772,0.9666404724121094,17
Positive Regulation Of Phospholipase C Activity (GO:0010863),-0.7180150742366492,0.9705662727355957,36
Base-Excision Repair (GO:0006284),-0.71892514381927,0.9722627401351929,36
Regulation Of Lymphocyte Activation (GO:0051249),-0.7194678788980473,0.9682363271713257,18
Positive Regulation Of Neuron Migration (GO:2001224),-0.7196322688552916,0.9660824537277222,12
Regulation Of GTPase Activity (GO:0043087),-0.7201704912374873,0.9956669211387634,214
Glycogen Catabolic Process (GO:0005980),-0.7204956383564487,0.9633875489234924,6
Multinuclear Osteoclast Differentiation (GO:0072674),-0.7206045086668263,0.962030827999115,5
Positive Regulation Of Cholesterol Biosynthetic Process (GO:0045542),-0.721010170487257,0.9655289649963379,5
Positive Regulation Of Sterol Biosynthetic Process (GO:0106120),-0.721010170487257,0.9655289649963379,5
Basic Amino Acid Transmembrane Transport (GO:1990822),-0.7211558375731899,0.962030827999115,8
L-arginine Transmembrane Transport (GO:1903826),-0.7211558375731899,0.962030827999115,8
tRNA Aminoacylation For Protein Translation (GO:0006418),-0.721404561622931,0.9627499580383301,35
Positive Regulation Of Cell Cycle (GO:0045787),-0.7216563678388038,0.978746771812439,65
Outflow Tract Septum Morphogenesis (GO:0003148),-0.7216720684616503,0.9666404724121094,24
Lipoprotein Metabolic Process (GO:0042157),-0.7218552937550549,0.9633875489234924,5
"Wound Healing, Spreading Of Epidermal Cells (GO:0035313)",-0.7219147958251659,0.9633875489234924,9
Norepinephrine Transport (GO:0015874),-0.7227595951813585,0.9635497331619263,6
Neurotransmitter Uptake (GO:0001504),-0.7228827242277526,0.9633875489234924,11
Vascular Wound Healing (GO:0061042),-0.7230419310527009,0.9633875489234924,6
Regulation Of Transcription Involved In G1/S Transition Of Mitotic Cell Cycle (GO:0000083),-0.7231889295582752,0.9633875489234924,19
Negative Regulation Of Transporter Activity (GO:0032410),-0.7234022113138021,0.9657783508300781,8
Chromosome Condensation (GO:0030261),-0.7235972760293343,0.9666404724121094,32
Aorta Morphogenesis (GO:0035909),-0.7240574506141958,0.9671911001205444,17
Positive Regulation Of Monooxygenase Activity (GO:0032770),-0.7244516785223155,0.9633875489234924,26
Regulation Of Ossification (GO:0030278),-0.7245757132817797,0.9721046090126038,37
Regulation Of T Cell Mediated Immunity (GO:0002709),-0.7247566597834828,0.9603099226951599,11
Regulation Of Telomere Maintenance Via Telomerase (GO:0032210),-0.7253593074995748,0.9694080948829651,51
Regulation Of Dephosphorylation (GO:0035303),-0.7257882489548673,0.9601120948791504,15
Positive Regulation Of DNA Replication (GO:0045740),-0.7259211255178155,0.960662305355072,18
Regulation Of Myeloid Leukocyte Differentiation (GO:0002761),-0.7260978914131854,0.9579361081123352,7
Fc Receptor Signaling Pathway (GO:0038093),-0.726126684869869,0.9669209718704224,26
Dendrite Morphogenesis (GO:0048813),-0.7271434255560724,0.9671911001205444,35
Positive Regulation Of Arp2/3 Complex-Mediated Actin Nucleation (GO:2000601),-0.7273310542793449,0.9627499580383301,7
Positive Regulation Of NK T Cell Proliferation (GO:0051142),-0.7279720778493474,0.965511679649353,5
DNA Repair-Dependent Chromatin Remodeling (GO:0140861),-0.7285758528945686,0.9633875489234924,16
Central Nervous System Development (GO:0007417),-0.7286709836136602,0.9986216425895691,283
Positive Regulation Of Neuroblast Proliferation (GO:0002052),-0.7289284450444097,0.9655289649963379,18
"Positive Regulation Of mRNA Splicing, Via Spliceosome (GO:0048026)",-0.7291253880002028,0.9633875489234924,23
Neutrophil Degranulation (GO:0043312),-0.7293329109051085,0.9655289649963379,5
Vascular Endothelial Growth Factor Receptor-2 Signaling Pathway (GO:0036324),-0.7294444248208871,0.9603950381278992,5
Positive Regulation Of Blood Vessel Endothelial Cell Proliferation Involved In Sprouting Angiogenesis (GO:1903589),-0.7297539191143837,0.9560137987136841,8
Spindle Assembly (GO:0051225),-0.729757260852961,0.9721046090126038,81
Purine Ribonucleotide Catabolic Process (GO:0009154),-0.7298143872152955,0.9682363271713257,25
Osteoblast Development (GO:0002076),-0.7298800758181155,0.9655289649963379,7
Generation Of Neurons (GO:0048699),-0.7304988601700771,0.992848813533783,172
Positive Regulation Of Cell Morphogenesis Involved In Differentiation (GO:0010770),-0.7309503849363906,0.9560137987136841,12
Plasma Membrane Bounded Cell Projection Assembly (GO:0120031),-0.7309719597629845,0.9972893595695496,275
Calcium Ion Transport Into Cytosol (GO:0060402),-0.731746321386075,0.9603099226951599,9
Regulation Of Regulatory T Cell Differentiation (GO:0045589),-0.7318346439344832,0.9666404724121094,22
Positive Regulation Of Toll-Like Receptor 4 Signaling Pathway (GO:0034145),-0.7331752552350059,0.9560137987136841,10
tRNA Processing (GO:0008033),-0.7335407036571552,0.9704262018203735,50
Positive Regulation Of Carbohydrate Metabolic Process (GO:0045913),-0.733663981265204,0.9686300158500671,34
Positive Regulation Of Reproductive Process (GO:2000243),-0.73393341507526,0.9694080948829651,33
Energy Reserve Metabolic Process (GO:0006112),-0.7340105484777962,0.9568894505500793,18
Skeletal Muscle Thin Filament Assembly (GO:0030240),-0.7342964484320192,0.9578049778938293,6
Positive Regulation Of Synaptic Transmission (GO:0050806),-0.7347561225561591,0.9754114151000977,77
Negative Regulation Of Lipoprotein Particle Clearance (GO:0010985),-0.735148534407275,0.9560137987136841,6
Regulation Of Natural Killer Cell Mediated Immunity (GO:0002715),-0.7356380006297886,0.9560237526893616,5
Cellular Response To Estrogen Stimulus (GO:0071391),-0.7359089206004736,0.9602322578430176,15
Respiratory Chain Complex III Assembly (GO:0017062),-0.7361118386669742,0.9560137987136841,11
Mitochondrial Respiratory Chain Complex III Assembly (GO:0034551),-0.7361118386669742,0.9560137987136841,11
Interstrand Cross-Link Repair (GO:0036297),-0.7362098984096139,0.9694080948829651,36
"mRNA Splicing, Via Spliceosome (GO:0000398)",-0.7365603228244201,0.9965991377830505,211
Hexose Import Across Plasma Membrane (GO:0140271),-0.7367690047048355,0.9647812843322754,5
Brain Development (GO:0007420),-0.7369378946125184,0.9911925196647644,169
Regulation Of Myelination (GO:0031641),-0.7374408903413037,0.9666404724121094,25
"Synaptic Transmission, Cholinergic (GO:0007271)",-0.7376796158220917,0.9593978524208069,16
Calcium-Ion Regulated Exocytosis (GO:0017156),-0.737793549515432,0.9627499580383301,26
Embryonic Heart Tube Development (GO:0035050),-0.7381142999752357,0.9627499580383301,17
Negative Regulation Of T Cell Differentiation (GO:0045581),-0.738544120447405,0.9598000645637512,13
Axonogenesis (GO:0007409),-0.7387580293348672,0.9911925196647644,188
Protein poly-ADP-ribosylation (GO:0070212),-0.7387741745820399,0.9560137987136841,8
Non-Canonical Wnt Signaling Pathway (GO:0035567),-0.7392976180044283,0.9682363271713257,41
Regulation Of Protein Localization To Cilium (GO:1903564),-0.7394106397803775,0.9627499580383301,7
Innate Immune Response-Activating Signaling Pathway (GO:0002758),-0.7404157020521914,0.9529834985733032,16
Glyoxylate Metabolic Process (GO:0046487),-0.7404927415125426,0.9577303528785706,5
Cellular Response To Osmotic Stress (GO:0071470),-0.74130112914792,0.9671911001205444,28
Positive Regulation Of Hormone Secretion (GO:0046887),-0.7413791600779778,0.9560137987136841,19
Negative Regulation Of Fatty Acid Biosynthetic Process (GO:0045717),-0.7415267166685505,0.9593978524208069,14
Regulation Of Mitotic Cell Cycle (GO:0007346),-0.7420403552542318,0.978746771812439,125
pre-mRNA Cleavage Required For Polyadenylation (GO:0098789),-0.742086152825849,0.9644660949707031,11
Immune Response-Regulating Cell Surface Receptor Signaling Pathway (GO:0002768),-0.7422833875713057,0.9603099226951599,13
Negative Regulation Of Mitochondrial Membrane Potential (GO:0010917),-0.7423192783913823,0.9593978524208069,7
Negative Regulation Of Membrane Potential (GO:0045837),-0.7423192783913823,0.9593978524208069,8
ncRNA Metabolic Process (GO:0034660),-0.7433245019267682,0.9652540683746338,17
Positive Regulation Of Phosphoprotein Phosphatase Activity (GO:0032516),-0.7437023577636105,0.9560137987136841,18
Memory (GO:0007613),-0.7437445096070804,0.9694080948829651,58
Negative Regulation Of Macroautophagy (GO:0016242),-0.7437503544828832,0.9560137987136841,22
Negative Regulation Of DNA Biosynthetic Process (GO:2000279),-0.7438651659852488,0.9631420373916626,31
Chondrocyte Differentiation (GO:0002062),-0.7442060619836103,0.9579011797904968,29
Positive Regulation Of Urine Volume (GO:0035810),-0.7448348057313887,0.9560137987136841,5
Negative Regulation Of Cardiac Muscle Cell Apoptotic Process (GO:0010667),-0.7451540643834764,0.9633875489234924,5
Photoreceptor Cell Development (GO:0042461),-0.7452096355861828,0.9560137987136841,14
Spliceosomal Complex Assembly (GO:0000245),-0.745864509797134,0.9714639782905579,62
Striated Muscle Cell Differentiation (GO:0051146),-0.7458887196129746,0.9529834985733032,20
Positive Regulation Of Calcium Ion Import (GO:0090280),-0.7461718081946673,0.9586412310600281,7
Free Ubiquitin Chain Polymerization (GO:0010994),-0.7466275449634373,0.9579011797904968,6
Epithelial To Mesenchymal Transition (GO:0001837),-0.7475821549260684,0.9688087105751038,47
Regulation Of Sensory Perception Of Pain (GO:0051930),-0.7478703342643638,0.9560137987136841,14
Golgi Organization (GO:0007030),-0.7479057442728424,0.9793311953544617,130
Negative Regulation Of ATP-dependent Activity (GO:0032780),-0.7480525952242444,0.9560137987136841,16
Heart Contraction (GO:0060047),-0.7486387853078029,0.9633875489234924,41
DNA Cytosine Deamination (GO:0070383),-0.7487841332183243,0.9560137987136841,8
Exit From Mitosis (GO:0010458),-0.7488730928979682,0.9560137987136841,11
Protein Localization To Cell Surface (GO:0034394),-0.7488910339011495,0.950526773929596,26
Fatty Acid Beta-Oxidation Using acyl-CoA Oxidase (GO:0033540),-0.7501736895391442,0.9560137987136841,11
Positive Regulation Of NK T Cell Activation (GO:0051135),-0.7503822090267878,0.9560137987136841,8
Regulation Of Protein ADP-ribosylation (GO:0010835),-0.7508410798030277,0.9560137987136841,8
Neurotransmitter Transport (GO:0006836),-0.7511583490729974,0.9669914841651917,52
Mature B Cell Differentiation Involved In Immune Response (GO:0002313),-0.751719909446027,0.9560137987136841,13
succinyl-CoA Catabolic Process (GO:1901289),-0.7518300122242086,0.9578889608383179,5
Oxoacid Metabolic Process (GO:0043436),-0.7525665838274245,0.9598102569580078,22
Regulation Of Long-Term Synaptic Potentiation (GO:1900271),-0.7530990197547109,0.9627499580383301,31
Positive Regulation Of T Cell Mediated Immunity (GO:0002711),-0.7531282157466161,0.9634632468223572,43
Transcription-Coupled Nucleotide-Excision Repair (GO:0006283),-0.7536204628129022,0.9495105147361755,8
Positive Regulation Of Immune Effector Process (GO:0002699),-0.7545578690294461,0.9623032212257385,37
Regulation Of Calcium Ion Transmembrane Transport Via High Voltage-Gated Calcium Channel (GO:1902514),-0.7556469178348938,0.9422069787979126,10
B Cell Receptor Signaling Pathway (GO:0050853),-0.7556999087859326,0.9688087105751038,46
Histone Arginine Methylation (GO:0034969),-0.7557484207480036,0.9529834985733032,5
Positive Regulation Of Ras Protein Signal Transduction (GO:0046579),-0.75609157715831,0.9657783508300781,51
Protein Localization To Microtubule (GO:0035372),-0.7561949837180724,0.9494916796684265,9
Regulation Of Mitotic Centrosome Separation (GO:0046602),-0.7566922019107478,0.9560137987136841,8
Negative Regulation Of mRNA Processing (GO:0050686),-0.7572093994558535,0.949406087398529,15
Negative Regulation Of Cardiocyte Differentiation (GO:1905208),-0.7575205657756637,0.947883129119873,6
Regulation Of Tubulin Deacetylation (GO:0090043),-0.7575798949139612,0.9560137987136841,17
Positive Regulation Of Cell Killing (GO:0031343),-0.7576391123987485,0.9529834985733032,6
Megakaryocyte Development (GO:0035855),-0.7578785774952776,0.9560137987136841,10
Early Endosome To Late Endosome Transport (GO:0045022),-0.7594722720246166,0.9529834985733032,24
Vesicle Transport Along Microtubule (GO:0047496),-0.7596481397033944,0.9560137987136841,22
Stabilization Of Membrane Potential (GO:0030322),-0.7598365190780054,0.9486232995986938,16
Sodium Ion Transmembrane Transport (GO:0035725),-0.7600675109722267,0.9714963436126709,82
Inorganic Cation Import Across Plasma Membrane (GO:0098659),-0.7603723980275218,0.9694080948829651,103
Monocyte Activation (GO:0042117),-0.7604453977286479,0.9352098703384399,8
L-phenylalanine Catabolic Process (GO:0006559),-0.7608251251356242,0.9560137987136841,5
Erythrose 4-Phosphate/Phosphoenolpyruvate Family Amino Acid Catabolic Process (GO:1902222),-0.7608251251356242,0.9560137987136841,5
L-phenylalanine Metabolic Process (GO:0006558),-0.7608251251356242,0.9560137987136841,5
Response To Vitamin (GO:0033273),-0.7618533250585277,0.9518283605575562,8
Positive Regulation Of RNA Biosynthetic Process (GO:1902680),-0.7624042505970348,0.9443608522415161,9
Renal System Development (GO:0072001),-0.7629490879248193,0.9666404724121094,58
Purine Ribonucleoside Metabolic Process (GO:0046128),-0.7647143312212781,0.9529834985733032,6
Monoatomic Anion Transmembrane Transport (GO:0098656),-0.7647804249165985,0.9633875489234924,54
Protein Localization To Membrane Raft (GO:1903044),-0.7650353389028952,0.9538978338241577,5
Positive Regulation Of Osteoblast Differentiation (GO:0045669),-0.7653520103071005,0.9634632468223572,44
Regulation Of Neuron Differentiation (GO:0045664),-0.7657111221711714,0.9694080948829651,79
Regulation Of Lipid Kinase Activity (GO:0043550),-0.7659098687251594,0.9498815536499023,11
Inositol Phosphate-Mediated Signaling (GO:0048016),-0.7668208152783419,0.9477205872535706,19
Positive Regulation Of mRNA 3'-End Processing (GO:0031442),-0.766825460455996,0.9416828751564026,9
Negative Regulation Of Pathway-Restricted SMAD Protein Phosphorylation (GO:0060394),-0.7678097202846254,0.9410579800605774,10
Cell Projection Assembly (GO:0030031),-0.768481007196149,0.9413247108459473,12
RNA Splicing (GO:0008380),-0.7685006738663067,0.9709720015525818,98
Negative Regulation Of Transcription Elongation By RNA Polymerase II (GO:0034244),-0.7686708403464967,0.9431173205375671,14
Negative Regulation Of Toll-Like Receptor 4 Signaling Pathway (GO:0034144),-0.7693042582033233,0.9477205872535706,9
Ceramide Catabolic Process (GO:0046514),-0.7697556687816545,0.9413247108459473,15
Positive Regulation Of Antigen Receptor-Mediated Signaling Pathway (GO:0050857),-0.7698249733347163,0.9448919296264648,20
Regulation Of Organelle Assembly (GO:1902115),-0.7706985059242392,0.9677026271820068,80
Branching Morphogenesis Of An Epithelial Tube (GO:0048754),-0.7714592310678617,0.9516535401344299,42
Regulation Of Heart Contraction (GO:0008016),-0.7714789389060307,0.9671911001205444,69
Cytosolic Transport (GO:0016482),-0.7717586872801017,0.9754114151000977,127
Nucleic Acid Metabolic Process (GO:0090304),-0.7720231558379478,0.9509276151657104,30
Cardiac Muscle Cell Action Potential (GO:0086001),-0.7722188424719697,0.9529834985733032,29
Heart Development (GO:0007507),-0.7724605769690179,0.9825082421302795,171
Pyrimidine-Containing Compound Metabolic Process (GO:0072527),-0.7727072277469788,0.9370017051696777,8
Regulation Of Postsynaptic Neurotransmitter Receptor Activity (GO:0098962),-0.7728758698405989,0.9433529376983643,9
Positive Regulation Of Nuclear Division (GO:0051785),-0.7731569260783665,0.9529834985733032,26
Parallel Actin Filament Bundle Assembly (GO:0030046),-0.7738409572761876,0.9477205872535706,6
Synaptic Vesicle Uncoating (GO:0016191),-0.7739164597842869,0.9440584182739258,5
Regulation Of Transmembrane Receptor Protein Serine/Threonine Kinase Signaling Pathway (GO:0090092),-0.7739556090761334,0.9560137987136841,31
Kidney Development (GO:0001822),-0.7741010168051122,0.9699317812919617,71
Positive Regulation Of Receptor Recycling (GO:0001921),-0.7743934010027396,0.9385668039321899,9
Axon Development (GO:0061564),-0.7744007595548529,0.9721046090126038,99
Positive Regulation Of Melanin Biosynthetic Process (GO:0048023),-0.7746007441026653,0.9410579800605774,7
Positive Regulation Of Secondary Metabolite Biosynthetic Process (GO:1900378),-0.7746007441026653,0.9410579800605774,7
Positive Regulation Of Dendrite Morphogenesis (GO:0050775),-0.7747846772376192,0.9385668039321899,17
Protein Mannosylation (GO:0035268),-0.7748822145856613,0.9443078637123108,21
Positive Regulation Of Heart Contraction (GO:0045823),-0.7750402333320426,0.9370017051696777,21
Positive Regulation Of Telomerase Activity (GO:0051973),-0.7752658207075326,0.9529834985733032,33
Mitotic Recombination (GO:0006312),-0.7752843453142244,0.9485152363777161,14
Regulation Of Muscle Contraction (GO:0006937),-0.7756118275072964,0.9529834985733032,29
ncRNA Processing (GO:0034470),-0.7759316167007867,0.9694080948829651,100
Cardiac Muscle Hypertrophy (GO:0003300),-0.7760591401944684,0.9477205872535706,7
Negative Regulation Of Striated Muscle Cell Apoptotic Process (GO:0010664),-0.7767550094850539,0.9393101334571838,7
L-ornithine Transmembrane Transport (GO:1903352),-0.777118696217364,0.9478919506072998,5
Negative Regulation Of Protein Modification By Small Protein Conjugation Or Removal (GO:1903321),-0.7772570017516585,0.9560137987136841,54
Selective Autophagy (GO:0061912),-0.7772582277589528,0.9655289649963379,58
Insulin Receptor Signaling Pathway (GO:0008286),-0.7774577095285513,0.9560137987136841,47
ER Overload Response (GO:0006983),-0.7780507525474711,0.9425573945045471,7
Phagosome-Lysosome Fusion (GO:0090385),-0.7781123429259241,0.9370017051696777,11
Regulation Of Actomyosin Structure Organization (GO:0110020),-0.7782937080248387,0.9329131245613098,12
Smooth Muscle Tissue Development (GO:0048745),-0.7787454188546933,0.9410579800605774,9
Ventricular Cardiac Muscle Tissue Development (GO:0003229),-0.7789683582876007,0.9481143951416016,25
Regulation Of Axonogenesis (GO:0050770),-0.7791330931441267,0.9568718671798706,42
Positive Regulation Of Protein Acetylation (GO:1901985),-0.7793114960513252,0.9398768544197083,9
Activin Receptor Signaling Pathway (GO:0032924),-0.7793683438977869,0.9370017051696777,16
Regulation Of Ras Protein Signal Transduction (GO:0046578),-0.7799890250303579,0.9666404724121094,76
Negative Regulation Of Protein Localization (GO:1903828),-0.780075612473872,0.9560137987136841,40
Positive Regulation Of JUN Kinase Activity (GO:0043507),-0.7804996982101361,0.9478919506072998,30
Protein Localization To Nucleolus (GO:1902570),-0.7808141955862399,0.9425573945045471,7
Visual System Development (GO:0150063),-0.781045309422726,0.9560137987136841,41
Purine Nucleobase Metabolic Process (GO:0006144),-0.7811965283684291,0.9468667507171631,9
Positive Regulation Of rRNA Processing (GO:2000234),-0.781453735670723,0.9358539581298828,9
Regulation Of Interleukin-13 Production (GO:0032656),-0.782059190743847,0.938275933265686,15
Adipose Tissue Development (GO:0060612),-0.7821584626987976,0.9320326447486877,12
Negative Regulation Of Canonical Wnt Signaling Pathway (GO:0090090),-0.7822492972177523,0.9720849990844727,114
Protein Autophosphorylation (GO:0046777),-0.7823308678230436,0.9793311953544617,162
Protein Modification By Small Protein Removal (GO:0070646),-0.7823474001424469,0.9671911001205444,114
Organelle Membrane Fusion (GO:0090174),-0.7823561993439155,0.9443608522415161,26
Cellular Response To Misfolded Protein (GO:0071218),-0.7828270379762126,0.9410579800605774,19
Striated Muscle Tissue Development (GO:0014706),-0.7832596052707683,0.9410579800605774,14
Mitotic G2 DNA Damage Checkpoint Signaling (GO:0007095),-0.7836499063423129,0.9529834985733032,30
"Maturation Of SSU-rRNA From Tricistronic rRNA Transcript (SSU-rRNA, 5.8S rRNA, LSU-rRNA) (GO:0000462)",-0.7837084513247109,0.9477205872535706,30
Vascular Endothelial Growth Factor Receptor Signaling Pathway (GO:0048010),-0.7847434703476364,0.9560137987136841,28
Regulation Of Nuclear Division (GO:0051783),-0.7850496332645244,0.9434553980827332,19
Glial Cell Differentiation (GO:0010001),-0.7853492793725355,0.9477205872535706,34
Single Strand Break Repair (GO:0000012),-0.7853581416551888,0.9385668039321899,7
Positive Regulation Of Cell Cycle Phase Transition (GO:1901989),-0.7855524435971306,0.9410579800605774,17
Purine Nucleobase Biosynthetic Process (GO:0009113),-0.7857534248787822,0.9477205872535706,5
Regulation Of Interleukin-4 Production (GO:0032673),-0.7861216717931784,0.9329131245613098,23
Regulation Of Cell Fate Specification (GO:0042659),-0.7865967793105042,0.931954562664032,14
Response To Bile Acid (GO:1903412),-0.786759409518599,0.9484538435935974,5
Protein Localization To Microtubule Cytoskeleton (GO:0072698),-0.7871170143866812,0.9329131245613098,9
Gap Junction Assembly (GO:0016264),-0.7871377384315713,0.9440584182739258,6
Negative Regulation Of Epithelial Cell Differentiation (GO:0030857),-0.7874417540805123,0.9370017051696777,15
Regulation Of Dendritic Spine Development (GO:0060998),-0.78772111433146,0.9410579800605774,21
Regulation Of Cell Cycle G2/M Phase Transition (GO:1902749),-0.7878081379728503,0.9410579800605774,18
Visual Perception (GO:0007601),-0.7878347197427608,0.9682363271713257,101
Tyrosine Metabolic Process (GO:0006570),-0.7882375398153513,0.9395605325698853,11
Defense Response To Gram-negative Bacterium (GO:0050829),-0.7882933367472513,0.9633875489234924,75
Regulation Of Chemokine (C-X-C Motif) Ligand 2 Production (GO:2000341),-0.7884301057990396,0.9373508095741272,12
DNA Replication Initiation (GO:0006270),-0.7884436647821059,0.9352098703384399,21
Monosaccharide Transmembrane Transport (GO:0015749),-0.7884771812900835,0.9413247108459473,14
miRNA Metabolic Process (GO:0010586),-0.7884899091623698,0.9322330951690674,15
Lens Fiber Cell Differentiation (GO:0070306),-0.7887799758613642,0.9295480847358704,10
Selenocysteine Incorporation (GO:0001514),-0.7895424051430007,0.9322330951690674,8
Translational Readthrough (GO:0006451),-0.7895424051430007,0.9322330951690674,8
Regulation Of Hydrogen Peroxide-Induced Cell Death (GO:1903205),-0.7897629296325334,0.9410579800605774,7
Ubiquinone Metabolic Process (GO:0006743),-0.7902125413552792,0.9410579800605774,14
Negative Regulation Of Heart Contraction (GO:0045822),-0.7903978667828199,0.9322330951690674,11
Long-Chain Fatty Acid Import Into Cell (GO:0044539),-0.7908783462655924,0.9370017051696777,9
Response To Lithium Ion (GO:0010226),-0.7909633003173318,0.9377874135971069,5
Transmembrane Receptor Protein Tyrosine Kinase Signaling Pathway (GO:0007169),-0.791242491191717,0.9880657196044922,284
Regulation Of Steroid Metabolic Process (GO:0019218),-0.79170618639778,0.9410579800605774,21
"Nuclear-Transcribed mRNA Catabolic Process, Exonucleolytic (GO:0000291)",-0.791930234488563,0.9352098703384399,17
Mitotic Spindle Elongation (GO:0000022),-0.7919912763715437,0.9320326447486877,10
Mitotic Spindle Midzone Assembly (GO:0051256),-0.7919912763715437,0.9320326447486877,10
Negative Regulation Of Transcription By Competitive Promoter Binding (GO:0010944),-0.7921925280627613,0.9322330951690674,9
2-Oxoglutarate Metabolic Process (GO:0006103),-0.792311117114057,0.9352098703384399,14
Neutrophil Mediated Immunity (GO:0002446),-0.7923474295803319,0.9320326447486877,12
Sensory Perception Of Light Stimulus (GO:0050953),-0.7926483706363169,0.9671911001205444,102
Regulation Of DNA-directed DNA Polymerase Activity (GO:1900262),-0.7926904982183405,0.9370017051696777,12
Positive Regulation Of DNA-directed DNA Polymerase Activity (GO:1900264),-0.7926904982183405,0.9370017051696777,12
Protein Peptidyl-Prolyl Isomerization (GO:0000413),-0.7927058478925249,0.934128999710083,22
Negative Regulation Of Transcription By RNA Polymerase II (GO:0000122),-0.7931432546408657,0.9986216425895691,763
Regulation Of Membrane Protein Ectodomain Proteolysis (GO:0051043),-0.7931753346823253,0.9410579800605774,21
Cell Cycle G1/S Phase Transition (GO:0044843),-0.7933109141758655,0.9526124000549316,52
Epithelial Cell Morphogenesis (GO:0003382),-0.7934519902779992,0.9320326447486877,12
Lipid Import Into Cell (GO:0140354),-0.794013115653871,0.9320326447486877,9
protein-RNA Complex Assembly (GO:0022618),-0.794316278124016,0.9716723561286926,150
Positive Regulation Of Glial Cell Differentiation (GO:0045687),-0.7952897334366064,0.9328811168670654,17
GDP-mannose Metabolic Process (GO:0019673),-0.7955099640684513,0.9440398812294006,5
Positive Regulation Of TORC1 Signaling (GO:1904263),-0.7958946990753961,0.9410579800605774,27
Lens Fiber Cell Development (GO:0070307),-0.7963894416642243,0.9322330951690674,7
Cellular Response To Interleukin-12 (GO:0071349),-0.796434016904323,0.9300153851509094,10
Regulation Of Integrin Activation (GO:0033623),-0.7965096296426553,0.9317866563796997,14
Regulation Of Resting Membrane Potential (GO:0060075),-0.7967174727536291,0.9407269954681396,5
Peptidyl-Proline Modification (GO:0018208),-0.7967995467705766,0.9370017051696777,27
Positive Regulation Of Skeletal Muscle Tissue Development (GO:0048643),-0.7969608593646702,0.9366719126701355,9
Histone Modification (GO:0016570),-0.7970248406279633,0.9603604674339294,81
Positive Regulation Of Tau-Protein Kinase Activity (GO:1902949),-0.7970342118800468,0.9353229403495789,5
Regulation Of Glucose Transmembrane Transport (GO:0010827),-0.7970950274656705,0.9397293925285339,17
Negative Regulation Of Blood Vessel Endothelial Cell Migration (GO:0043537),-0.7971515352794898,0.9410912394523621,33
Regulation Of Neuron Migration (GO:2001222),-0.7972639018509442,0.9328811168670654,29
Negative Regulation Of Nuclear Division (GO:0051784),-0.797668560688652,0.9322330951690674,10
Regulation Of Acrosome Reaction (GO:0060046),-0.7978430919968643,0.9322330951690674,12
Negative Regulation Of Natural Killer Cell Mediated Cytotoxicity (GO:0045953),-0.7986922640073111,0.9295480847358704,16
Positive Regulation Of Wnt Signaling Pathway (GO:0030177),-0.7986928928573824,0.9671911001205444,109
Response To Auditory Stimulus (GO:0010996),-0.7991410592765423,0.9395605325698853,7
Regulation Of Cytokinesis (GO:0032465),-0.7992451122945256,0.9529512524604797,80
Atrial Cardiac Muscle Tissue Development (GO:0003228),-0.7994571136390776,0.9323358535766602,12
Nucleoside Metabolic Process (GO:0009116),-0.7994713842680844,0.928111732006073,9
Regulation Of Leukocyte Degranulation (GO:0043300),-0.7996345204258537,0.9295480847358704,7
Negative Regulation Of Dephosphorylation (GO:0035305),-0.7996923622965542,0.9322330951690674,10
miRNA Processing (GO:0035196),-0.7997189199668991,0.9410579800605774,32
Hematopoietic Progenitor Cell Differentiation (GO:0002244),-0.8000525644108704,0.9370017051696777,28
Regulation Of Osteoclast Development (GO:2001204),-0.8008139505934486,0.9370017051696777,6
Modulation Of Chemical Synaptic Transmission (GO:0050804),-0.800814404875189,0.966286301612854,123
Exonucleolytic Catabolism Of Deadenylated mRNA (GO:0043928),-0.8010185561146403,0.9321827292442322,12
Positive Regulation Of Epithelial Cell Proliferation (GO:0050679),-0.8010693990903422,0.9694080948829651,123
Regulation Of Osteoblast Differentiation (GO:0045667),-0.8016009701622111,0.9568718671798706,85
Endochondral Bone Morphogenesis (GO:0060350),-0.8019684098437418,0.9281458258628845,12
Exocrine System Development (GO:0035272),-0.8020290488639852,0.9320326447486877,6
"RNA Splicing, Via Endonucleolytic Cleavage And Ligation (GO:0000394)",-0.8020578413137842,0.9352149367332458,11
Regulation Of Protein-Containing Complex Disassembly (GO:0043244),-0.8020877880320385,0.9352098703384399,19
G1/S Transition Of Mitotic Cell Cycle (GO:0000082),-0.8022148023279189,0.9524630904197693,63
Negative Regulation Of Blood Pressure (GO:0045776),-0.8028010866783155,0.9302690625190735,14
Peptidyl-Diphthamide Metabolic Process (GO:0017182),-0.8029898072429811,0.9370017051696777,5
Peptidyl-Diphthamide Biosynthetic Process From Peptidyl-Histidine (GO:0017183),-0.8029898072429811,0.9370017051696777,5
Cardiolipin Metabolic Process (GO:0032048),-0.8036347776767252,0.9305492043495178,12
Positive Regulation Of Vascular Associated Smooth Muscle Cell Proliferation (GO:1904707),-0.8040130448171429,0.9372872710227966,20
Regulation Of Cardiac Conduction (GO:1903779),-0.8042393039494683,0.9320326447486877,21
Regulation Of Dopamine Uptake Involved In Synaptic Transmission (GO:0051584),-0.8045960479357966,0.9269452095031738,7
Negative Regulation Of Stress Fiber Assembly (GO:0051497),-0.8053814042092607,0.9322330951690674,25
HALLMARK_SPERMATOGENESIS,-0.8055166693346146,0.9694080948829651,135
Calcium Ion Import Across Plasma Membrane (GO:0098703),-0.8055316834298963,0.9352098703384399,37
TRIF-dependent Toll-Like Receptor Signaling Pathway (GO:0035666),-0.805974774083913,0.9247217774391174,7
Positive Regulation Of Calcium Ion-Dependent Exocytosis (GO:0045956),-0.806104848074568,0.928111732006073,8
Granulocyte Activation (GO:0036230),-0.8062653382986069,0.929498016834259,12
Transmembrane Receptor Protein Serine/Threonine Kinase Signaling Pathway (GO:0007178),-0.8062882193892442,0.9666404724121094,130
Sterol Transport (GO:0015918),-0.806730548407178,0.9320326447486877,25
Postsynapse Assembly (GO:0099068),-0.8067520446733324,0.9322330951690674,9
Positive Regulation Of mRNA Processing (GO:0050685),-0.8067751039200621,0.9320326447486877,28
Signal Release (GO:0023061),-0.8069891198448698,0.9320326447486877,10
Establishment Of Mitotic Spindle Localization (GO:0040001),-0.8070702998095133,0.9352098703384399,34
Regulation Of Lamellipodium Organization (GO:1902743),-0.8072349594747573,0.928111732006073,13
Regulation Of Protein Sumoylation (GO:0033233),-0.8080349672001648,0.9322330951690674,17
Homophilic Cell Adhesion Via Plasma Membrane Adhesion Molecules (GO:0007156),-0.8083296278241525,0.9443078637123108,60
Regulation Of Golgi To Plasma Membrane Protein Transport (GO:0042996),-0.8087382842914385,0.9409713745117188,7
Regulation Of Transcription From RNA Polymerase II Promoter In Response To Hypoxia (GO:0061418),-0.8087810163942762,0.9300153851509094,7
Peptidyl-Threonine Dephosphorylation (GO:0035970),-0.8090747219686808,0.9306471347808838,17
Lipoprotein Localization (GO:0044872),-0.8090780874051361,0.928111732006073,12
Regulation Of Nuclease Activity (GO:0032069),-0.8091377627064922,0.9370017051696777,6
Negative Regulation Of Calcium Ion Transport (GO:0051926),-0.8094668649619106,0.931954562664032,17
Regulation Of Myeloid Leukocyte Mediated Immunity (GO:0002886),-0.809529639341437,0.928111732006073,9
"RNA Splicing, Via Transesterification Reactions With Bulged Adenosine As Nucleophile (GO:0000377)",-0.8100490464474039,0.9761902689933777,180
Embryonic Eye Morphogenesis (GO:0048048),-0.8106657731884315,0.9302802681922913,9
Organic Cyclic Compound Catabolic Process (GO:1901361),-0.8108171409371419,0.9306471347808838,11
Neuromuscular Process Controlling Balance (GO:0050885),-0.8108861647588854,0.928111732006073,13
Negative Regulation Of Cellular Response To Growth Factor Stimulus (GO:0090288),-0.8110202912685887,0.9560137987136841,71
Negative Regulation Of Nucleocytoplasmic Transport (GO:0046823),-0.8119720433270269,0.92764812707901,14
"Pentose-Phosphate Shunt, Non-Oxidative Branch (GO:0009052)",-0.81231440871592,0.9410579800605774,5
Establishment Of Protein Localization To Telomere (GO:0070200),-0.8123162658680917,0.9413247108459473,5
Epigenetic Regulation Of Gene Expression (GO:0040029),-0.8123761511089268,0.9541226625442505,83
Regulation Of Intracellular Signal Transduction (GO:1902531),-0.8135974804917621,0.9799681305885315,297
Establishment Of Spindle Orientation (GO:0051294),-0.8139318535473624,0.934128999710083,35
Negative Regulation Of Protein Localization To Chromatin (GO:0120186),-0.8140980814068547,0.9328811168670654,5
mRNA Processing (GO:0006397),-0.8146809764960135,0.9754114151000977,214
Cellular Response To Growth Factor Stimulus (GO:0071363),-0.8151082552017656,0.9647812843322754,155
Regulation Of Keratinocyte Migration (GO:0051547),-0.8154744707998989,0.9262734651565552,11
Steroid Catabolic Process (GO:0006706),-0.8158974144703013,0.9305492043495178,12
Mesodermal Cell Differentiation (GO:0048333),-0.8163189081800521,0.9306471347808838,8
Negative Regulation Of Transposition (GO:0010529),-0.816354324145709,0.9322330951690674,25
Positive Regulation Of Cyclin-Dependent Protein Kinase Activity (GO:1904031),-0.8163557011823805,0.92764812707901,18
Ornithine Transport (GO:0015822),-0.8163586441138048,0.9356891512870789,5
Protein Phosphorylation (GO:0006468),-0.8164247320823447,0.9965991377830505,500
Negative Regulation Of Endothelial Cell Migration (GO:0010596),-0.8165591011400218,0.9322330951690674,37
Vacuolar Transport (GO:0007034),-0.8165759043643288,0.9440398812294006,46
Positive Regulation Of Keratinocyte Migration (GO:0051549),-0.8167570458456976,0.9269452095031738,9
Response To Prostaglandin E (GO:0034695),-0.8168129571768795,0.9262734651565552,10
Mitotic G1/S Transition Checkpoint Signaling (GO:0044819),-0.8170031766714168,0.928111732006073,10
Positive Regulation Of Phosphatase Activity (GO:0010922),-0.8171885326028425,0.9325854778289795,22
Synaptic Vesicle Exocytosis (GO:0016079),-0.8171996965645708,0.931954562664032,41
Positive Regulation Of Mitochondrial Membrane Permeability (GO:0035794),-0.8174222180060373,0.9295480847358704,9
Regulation Of Nitric-Oxide Synthase Activity (GO:0050999),-0.8183592454695283,0.92764812707901,28
7-Methylguanosine RNA Capping (GO:0009452),-0.8183831963222215,0.92764812707901,5
Histone Deacetylation (GO:0016575),-0.81871209636145,0.9370017051696777,36
Negative Regulation Of Reactive Oxygen Species Metabolic Process (GO:2000378),-0.8187259279518373,0.9262734651565552,21
Negative Regulation Of Protein Localization To Cell Surface (GO:2000009),-0.8188864468984055,0.9206652641296387,9
Cerebral Cortex Cell Migration (GO:0021795),-0.8189503707425475,0.9328811168670654,5
RNA Modification (GO:0009451),-0.8189522313954949,0.9370017051696777,51
Activation Of Adenylate Cyclase Activity (GO:0007190),-0.8191448399597379,0.9262734651565552,20
Regulation Of cAMP-mediated Signaling (GO:0043949),-0.8194097035948628,0.924718976020813,18
Mitotic Nuclear Membrane Disassembly (GO:0007077),-0.819633735260243,0.9300153851509094,6
Phosphatidylinositol Dephosphorylation (GO:0046856),-0.8200497377573842,0.9329131245613098,16
Positive Regulation Of Epithelial Cell Differentiation (GO:0030858),-0.8201058311555867,0.9300153851509094,20
Positive Regulation Of Neurogenesis (GO:0050769),-0.8203219763094014,0.9413247108459473,75
miRNA Catabolic Process (GO:0010587),-0.8204644801183795,0.9262734651565552,10
Histone H4 Acetylation (GO:0043967),-0.8205475022210199,0.9370138049125671,39
Chromosome Organization (GO:0051276),-0.8206897190662981,0.931954562664032,45
Cholesterol Import (GO:0070508),-0.8208011516293968,0.9262734651565552,5
Regulation Of Transcription Elongation By RNA Polymerase II (GO:0034243),-0.8209475965843908,0.9529834985733032,77
Negative Regulation Of Cyclin-Dependent Protein Serine/Threonine Kinase Activity (GO:0045736),-0.8211313460293391,0.9262734651565552,19
Regulation Of Cartilage Development (GO:0061035),-0.8213831202262508,0.9286751747131348,17
Positive Regulation Of Potassium Ion Transmembrane Transport (GO:1901381),-0.8214799159844984,0.9247217774391174,17
Glycerol-3-Phosphate Metabolic Process (GO:0006072),-0.8215003843210107,0.9322330951690674,6
Negative Regulation Of Cyclin-Dependent Protein Kinase Activity (GO:1904030),-0.8216238236923872,0.9223912358283997,20
Dopamine Transport (GO:0015872),-0.8219349223269141,0.9247217774391174,9
Muscle Contraction (GO:0006936),-0.8221816927763788,0.9560137987136841,94
Response To Amino Acid Starvation (GO:1990928),-0.8222061605210037,0.9352098703384399,41
Regulation Of DNA Replication (GO:0006275),-0.8224071809808339,0.9545712471008301,75
Autophagosome Organization (GO:1905037),-0.8224769516723364,0.9413247108459473,61
Heart Process (GO:0003015),-0.8225231461816579,0.926391065120697,16
L-serine Metabolic Process (GO:0006563),-0.8228481324958463,0.9262734651565552,10
Histone mRNA Catabolic Process (GO:0071044),-0.8228713050796912,0.9233486652374268,14
Microtubule Cytoskeleton Organization Involved In Mitosis (GO:1902850),-0.8232176397580767,0.9417242407798767,59
Positive Regulation Of Nitric-Oxide Synthase Biosynthetic Process (GO:0051770),-0.8233374864323095,0.9262734651565552,10
Positive Regulation Of Lipoprotein Particle Clearance (GO:0010986),-0.8234104763908121,0.9262734651565552,5
Positive Regulation Of Heart Rate (GO:0010460),-0.823541980957692,0.931954562664032,17
Positive Regulation Of Dendritic Cell Chemotaxis (GO:2000510),-0.8237553912264569,0.9320326447486877,7
Urea Cycle (GO:0000050),-0.823977405557143,0.9290974736213684,5
Phospholipid Catabolic Process (GO:0009395),-0.8242503487965582,0.9306471347808838,28
Regulation Of Cell Migration Involved In Sprouting Angiogenesis (GO:0090049),-0.8244439497667183,0.9306471347808838,30
Regulation Of Neurotransmitter Receptor Activity (GO:0099601),-0.8244649373776881,0.9413247108459473,42
Negative Regulation Of Membrane Protein Ectodomain Proteolysis (GO:0051045),-0.8246940928832822,0.93440181016922,6
Positive Regulation Of Gap Junction Assembly (GO:1903598),-0.8250253399337352,0.9309229850769043,5
Negative Regulation Of Cell-Cell Adhesion (GO:0022408),-0.8254910381507415,0.9306471347808838,40
Establishment Of Mitotic Spindle Orientation (GO:0000132),-0.8267043158657887,0.9277957081794739,29
Positive Regulation Of Catalytic Activity (GO:0043085),-0.8268585832526895,0.9322330951690674,40
Regulation Of Dopamine Metabolic Process (GO:0042053),-0.826910422147089,0.9290974736213684,7
Regulation Of Antigen Receptor-Mediated Signaling Pathway (GO:0050854),-0.8271401783339283,0.9300153851509094,6
Regulation Of Cardiac Muscle Cell Differentiation (GO:2000725),-0.8271784776547186,0.923102080821991,9
Learning (GO:0007612),-0.8274921506372803,0.9320326447486877,43
Regulation Of Endothelial Cell Development (GO:1901550),-0.8278034975984576,0.9262734651565552,8
N-terminal Protein Amino Acid Acetylation (GO:0006474),-0.8283805281961714,0.9262734651565552,15
Vascular Associated Smooth Muscle Cell Differentiation (GO:0035886),-0.8284317972604411,0.9302690625190735,8
Regulation Of Telomere Capping (GO:1904353),-0.8284939155495722,0.9204066395759583,22
Negative Regulation Of Cytokine Production Involved In Inflammatory Response (GO:1900016),-0.8285487073591516,0.9195986390113831,20
Sodium Ion Import Across Plasma Membrane (GO:0098719),-0.82884348635909,0.9204066395759583,21
Regulation Of Vascular Associated Smooth Muscle Cell Proliferation (GO:1904705),-0.8290926134028493,0.9329131245613098,37
Basement Membrane Organization (GO:0071711),-0.8291081636544695,0.9204066395759583,10
Positive Regulation Of Dendritic Cell Cytokine Production (GO:0002732),-0.8300614957520868,0.9205809831619263,8
Mitotic G2/M Transition Checkpoint (GO:0044818),-0.8301482144630651,0.9322330951690674,46
Negative Regulation Of DNA Metabolic Process (GO:0051053),-0.8304801540372649,0.9262734651565552,49
Synaptic Vesicle Endocytosis (GO:0048488),-0.8317527800161234,0.9320326447486877,40
Potassium Ion Export Across Plasma Membrane (GO:0097623),-0.8319427419756006,0.9151223301887512,13
T Cell Chemotaxis (GO:0010818),-0.8320106124258451,0.9186565279960632,10
Cell Morphogenesis Involved In Differentiation (GO:0000904),-0.8322661108362152,0.9193719029426575,24
Adrenergic Receptor Signaling Pathway (GO:0071875),-0.8328080044049795,0.91698157787323,18
Regulation Of Canonical Wnt Signaling Pathway (GO:0060828),-0.8330809340332628,0.9694080948829651,207
Regulation Of Cell Fate Commitment (GO:0010453),-0.8338280730697454,0.9222192168235779,13
Negative Regulation Of Response To Cytokine Stimulus (GO:0060761),-0.8343583324303646,0.916655421257019,10
Regulation Of Catecholamine Secretion (GO:0050433),-0.8347055227687866,0.9262734651565552,27
Positive Regulation Of Double-Strand Break Repair Via Nonhomologous End Joining (GO:2001034),-0.834801548130928,0.9207621812820435,13
Positive Regulation Of Mitochondrial Outer Membrane Permeabilization Involved In Apoptotic Signaling Pathway (GO:1901030),-0.8348041661232681,0.9193719029426575,10
NADH Metabolic Process (GO:0006734),-0.834984328795576,0.9262734651565552,7
Postreplication Repair (GO:0006301),-0.8350008889190819,0.9186025261878967,22
Stress Granule Assembly (GO:0034063),-0.8351865124229536,0.916655421257019,24
Clathrin Coat Assembly (GO:0048268),-0.8352462509967937,0.9204066395759583,13
Response To Fibroblast Growth Factor (GO:0071774),-0.8355375377296467,0.9170594811439514,20
Vesicle Cytoskeletal Trafficking (GO:0099518),-0.8358562446881344,0.9262734651565552,39
Histone H4-K8 Acetylation (GO:0043982),-0.8359534808875412,0.915995180606842,15
Histone H4-K5 Acetylation (GO:0043981),-0.8359534808875412,0.915995180606842,15
Positive Regulation Of miRNA-mediated Gene Silencing (GO:2000637),-0.8361628587055432,0.9277957081794739,9
Positive Regulation Of Extrinsic Apoptotic Signaling Pathway Via Death Domain Receptors (GO:1902043),-0.8366214944153257,0.9295008182525635,5
Thymus Development (GO:0048538),-0.8367459539920168,0.916925847530365,13
Negative Regulation Of Developmental Process (GO:0051093),-0.8367800269246125,0.9416792988777161,109
Mesenchymal Cell Differentiation (GO:0048762),-0.8369159322154015,0.9322330951690674,54
miRNA-mediated Gene Silencing (GO:0035195),-0.8369772801227137,0.9276999235153198,26
RISC Complex Assembly (GO:0070922),-0.837169764101084,0.9218873381614685,8
Short-Chain Fatty Acid Metabolic Process (GO:0046459),-0.8372224732672919,0.9164662957191467,6
Positive Regulation Of Protein Kinase C Signaling (GO:0090037),-0.8372581903818718,0.9205809831619263,8
Positive Regulation Of Protein Localization To Plasma Membrane (GO:1903078),-0.83726790203237,0.9302690625190735,51
Sphingomyelin Metabolic Process (GO:0006684),-0.8377309728715899,0.9136098623275757,12
DNA Strand Elongation Involved In DNA Replication (GO:0006271),-0.8378883758260803,0.9170594811439514,12
Regulation Of Plasma Membrane Bounded Cell Projection Assembly (GO:0120032),-0.8380849053937457,0.9410579800605774,75
Regulation Of Rho Protein Signal Transduction (GO:0035023),-0.8381566946867088,0.9352098703384399,73
Positive Regulation Of MAP Kinase Activity (GO:0043406),-0.8388447477115196,0.9443608522415161,91
Positive Regulation Of Lipid Biosynthetic Process (GO:0046889),-0.8389595985249377,0.928111732006073,39
Mitotic DNA Replication (GO:1902969),-0.8391654875729669,0.9204066395759583,10
Negative Regulation Of Mitotic Nuclear Division (GO:0045839),-0.8399035935091573,0.9193719029426575,8
"Retrograde Transport, Endosome To Golgi (GO:0042147)",-0.840083117989826,0.938275933265686,94
Amino Sugar Catabolic Process (GO:0046348),-0.8402667660931845,0.9222192168235779,7
Regulation Of Cyclin-Dependent Protein Serine/Threonine Kinase Activity (GO:0000079),-0.8405137953927059,0.9431173205375671,79
Cardiac Left Ventricle Morphogenesis (GO:0003214),-0.8406100379277609,0.9143484234809875,13
Regulation Of Interleukin-1 Production (GO:0032652),-0.8406215480584961,0.9151223301887512,16
Synaptic Vesicle Localization (GO:0097479),-0.8406629784468651,0.9195986390113831,13
Regulation Of Gap Junction Assembly (GO:1903596),-0.8409676902803714,0.918949544429779,8
"Endonucleolytic Cleavage Of Tricistronic rRNA Transcript (SSU-rRNA, 5.8S rRNA, LSU-rRNA) (GO:0000479)",-0.8413772001315827,0.9204066395759583,13
Regulation Of Mast Cell Activation Involved In Immune Response (GO:0033006),-0.8413911123157493,0.9204066395759583,9
Positive Regulation Of Stress-Activated Protein Kinase Signaling Cascade (GO:0070304),-0.8415055142961266,0.9195986390113831,18
Positive Regulation Of Ion Transmembrane Transporter Activity (GO:0032414),-0.8415198302755937,0.9269452095031738,33
Response To Interleukin-4 (GO:0070670),-0.8420329846823482,0.923102080821991,9
Chondrocyte Development (GO:0002063),-0.8421642649375081,0.9207468032836914,5
Positive Regulation Of Acrosome Reaction (GO:2000344),-0.8422669860562328,0.918949544429779,9
Regulation Of High Voltage-Gated Calcium Channel Activity (GO:1901841),-0.842355743728141,0.9193719029426575,9
Toll-Like Receptor 9 Signaling Pathway (GO:0034162),-0.8424172472749879,0.9225426912307739,5
Endomembrane System Organization (GO:0010256),-0.8424499703911563,0.9583010077476501,196
Negative Regulation Of RNA Biosynthetic Process (GO:1902679),-0.842574397210779,0.9165132641792297,16
Development Of Primary Female Sexual Characteristics (GO:0046545),-0.8428231101000027,0.9170594811439514,6
Ephrin Receptor Signaling Pathway (GO:0048013),-0.8428463927091477,0.9320326447486877,43
Gamma-Aminobutyric Acid Signaling Pathway (GO:0007214),-0.8430073517175989,0.916655421257019,20
Negative Regulation Of Appetite (GO:0032099),-0.8431194183869953,0.9186581969261169,7
Positive Regulation Of Protein Export From Nucleus (GO:0046827),-0.8435774262111544,0.9203159809112549,12
Chitin Metabolic Process (GO:0006030),-0.8437049855121912,0.9204066395759583,5
Chitin Catabolic Process (GO:0006032),-0.8437049855121912,0.9204066395759583,5
Regulation Of Transcription By RNA Polymerase II (GO:0006357),-0.8438129581760205,1.0,2028
Regulation Of Fibroblast Growth Factor Receptor Signaling Pathway (GO:0040036),-0.8441215681879655,0.9170594811439514,19
Regulation Of Saliva Secretion (GO:0046877),-0.8442330696774414,0.9262734651565552,6
Glial Cell Development (GO:0021782),-0.8445548596958178,0.9165132641792297,23
Protein Localization To Synapse (GO:0035418),-0.845237410718488,0.9136098623275757,13
Phosphatidylinositol-Mediated Signaling (GO:0048015),-0.8454013900385318,0.9328811168670654,62
Inner Ear Receptor Cell Differentiation (GO:0060113),-0.8456258484666065,0.9204066395759583,6
Low-Density Lipoprotein Particle Remodeling (GO:0034374),-0.8459494441857415,0.9136098623275757,12
RNA-mediated Gene Silencing (GO:0031047),-0.8462248484453578,0.9170594811439514,29
Negative Regulation Of Cytokinesis (GO:0032466),-0.846728415395334,0.9238371253013611,5
Fatty Acid Beta-Oxidation Using acyl-CoA Dehydrogenase (GO:0033539),-0.847142841003828,0.9204066395759583,10
Negative Regulation Of Biomineral Tissue Development (GO:0070168),-0.8471730345889135,0.915995180606842,21
Cell Morphogenesis Involved In Neuron Differentiation (GO:0048667),-0.8472384354713586,0.9322330951690674,77
Positive Regulation Of Protein Transport (GO:0051222),-0.8472610602795656,0.9328811168670654,70
Positive Regulation Of RNA Splicing (GO:0033120),-0.8475806172565881,0.91698157787323,36
Regulation Of Substrate Adhesion-Dependent Cell Spreading (GO:1900024),-0.847635478309485,0.923102080821991,51
Regulation Of Establishment Of Protein Localization (GO:0070201),-0.8478340307113199,0.9151223301887512,14
Protein Quality Control For Misfolded Or Incompletely Synthesized Proteins (GO:0006515),-0.8478445327107049,0.916655421257019,27
Regulation Of DNA-templated Transcription (GO:0006355),-0.8482605264508654,1.0,1922
Regulation Of T Cell Cytokine Production (GO:0002724),-0.8488201792492963,0.916655421257019,18
Regulation Of Vasoconstriction (GO:0019229),-0.8488317192138536,0.9193719029426575,26
Plasma Membrane Bounded Cell Projection Organization (GO:0120036),-0.8488474252362004,0.9416828751564026,132
Relaxation Of Cardiac Muscle (GO:0055119),-0.8493210331702233,0.916925847530365,12
Cyclooxygenase Pathway (GO:0019371),-0.8493556837082978,0.9204066395759583,8
Negative Regulation Of Protein Import Into Nucleus (GO:0042308),-0.8499476818625156,0.9162641763687134,8
Regulation Of Pathway-Restricted SMAD Protein Phosphorylation (GO:0060393),-0.8500915782661166,0.9277957081794739,61
Lysosome Localization (GO:0032418),-0.8507429072389615,0.9206652641296387,42
Actin Filament Bundle Assembly (GO:0051017),-0.8508117416379607,0.916655421257019,33
Glucan Catabolic Process (GO:0009251),-0.8513486692329865,0.9199814200401306,6
Embryonic Appendage Morphogenesis (GO:0035113),-0.8513643373860884,0.916655421257019,10
Positive Regulation Of Defense Response To Bacterium (GO:1900426),-0.851540584143494,0.9136098623275757,10
Negative Regulation Of Cellular Biosynthetic Process (GO:0031327),-0.8519322948156071,0.947110116481781,137
Protein K63-linked Deubiquitination (GO:0070536),-0.852414998066243,0.9165132641792297,33
Positive Regulation Of Reactive Oxygen Species Biosynthetic Process (GO:1903428),-0.8524315086009538,0.9126942753791809,12
Sensory Perception Of Sound (GO:0007605),-0.8527547127953609,0.9352098703384399,92
Regulation Of Telomerase Activity (GO:0051972),-0.8528598536718338,0.9191033244132996,45
Chromatin Remodeling (GO:0006338),-0.8531911373756359,0.9659649133682251,228
tRNA Surveillance (GO:0106354),-0.8536919384330748,0.9136098623275757,7
Positive Regulation Of Mitotic Cell Cycle Phase Transition (GO:1901992),-0.8537638969118585,0.9306471347808838,63
Regulation Of Intracellular Estrogen Receptor Signaling Pathway (GO:0033146),-0.8537763421402048,0.918949544429779,25
Peptidyl-Serine Phosphorylation (GO:0018105),-0.8539010111378247,0.9486430287361145,158
DNA Replication-Dependent Chromatin Assembly (GO:0006335),-0.8541223429585094,0.9191033244132996,5
Positive Regulation Of Transcription By RNA Polymerase III (GO:0045945),-0.8544978987195023,0.9136098623275757,15
Response To ATP (GO:0033198),-0.8545013023095309,0.9136098623275757,20
Positive Regulation Of Calcium Ion Transmembrane Transporter Activity (GO:1901021),-0.8552858628313804,0.9136098623275757,27
Response To Hydroperoxide (GO:0033194),-0.8553231378875769,0.919575572013855,7
Lipoprotein Catabolic Process (GO:0042159),-0.8554629377802824,0.9262734651565552,10
Inclusion Body Assembly (GO:0070841),-0.8556038175633606,0.9199814200401306,5
Positive Regulation Of Cell-Matrix Adhesion (GO:0001954),-0.8556706526335508,0.9195986390113831,43
Cell Cycle G2/M Phase Transition (GO:0044839),-0.8560159253916053,0.9193719029426575,40
Circulatory System Development (GO:0072359),-0.8562248940302584,0.9434553980827332,132
Positive Regulation Of Fever Generation (GO:0031622),-0.8562943145588416,0.9170594811439514,5
Antibacterial Humoral Response (GO:0019731),-0.8563828679306098,0.918949544429779,49
Positive Regulation Of Plasma Membrane Bounded Cell Projection Assembly (GO:0120034),-0.8566467368074241,0.9295480847358704,88
Regulation Of Histone Methylation (GO:0031060),-0.8566758472483537,0.91698157787323,9
Regulation Of Establishment Of Cell Polarity (GO:2000114),-0.8568271546886035,0.9126942753791809,17
Hepaticobiliary System Development (GO:0061008),-0.8570468148012432,0.916655421257019,23
Protein Dephosphorylation (GO:0006470),-0.8575551703401401,0.9448482394218445,124
Negative Regulation Of Wnt Signaling Pathway (GO:0030178),-0.8575840528600582,0.9410579800605774,140
Positive Regulation Of Neural Precursor Cell Proliferation (GO:2000179),-0.8576437542174384,0.9151223301887512,29
Positive Regulation Of G2/M Transition Of Mitotic Cell Cycle (GO:0010971),-0.8577388618540899,0.9120410084724426,21
sno(s)RNA 3'-End Processing (GO:0031126),-0.8582753092299036,0.915995180606842,11
Protein Deacetylation (GO:0006476),-0.8585504508668891,0.918949544429779,40
DNA Geometric Change (GO:0032392),-0.8585839059249758,0.9120410084724426,30
Regulation Of Low-Density Lipoprotein Particle Clearance (GO:0010988),-0.8586498801670616,0.9056723713874817,10
Protein Sulfation (GO:0006477),-0.858679619274052,0.915995180606842,5
Regulation Of Mitochondrial Fusion (GO:0010635),-0.8590677181808773,0.9136098623275757,11
Hexose Transmembrane Transport (GO:0008645),-0.8594547423198249,0.9136098623275757,22
Maintenance Of Synapse Structure (GO:0099558),-0.8595299491490064,0.9150581359863281,10
Protein Localization To Cell Junction (GO:1902414),-0.859564522531463,0.9092283248901367,23
Definitive Hemopoiesis (GO:0060216),-0.8596321803863829,0.915995180606842,6
Heterochromatin Formation (GO:0031507),-0.8596738324084496,0.915054202079773,32
Phospholipid Dephosphorylation (GO:0046839),-0.8597344672055485,0.9136098623275757,30
Mitotic Spindle Organization (GO:0007052),-0.8599888877876802,0.9269452095031738,85
Positive Regulation Of Chromosome Segregation (GO:0051984),-0.8600267291457128,0.9136098623275757,18
Neurogenesis (GO:0022008),-0.8603061037057916,0.915995180606842,49
Regulation Of Melanin Biosynthetic Process (GO:0048021),-0.8603230810957857,0.9159879684448242,10
Protein Catabolic Process In The Vacuole (GO:0007039),-0.860587078583519,0.9170594811439514,6
Positive Regulation Of Synapse Assembly (GO:0051965),-0.860786701438488,0.9143484234809875,32
Response To Muramyl Dipeptide (GO:0032495),-0.8611477908064005,0.9126942753791809,12
Regulation Of Meiotic Nuclear Division (GO:0040020),-0.8613296686194435,0.9165132641792297,7
Negative Regulation Of GTPase Activity (GO:0034260),-0.8614019347538993,0.915995180606842,21
Regulation Of Cellular Respiration (GO:0043457),-0.8616303515357302,0.916655421257019,17
Regulation Of Astrocyte Differentiation (GO:0048710),-0.8620128559951763,0.9126942753791809,11
Intracellular Triglyceride Homeostasis (GO:0035356),-0.8622674535039677,0.9136098623275757,6
Regulation Of Bone Mineralization (GO:0030500),-0.862512895301014,0.923102080821991,58
Detection Of Stimulus Involved In Sensory Perception Of Pain (GO:0062149),-0.8627558580617014,0.916655421257019,6
Translocation Of Molecules Into Host (GO:0044417),-0.8630488141128919,0.915995180606842,7
Viral mRNA Export From Host Cell Nucleus (GO:0046784),-0.8630488141128919,0.915995180606842,7
V(D)J Recombination (GO:0033151),-0.8631753221455727,0.915995180606842,12
Regulation Of Immature T Cell Proliferation In Thymus (GO:0033084),-0.863199548855219,0.9195986390113831,5
Negative Regulation Of Cytoskeleton Organization (GO:0051494),-0.8632829375927547,0.9195986390113831,28
Regulation Of Reactive Oxygen Species Biosynthetic Process (GO:1903426),-0.8635226842718848,0.9136098623275757,26
Positive Regulation Of Dendritic Spine Morphogenesis (GO:0061003),-0.8635269361473503,0.9136098623275757,8
Positive Regulation Of Striated Muscle Contraction (GO:0045989),-0.8638219053018362,0.915995180606842,6
Regulation Of DNA Strand Elongation (GO:0060382),-0.8639129831972964,0.9136098623275757,16
Regulation Of Cell Junction Assembly (GO:1901888),-0.8642049214103464,0.9147167801856995,23
Positive Regulation Of Transmembrane Receptor Protein Serine/Threonine Kinase Signaling Pathway (GO:0090100),-0.8642919677714286,0.9306471347808838,95
NAD Biosynthetic Process (GO:0009435),-0.8645764551942724,0.9120410084724426,17
Positive Regulation Of ERAD Pathway (GO:1904294),-0.8650112517719146,0.9136098623275757,12
Ear Development (GO:0043583),-0.8652874877373877,0.9120410084724426,5
Negative Regulation Of Peptidyl-Serine Phosphorylation (GO:0033137),-0.865336949616236,0.9136098623275757,19
Synaptic Vesicle Transport (GO:0048489),-0.8657312817325746,0.9131596088409424,10
Positive Regulation Of Focal Adhesion Assembly (GO:0051894),-0.8659515446580113,0.9092283248901367,18
Cellular Response To cAMP (GO:0071320),-0.8664408283040735,0.9111929535865784,31
DNA Synthesis Involved In DNA Repair (GO:0000731),-0.8667154776616144,0.9098989963531494,27
Double-Strand Break Repair Via Synthesis-Dependent Strand Annealing (GO:0045003),-0.8669726401275962,0.916655421257019,5
Purine Ribonucleoside Monophosphate Biosynthetic Process (GO:0009168),-0.8674403768581981,0.9056723713874817,11
Relaxation Of Muscle (GO:0090075),-0.8677330245087723,0.9056723713874817,13
Positive Regulation Of Striated Muscle Cell Differentiation (GO:0051155),-0.8684612755103583,0.9126942753791809,25
Positive Regulation Of ERK1 And ERK2 Cascade (GO:0070374),-0.868745207643058,0.9486232995986938,179
Regulation Of Microglial Cell Migration (GO:1904139),-0.8691693111847133,0.9118216633796692,6
Proteoglycan Metabolic Process (GO:0006029),-0.8692376598945416,0.9073582887649536,25
Protein Targeting To Vacuole (GO:0006623),-0.8696840067690692,0.9069303274154663,34
Negative Regulation Of cAMP-mediated Signaling (GO:0043951),-0.8696961772043132,0.9105503559112549,8
Negative Regulation Of Alpha-Beta T Cell Proliferation (GO:0046642),-0.8697349575470209,0.9120410084724426,9
Negative Regulation Of DNA-templated Transcription (GO:0045892),-0.8700220771963326,0.9933975338935852,1025
Positive Regulation Of Protein Autophosphorylation (GO:0031954),-0.8704169318690624,0.906862735748291,22
CENP-A Containing Chromatin Assembly (GO:0034080),-0.8710313779255581,0.9056723713874817,6
Chromatin Remodeling At Centromere (GO:0031055),-0.8710313779255581,0.9056723713874817,6
Protein Localization To Phagophore Assembly Site (GO:0034497),-0.8712099725889565,0.9120410084724426,13
Folic Acid Metabolic Process (GO:0046655),-0.8714420770183183,0.9120410084724426,12
Vesicle Fusion (GO:0006906),-0.8718128959871774,0.9262734651565552,79
Nervous System Development (GO:0007399),-0.8727575917540499,0.973376452922821,433
Regulation Of Activated T Cell Proliferation (GO:0046006),-0.8728258641421297,0.9136098623275757,33
MyD88-independent Toll-Like Receptor Signaling Pathway (GO:0002756),-0.8739794301411457,0.9056723713874817,8
Regulation Of Transposition (GO:0010528),-0.8750312489677714,0.9050019979476929,14
Autophagosome Assembly (GO:0000045),-0.8751006241297477,0.915995180606842,65
Podocyte Cell Migration (GO:0090521),-0.8751271737071004,0.9136098623275757,5
Negative Regulation Of Peptide Hormone Secretion (GO:0090278),-0.8752691616095407,0.9069303274154663,18
mRNA Metabolic Process (GO:0016071),-0.8754117961438638,0.917405903339386,85
Positive Regulation Of NLRP3 Inflammasome Complex Assembly (GO:1900227),-0.8755018426266612,0.9105503559112549,18
Negative Regulation Of Telomere Maintenance (GO:0032205),-0.8759678544223628,0.9056723713874817,15
Negative Regulation Of DNA-templated DNA Replication (GO:2000104),-0.8762655431106166,0.9098013043403625,7
Positive Regulation Of Pseudopodium Assembly (GO:0031274),-0.8763973871197215,0.9073582887649536,11
Regulation Of Pseudopodium Assembly (GO:0031272),-0.8763973871197215,0.9073582887649536,11
Positive Regulation Of Ossification (GO:0045778),-0.876425234472195,0.9126735329627991,41
Negative Regulation Of Meiotic Nuclear Division (GO:0045835),-0.8766968219622501,0.9056723713874817,6
Regulation Of Mitotic Metaphase/Anaphase Transition (GO:0030071),-0.8770744804799676,0.915995180606842,49
Somatic Hypermutation Of Immunoglobulin Genes (GO:0016446),-0.8772119804030616,0.9110816717147827,7
Adenosine To Inosine Editing (GO:0006382),-0.8774223702891412,0.9105503559112549,6
Positive Regulation Of Secretion (GO:0051047),-0.87756354087328,0.9056723713874817,15
Negative Regulation Of Cell Migration Involved In Sprouting Angiogenesis (GO:0090051),-0.8776145283131955,0.9102811217308044,13
Positive Regulation Of Muscle Cell Differentiation (GO:0051149),-0.8776353212703805,0.903264045715332,15
Regulation Of Actin Filament Bundle Assembly (GO:0032231),-0.8777869605278833,0.915995180606842,26
Positive Regulation Of Cell Cycle Process (GO:0090068),-0.8779270312534848,0.9322330951690674,118
Protein K11-linked Ubiquitination (GO:0070979),-0.8780100788498325,0.9111929535865784,29
Regulation Of Opsonization (GO:1903027),-0.8782320320702234,0.9073582887649536,10
Secondary Palate Development (GO:0062009),-0.878467652322324,0.9043932557106018,13
Regulation Of Muscle Cell Differentiation (GO:0051147),-0.878920047456034,0.9056723713874817,24
Positive Regulation Of Autophagosome Assembly (GO:2000786),-0.8790119282216282,0.9069303274154663,16
Protein Localization To Site Of Double-Strand Break (GO:1990166),-0.8793207371677081,0.9056723713874817,5
7-Methylguanosine mRNA Capping (GO:0006370),-0.8795308799249649,0.9066283106803894,6
"Maturation Of LSU-rRNA From Tricistronic rRNA Transcript (SSU-rRNA, 5.8S rRNA, LSU-rRNA) (GO:0000463)",-0.8795409351713895,0.903264045715332,14
Regulation Of Sodium Ion Transmembrane Transporter Activity (GO:2000649),-0.8795803598071438,0.9136098623275757,37
RNA Stabilization (GO:0043489),-0.8796136399579818,0.9136098623275757,37
Positive Regulation Of Cellular Respiration (GO:1901857),-0.8797826160753094,0.908225953578949,10
Regulation Of Rac Protein Signal Transduction (GO:0035020),-0.8798404999503026,0.8975715637207031,15
Negative Regulation Of Circadian Rhythm (GO:0042754),-0.8800082563755516,0.9048351049423218,7
Cellular Response To Estradiol Stimulus (GO:0071392),-0.8801540611434311,0.8940753936767578,20
Ketone Body Metabolic Process (GO:1902224),-0.8805363957513989,0.9126735329627991,6
Regulation Of Extracellular Matrix Organization (GO:1903053),-0.8806274062974826,0.8974590301513672,23
Negative Regulation Of Vascular Associated Smooth Muscle Cell Proliferation (GO:1904706),-0.8806948413481889,0.9021111726760864,17
Negative Regulation Of Protein Secretion (GO:0050709),-0.8808914206954066,0.916655421257019,39
Substrate-Dependent Cell Migration (GO:0006929),-0.8810057538541334,0.9017285108566284,13
Negative Regulation Of Protein-Containing Complex Assembly (GO:0031333),-0.8810250820102985,0.9092283248901367,59
TOR Signaling (GO:0031929),-0.8811839404444063,0.9043932557106018,29
Macroautophagy (GO:0016236),-0.8812009972964413,0.9252212643623352,104
Cellular Response To Epinephrine Stimulus (GO:0071872),-0.8817021062703005,0.9056723713874817,7
Response To Epinephrine (GO:0071871),-0.8817021062703005,0.9056723713874817,7
Regulation Of Developmental Growth (GO:0048638),-0.881758427777955,0.9091084003448486,29
Cellular Modified Amino Acid Catabolic Process (GO:0042219),-0.8820215217801143,0.9056723713874817,13
Detection Of Molecule Of Bacterial Origin (GO:0032490),-0.8825329452047442,0.9120410084724426,5
Regulation Of Protein Localization (GO:0032880),-0.882631652739067,0.9170594811439514,97
Cellular Response To Amino Acid Starvation (GO:0034198),-0.8831058273646405,0.9120410084724426,42
Melanosome Organization (GO:0032438),-0.8844320797947294,0.9147167801856995,37
Regulation Of Protein Lipidation (GO:1903059),-0.8844589247764825,0.9056723713874817,9
Epidermal Growth Factor Receptor Signaling Pathway (GO:0007173),-0.8845688618297596,0.9136098623275757,45
Heparan Sulfate Proteoglycan Biosynthetic Process (GO:0015012),-0.8848362840288702,0.9002851247787476,23
Sulfur Compound Biosynthetic Process (GO:0044272),-0.8850179252004152,0.908225953578949,70
Positive Regulation Of Chromosome Organization (GO:2001252),-0.8852331207445607,0.9073582887649536,33
Myelination (GO:0042552),-0.8854049916085326,0.9051366448402405,48
Monoubiquitinated Protein Deubiquitination (GO:0035520),-0.8860300893033733,0.9022313356399536,33
Actin Cytoskeleton Reorganization (GO:0031532),-0.8862543105849172,0.9056723713874817,53
Regulation Of Inflammatory Response To Antigenic Stimulus (GO:0002861),-0.8862796987226805,0.9025666117668152,17
"Positive Regulation Of DNA Damage Response, Signal Transduction By P53 Class Mediator (GO:0043517)",-0.8863835138216505,0.8882828950881958,15
Calcium Ion-Regulated Exocytosis Of Neurotransmitter (GO:0048791),-0.8865045651223133,0.9024134874343872,14
Negative Regulation Of T Cell Mediated Cytotoxicity (GO:0001915),-0.8865091831345976,0.9004834294319153,7
Calcium Ion Transmembrane Import Into Cytosol (GO:0097553),-0.8866753250815109,0.9151223301887512,83
Sialylation (GO:0097503),-0.8869254361787754,0.9056723713874817,7
Positive Regulation Of Protein Localization To Membrane (GO:1905477),-0.8870441505899385,0.9136098623275757,79
Transcription By RNA Polymerase I (GO:0006360),-0.8871885650353092,0.9022911787033081,17
Neuron Differentiation (GO:0030182),-0.8874789222124294,0.9352098703384399,173
Endoderm Development (GO:0007492),-0.8878628664221906,0.8973627090454102,14
Release Of Sequestered Calcium Ion Into Cytosol By Endoplasmic Reticulum (GO:1903514),-0.8879175085216046,0.9056723713874817,7
Nose Development (GO:0043584),-0.888131950441985,0.9083923697471619,6
Negative Regulation Of Vascular Permeability (GO:0043116),-0.8882203364396801,0.8974481821060181,11
Sulfur Amino Acid Transport (GO:0000101),-0.8882797015763663,0.908225953578949,7
Sensory Perception Of Taste (GO:0050909),-0.888643621599706,0.8981626629829407,17
Regulation Of T-helper 17 Cell Lineage Commitment (GO:2000328),-0.8889078025864928,0.9136098623275757,5
Regulation Of G2/M Transition Of Mitotic Cell Cycle (GO:0010389),-0.8890266009355169,0.9056723713874817,35
snRNA Transcription By RNA Polymerase III (GO:0042796),-0.8890995849763783,0.9092283248901367,7
RNA Processing (GO:0006396),-0.8892545690900631,0.9322330951690674,183
Intestinal Epithelial Cell Differentiation (GO:0060575),-0.8897652006996214,0.9073582887649536,8
Synaptic Vesicle Budding From Presynaptic Endocytic Zone Membrane (GO:0016185),-0.8898726769628225,0.9056723713874817,6
Response To Iron Ion (GO:0010039),-0.8898890547537678,0.8976577520370483,12
Mitochondrion Distribution (GO:0048311),-0.889898330227084,0.9012516140937805,11
Cellular Response To ATP (GO:0071318),-0.8903576072241683,0.9052587151527405,14
Acylglycerol Biosynthetic Process (GO:0046463),-0.890396569387722,0.9052587151527405,22
Catecholamine Uptake (GO:0090493),-0.8904230679771321,0.9111929535865784,6
Regulation Of Glial Cell Apoptotic Process (GO:0034350),-0.8909198768097399,0.8973627090454102,6
Response To Reactive Oxygen Species (GO:0000302),-0.8912009509356249,0.9051366448402405,66
Adenylate Cyclase-Activating G Protein-Coupled Receptor Signaling Pathway (GO:0007189),-0.8912759022858475,0.9170594811439514,110
Negative Regulation Of Transforming Growth Factor Beta Receptor Signaling Pathway (GO:0030512),-0.8916851599777422,0.9136098623275757,77
Positive Regulation Of Cell-Cell Adhesion (GO:0022409),-0.8917182608376848,0.9056723713874817,46
Intestinal Absorption (GO:0050892),-0.8924627272679544,0.9021111726760864,11
RNA Secondary Structure Unwinding (GO:0010501),-0.8925061419311838,0.9056723713874817,8
Positive Regulation Of Neuron Projection Arborization (GO:0150012),-0.8928425767841631,0.9051366448402405,7
Regulation Of Small Molecule Metabolic Process (GO:0062012),-0.8929497717047992,0.9073582887649536,40
Regulation Of Carbohydrate Metabolic Process (GO:0006109),-0.8930986609217578,0.8962542414665222,15
Iron Ion Transport (GO:0006826),-0.8932697936639687,0.896939218044281,24
Inner Ear Receptor Cell Stereocilium Organization (GO:0060122),-0.8936935583860413,0.8962542414665222,11
Lymphocyte Mediated Immunity (GO:0002449),-0.8938692645673587,0.8962542414665222,16
post-Golgi Vesicle-Mediated Transport (GO:0006892),-0.8940608877563655,0.9056723713874817,56
Regulation Of RNA Splicing (GO:0043484),-0.894262857419241,0.9170594811439514,102
DNA Repair (GO:0006281),-0.894401907228948,0.9395605325698853,291
Negative Regulation Of Cell Population Proliferation (GO:0008285),-0.8949107308748815,0.9560137987136841,379
Peptidyl-Lysine Acetylation (GO:0018394),-0.8949541091460242,0.9021111726760864,9
Positive Regulation Of Extracellular Matrix Disassembly (GO:0090091),-0.8951912941397495,0.898012638092041,7
Phosphorylation (GO:0016310),-0.8952416933246463,0.9582789540290833,429
Synaptic Signaling (GO:0099536),-0.8952714983505322,0.9056723713874817,6
"Alternative mRNA Splicing, Via Spliceosome (GO:0000380)",-0.8953775347911271,0.8976577520370483,16
Regulation Of Smooth Muscle Cell Proliferation (GO:0048660),-0.8957221540252055,0.9017285108566284,54
Negative Regulation Of Exocytosis (GO:0045920),-0.895822772821077,0.896939218044281,10
Membrane Depolarization During Action Potential (GO:0086010),-0.8958433974665835,0.8936884999275208,13
Positive Regulation Of Post-Transcriptional Gene Silencing By RNA (GO:1900370),-0.8959477653163015,0.9009673595428467,10
Negative Regulation Of Ryanodine-Sensitive Calcium-Release Channel Activity (GO:0060315),-0.8962714848077808,0.9009673595428467,11
Negative Regulation Of Release Of Sequestered Calcium Ion Into Cytosol (GO:0051280),-0.8962714848077808,0.9009673595428467,11
Cellular Response To Nerve Growth Factor Stimulus (GO:1990090),-0.8963381828691093,0.8876118063926697,21
Positive Regulation Of Stem Cell Differentiation (GO:2000738),-0.896497232092436,0.8962542414665222,17
Regulatory ncRNA Processing (GO:0070918),-0.8965322362880545,0.8940753936767578,35
Positive Regulation Of Cytokinesis (GO:0032467),-0.8966469730176249,0.9023184180259705,39
Regulation Of Protein Localization To Chromatin (GO:1905634),-0.896648623001523,0.9017285108566284,9
Actin Filament Bundle Organization (GO:0061572),-0.8969080363041758,0.8962542414665222,33
Regulation Of Store-Operated Calcium Entry (GO:2001256),-0.8969992754647271,0.8976577520370483,9
Connective Tissue Development (GO:0061448),-0.8970387212104465,0.9050019979476929,38
Dendrite Self-Avoidance (GO:0070593),-0.8971191379593025,0.8858142495155334,12
Protein Autoprocessing (GO:0016540),-0.8972715433410337,0.8940753936767578,18
"Wnt Signaling Pathway, Planar Cell Polarity Pathway (GO:0060071)",-0.8974017662337413,0.9009673595428467,26
Regulation Of Epithelial Cell Proliferation (GO:0050678),-0.8975264688359447,0.908225953578949,91
Positive Regulation Of Peptide Hormone Secretion (GO:0090277),-0.8977147565862096,0.9056723713874817,46
Dephosphorylation (GO:0016311),-0.8977461845440496,0.9253053665161133,147
Regulation Of Triglyceride Metabolic Process (GO:0090207),-0.8979700473629759,0.8962542414665222,7
Regulation Of Biomineral Tissue Development (GO:0070167),-0.8983413739641876,0.8974590301513672,25
Chromatin Organization (GO:0006325),-0.898440488712292,0.9370017051696777,268
"Chemical Synaptic Transmission, Postsynaptic (GO:0099565)",-0.8987864531299699,0.9043932557106018,25
Regulation Of Axon Regeneration (GO:0048679),-0.8987976834404918,0.9021111726760864,10
Phosphatidylinositol Metabolic Process (GO:0046488),-0.8990246599729187,0.9091084003448486,63
Signal Transduction In Response To DNA Damage (GO:0042770),-0.8994338934578159,0.9027113318443298,57
Receptor Metabolic Process (GO:0043112),-0.9000748754614216,0.8962542414665222,20
DNA Modification (GO:0006304),-0.9001505040778913,0.8931800723075867,17
Negative Chemotaxis (GO:0050919),-0.900188294441443,0.9004834294319153,31
Negative Regulation Of Smooth Muscle Cell Proliferation (GO:0048662),-0.9004797365573314,0.8962542414665222,37
Benzene-Containing Compound Metabolic Process (GO:0042537),-0.9004864981224768,0.8962542414665222,7
Centromeric Sister Chromatid Cohesion (GO:0070601),-0.900579483067321,0.8981626629829407,5
Proteoglycan Biosynthetic Process (GO:0030166),-0.9006565426980501,0.9009673595428467,32
Pseudouridine Synthesis (GO:0001522),-0.9007133981640955,0.8976577520370483,12
Second-Messenger-Mediated Signaling (GO:0019932),-0.9008919508245864,0.9105503559112549,72
Negative Regulation Of Complement Activation (GO:0045916),-0.900963553130599,0.8975715637207031,12
Regulation Of Natural Killer Cell Chemotaxis (GO:2000501),-0.901263490210879,0.9021111726760864,6
Regulation Of Norepinephrine Secretion (GO:0014061),-0.9013193213862007,0.9025666117668152,6
Base Conversion Or Substitution Editing (GO:0016553),-0.9014772172219043,0.8940753936767578,17
Negative Regulation Of Transmembrane Receptor Protein Serine/Threonine Kinase Signaling Pathway (GO:0090101),-0.9016077877679511,0.916925847530365,111
Axo-Dendritic Transport (GO:0008088),-0.9016969328406561,0.9021111726760864,5
Protein Methylation (GO:0006479),-0.9018298248237048,0.8989459872245789,35
Transferrin Transport (GO:0033572),-0.9019167137312601,0.9056723713874817,9
Negative Regulation Of Myeloid Leukocyte Mediated Immunity (GO:0002887),-0.9020633773978994,0.9010832905769348,5
Pyrimidine Nucleobase Metabolic Process (GO:0006206),-0.9024037132205249,0.8962542414665222,11
Purine Nucleotide Biosynthetic Process (GO:0006164),-0.9028464121194745,0.9025666117668152,21
Regulation Of Cell Activation (GO:0050865),-0.9029397832477389,0.8940753936767578,11
Histone H2A-K119 Monoubiquitination (GO:0036353),-0.903018629861878,0.903046727180481,6
Negative Regulation Of Blood Coagulation (GO:0030195),-0.9031879779087165,0.9009673595428467,30
Transforming Growth Factor Beta Receptor Signaling Pathway (GO:0007179),-0.9031997604921708,0.8998070359230042,72
Positive Regulation Of Transcription Elongation By RNA Polymerase II (GO:0032968),-0.9033360340771472,0.9043932557106018,43
Cellular Response To Hypoxia (GO:0071456),-0.9037071471665035,0.9113122820854187,72
Regulation Of Apoptotic Signaling Pathway (GO:2001233),-0.9040401305345034,0.8985376954078674,45
Cellular Response To Bacterial Lipopeptide (GO:0071221),-0.9042319532393795,0.9056723713874817,6
L-aspartate Import Across Plasma Membrane (GO:0140009),-0.9043770374519089,0.8985376954078674,5
L-aspartate Transmembrane Transport (GO:0070778),-0.9043770374519089,0.8985376954078674,5
Aspartate Family Amino Acid Metabolic Process (GO:0009066),-0.9044107280205866,0.8858142495155334,12
Positive Regulation Of T Cell Receptor Signaling Pathway (GO:0050862),-0.904763396750309,0.898012638092041,13
Negative Regulation Of Translational Initiation (GO:0045947),-0.9047746221719604,0.8936884999275208,13
Inorganic Anion Transmembrane Transport (GO:0098661),-0.9048945073126001,0.9056723713874817,63
Negative Regulation Of Reactive Oxygen Species Biosynthetic Process (GO:1903427),-0.9050709900770554,0.8858142495155334,11
Negative Regulation Of Macromolecule Metabolic Process (GO:0010605),-0.9053557837681255,0.923102080821991,186
Positive Regulation Of Transcription By RNA Polymerase I (GO:0045943),-0.9053917266028314,0.8884406089782715,34
Excitatory Postsynaptic Potential (GO:0060079),-0.9054882345680739,0.898012638092041,18
Protein O-linked Glycosylation Via Serine (GO:0018242),-0.905519414279229,0.8824007511138916,9
Immunoglobulin Production Involved In Immunoglobulin-Mediated Immune Response (GO:0002381),-0.9056121670479742,0.9025666117668152,19
Intracellular Water Homeostasis (GO:0009992),-0.9058750635075453,0.8962542414665222,5
Negative Regulation Of G2/M Transition Of Mitotic Cell Cycle (GO:0010972),-0.9059189970267578,0.8962542414665222,28
Regulation Of Protein-Containing Complex Assembly (GO:0043254),-0.9063397029534246,0.9139983057975769,119
protein-DNA Complex Organization (GO:0071824),-0.9063967664104262,0.9009673595428467,60
Negative Regulation Of Programmed Necrotic Cell Death (GO:0062099),-0.9064719203080521,0.8936884999275208,10
Cellular Response To Fibroblast Growth Factor Stimulus (GO:0044344),-0.9066494144438558,0.9004834294319153,55
Sensory Perception Of Sour Taste (GO:0050915),-0.9066629240310695,0.9025666117668152,8
B Cell Chemotaxis (GO:0035754),-0.9067731758354534,0.9056723713874817,5
Axonal Fasciculation (GO:0007413),-0.907125873613568,0.8962542414665222,12
Bile Acid And Bile Salt Transport (GO:0015721),-0.9076004872180617,0.8962542414665222,23
Detection Of Visible Light (GO:0009584),-0.9078239369505385,0.8936884999275208,17
Regulation Of Nucleocytoplasmic Transport (GO:0046822),-0.9080221467964481,0.8976577520370483,16
Cellular Response To Decreased Oxygen Levels (GO:0036294),-0.9085135946305486,0.9101505875587463,73
Negative Regulation Of Lipid Catabolic Process (GO:0050995),-0.9088210556063495,0.8962275981903076,18
Regulation Of RNA Metabolic Process (GO:0051252),-0.9089406742001643,0.9069303274154663,91
Regulation Of Arp2/3 Complex-Mediated Actin Nucleation (GO:0034315),-0.9090916404970314,0.8857789039611816,30
Positive Regulation Of Calcium Ion Import Across Plasma Membrane (GO:1905665),-0.9091709274955523,0.8936884999275208,8
Negative Regulation Of Myeloid Cell Differentiation (GO:0045638),-0.9091771036508909,0.8858142495155334,22
Negative Regulation Of Telomere Maintenance Via Telomere Lengthening (GO:1904357),-0.9092037936569107,0.8885122537612915,25
Negative Regulation Of Protein Ubiquitination (GO:0031397),-0.9093495366788005,0.9017285108566284,54
Fibroblast Growth Factor Receptor Signaling Pathway (GO:0008543),-0.9094278389285545,0.8976577520370483,39
Branching Involved In Ureteric Bud Morphogenesis (GO:0001658),-0.9096276176587534,0.8876118063926697,18
Positive Regulation By Host Of Viral Genome Replication (GO:0044829),-0.90965723113117,0.8966403007507324,7
Positive Regulation Of Cell Division (GO:0051781),-0.9096617505489064,0.8962275981903076,43
Positive Regulation Of Insulin-Like Growth Factor Receptor Signaling Pathway (GO:0043568),-0.9098985432380374,0.903046727180481,7
Macropinocytosis (GO:0044351),-0.9101869260119384,0.8976577520370483,6
Ureteric Bud Morphogenesis (GO:0060675),-0.9102775532595679,0.8936884999275208,18
tRNA Catabolic Process (GO:0016078),-0.9104273418100467,0.9021111726760864,5
Mitotic Chromosome Condensation (GO:0007076),-0.9107178342181288,0.8858142495155334,15
Mitotic G1 DNA Damage Checkpoint Signaling (GO:0031571),-0.9107788418343368,0.8975715637207031,26
DNA Biosynthetic Process (GO:0071897),-0.9113382908590476,0.8913244605064392,17
Endothelial Cell Migration (GO:0043542),-0.9113739032927684,0.8962542414665222,40
Ameboidal-Type Cell Migration (GO:0001667),-0.9116115114183161,0.8936884999275208,20
"DNA Damage Response, Signal Transduction By P53 Class Mediator (GO:0030330)",-0.9116259545670861,0.8858142495155334,36
Positive Regulation Of Cell Projection Organization (GO:0031346),-0.9116269769903054,0.915995180606842,118
Regulation Of Neuroblast Proliferation (GO:1902692),-0.911742726460613,0.8931800723075867,24
Histone H2A Monoubiquitination (GO:0035518),-0.9123446423746792,0.8962275981903076,14
Ubiquitin-Dependent Protein Catabolic Process Via The Multivesicular Body Sorting Pathway (GO:0043162),-0.9125868904643298,0.8962542414665222,33
Regulation Of Embryonic Development (GO:0045995),-0.9134400671558769,0.8973627090454102,62
Epithelial Tube Formation (GO:0072175),-0.9134566193463324,0.898012638092041,5
Maturation Of LSU-rRNA (GO:0000470),-0.9142524672884261,0.8876118063926697,20
Positive Regulation Of Ubiquitin Protein Ligase Activity (GO:1904668),-0.9143408340757455,0.8962542414665222,8
Regulation Of Multicellular Organismal Development (GO:2000026),-0.9143670720086564,0.8974481821060181,59
Positive Regulation Of DNA Binding (GO:0043388),-0.9144393643094954,0.8936884999275208,33
Regulation Of Generation Of Precursor Metabolites And Energy (GO:0043467),-0.9145042662408542,0.896939218044281,8
Intracellular Sodium Ion Homeostasis (GO:0006883),-0.9149723508061242,0.8744237422943115,18
"Positive Regulation Of DNA-templated Transcription, Elongation (GO:0032786)",-0.9150764920930863,0.8962542414665222,56
"Regulation Of mRNA Splicing, Via Spliceosome (GO:0048024)",-0.9153253641644001,0.9056723713874817,94
Regulation Of Centriole Elongation (GO:1903722),-0.9153351950247357,0.8962542414665222,6
Regulation Of Morphogenesis Of An Epithelium (GO:1905330),-0.9155951633062266,0.8856608867645264,8
Histone Acetylation (GO:0016573),-0.9156279452911869,0.9009673595428467,60
Regulation Of Glycolytic Process (GO:0006110),-0.9156517648683361,0.8858142495155334,40
Cardiac Muscle Cell Contraction (GO:0086003),-0.9162203287303967,0.8830673098564148,18
Regulation Of Mitochondrial Translation (GO:0070129),-0.9163582350538954,0.8835381269454956,22
Sensory Perception Of Mechanical Stimulus (GO:0050954),-0.9163713065767066,0.9009673595428467,89
Positive Regulation Of Activated T Cell Proliferation (GO:0042104),-0.9167172258613594,0.8858142495155334,19
Glucosamine-Containing Compound Catabolic Process (GO:1901072),-0.9170577264587338,0.8884406089782715,8
Regulation Of Protein Tyrosine Kinase Activity (GO:0061097),-0.9177146626023596,0.8858142495155334,39
Regulation Of Protein Depolymerization (GO:1901879),-0.9179150508324799,0.9009673595428467,5
Regulation Of Mitochondrion Organization (GO:0010821),-0.9179734639811155,0.8940753936767578,50
Regulation Of Cellular Component Biogenesis (GO:0044087),-0.9185018871302661,0.8940753936767578,37
Plasma Membrane Invagination (GO:0099024),-0.9185476033091126,0.8844852447509766,26
Positive Regulation Of Response To Wounding (GO:1903036),-0.9188997246480286,0.8840593695640564,27
Regulation Of Sister Chromatid Cohesion (GO:0007063),-0.9190466115306795,0.8940753936767578,8
Regulation Of Superoxide Metabolic Process (GO:0090322),-0.9190492746233385,0.8985376954078674,5
HALLMARK_UV_RESPONSE_DN,-0.9191511057750738,0.9120410084724426,144
Positive Regulation Of Cyclase Activity (GO:0031281),-0.9192420092062913,0.8906370997428894,13
Mammary Gland Development (GO:0030879),-0.9194466110091849,0.8867501020431519,22
Regulation Of Filopodium Assembly (GO:0051489),-0.9198247888254512,0.8818390965461731,43
Peptidyl-Amino Acid Modification (GO:0018193),-0.9198308129248902,0.8910930156707764,9
Protein Hydroxylation (GO:0018126),-0.9198850867855992,0.8853713274002075,13
Neurotransmitter Loading Into Synaptic Vesicle (GO:0098700),-0.9207047272011246,0.8962542414665222,5
Error-Prone Translesion Synthesis (GO:0042276),-0.9208205423514655,0.8733049631118774,9
Inositol Phosphate Metabolic Process (GO:0043647),-0.921087374321311,0.8835381269454956,22
tRNA Aminoacylation For Mitochondrial Protein Translation (GO:0070127),-0.9213124598700559,0.8962542414665222,7
ER-associated Misfolded Protein Catabolic Process (GO:0071712),-0.921431344362039,0.8858142495155334,9
Regulation Of Dendritic Cell Chemotaxis (GO:2000508),-0.9214383385912319,0.8925782442092896,7
Oogenesis (GO:0048477),-0.921478851107385,0.8816797733306885,15
Embryonic Hemopoiesis (GO:0035162),-0.9214840271486816,0.8858142495155334,13
Regulation Of Cytoskeleton Organization (GO:0051493),-0.9216924268891817,0.9024134874343872,114
Mesoderm Development (GO:0007498),-0.9218278954828485,0.8830673098564148,19
Calcium Ion Homeostasis (GO:0055074),-0.9221906080466181,0.9004834294319153,102
Late Endosome To Vacuole Transport Via Multivesicular Body Sorting Pathway (GO:0032511),-0.9224046100045119,0.8813228607177734,25
Regulation Of Mast Cell Degranulation (GO:0043304),-0.9226303297887007,0.8854445815086365,14
Cardiac Muscle Cell Differentiation (GO:0055007),-0.9227917039604896,0.8813228607177734,27
Organelle Organization (GO:0006996),-0.9229226704563084,0.9320326447486877,418
Negative Regulation Of Gene Expression (GO:0010629),-0.9231164080550497,0.924718976020813,336
Neutrophil Extravasation (GO:0072672),-0.9231503977394181,0.8976577520370483,5
Autophagosome Membrane Docking (GO:0016240),-0.9233654797080038,0.8931800723075867,6
Peptidyl-Serine Modification (GO:0018209),-0.9235276665931264,0.9092283248901367,166
Regulation Of T-helper 17 Type Immune Response (GO:2000316),-0.9238200719828084,0.8818390965461731,13
Membrane Fusion (GO:0061025),-0.9242434527034684,0.8816797733306885,28
Regulation Of Myoblast Fusion (GO:1901739),-0.9247653464927365,0.8787676692008972,13
Cell Projection Organization (GO:0030030),-0.9249798141699352,0.8772319555282593,20
Regulation Of miRNA Transcription (GO:1902893),-0.9250184321765278,0.8885122537612915,59
Positive Regulation Of Cardiac Epithelial To Mesenchymal Transition (GO:0062043),-0.9251502111409382,0.8858142495155334,7
Cellular Modified Amino Acid Biosynthetic Process (GO:0042398),-0.9253098472239483,0.8858142495155334,7
Monocarboxylic Acid Catabolic Process (GO:0072329),-0.9254384046366945,0.8811766505241394,20
Regulation Of Ryanodine-Sensitive Calcium-Release Channel Activity (GO:0060314),-0.9254970823990626,0.878038227558136,24
Regulation Of Nucleic Acid-Templated Transcription (GO:1903506),-0.9256111907683812,0.9322330951690674,452
Positive Regulation Of JNK Cascade (GO:0046330),-0.9256945337614244,0.8976577520370483,77
Regulation Of Glial Cell Differentiation (GO:0045685),-0.9257844488863768,0.8858142495155334,6
Mitotic Sister Chromatid Cohesion (GO:0007064),-0.9259798267583114,0.8715044260025024,19
Skeletal Muscle Tissue Development (GO:0007519),-0.9262904795928123,0.8885122537612915,42
Negative Regulation Of Response To Type II Interferon (GO:0060331),-0.9265537567452468,0.8931800723075867,6
Negative Regulation Of Type II Interferon-Mediated Signaling Pathway (GO:0060336),-0.9265537567452468,0.8931800723075867,6
Positive Regulation Of Autophagy (GO:0010508),-0.9268745813618591,0.8940753936767578,107
Regulation Of Protein Modification Process (GO:0031399),-0.9273578208653092,0.8830673098564148,45
Mitochondrial Gene Expression (GO:0140053),-0.9279258538163437,0.8744237422943115,103
Positive Regulation Of Sprouting Angiogenesis (GO:1903672),-0.928141527236305,0.8858142495155334,15
Regulation Of Smooth Muscle Cell Migration (GO:0014910),-0.9281572886157912,0.8744237422943115,19
Regulation Of Anatomical Structure Morphogenesis (GO:0022603),-0.9284016830833385,0.9043932557106018,127
Maintenance Of DNA Repeat Elements (GO:0043570),-0.928929112122382,0.8962542414665222,5
Hematopoietic Stem Cell Differentiation (GO:0060218),-0.9289583621100638,0.8744237422943115,9
Regulation Of Actin Filament-Based Process (GO:0032970),-0.9289963487309867,0.8858142495155334,70
Telomere Maintenance Via Recombination (GO:0000722),-0.9291630302118691,0.8818390965461731,9
Negative Regulation Of Interferon-Beta Production (GO:0032688),-0.9293640392266632,0.8772319555282593,10
Positive Regulation Of Cell-Substrate Junction Organization (GO:0150117),-0.929389640749295,0.8818390965461731,23
Cellular Response To UV-B (GO:0071493),-0.9300295580379896,0.8818390965461731,11
Positive Regulation Of T-helper 17 Cell Differentiation (GO:2000321),-0.9303339089000536,0.8976577520370483,6
Neurotransmitter Biosynthetic Process (GO:0042136),-0.9308111818748755,0.8818390965461731,11
Negative Regulation Of Signal Transduction (GO:0009968),-0.9310142609563277,0.9143484234809875,267
Negative Regulation Of Cellular Response To Insulin Stimulus (GO:1900077),-0.9314842009608095,0.8744237422943115,27
miRNA-mediated Gene Silencing By Inhibition Of Translation (GO:0035278),-0.932185619530634,0.8772319555282593,14
Eye Morphogenesis (GO:0048592),-0.9322594204381658,0.8813228607177734,19
L-ascorbic Acid Metabolic Process (GO:0019852),-0.9326714250677215,0.8940753936767578,5
Regulation Of Ventricular Cardiac Muscle Cell Membrane Repolarization (GO:0060307),-0.9327439205743006,0.8818390965461731,18
Negative Regulation Of Double-Strand Break Repair (GO:2000780),-0.9332896922818505,0.8835381269454956,33
ERBB2-EGFR Signaling Pathway (GO:0038134),-0.9335497493720893,0.8931800723075867,5
Pyrimidine-Containing Compound Catabolic Process (GO:0072529),-0.9340340862594597,0.8772319555282593,8
Negative Regulation Of Smooth Muscle Cell Migration (GO:0014912),-0.9340591451640379,0.8744237422943115,14
Lymphocyte Differentiation (GO:0030098),-0.9341880319626623,0.8858142495155334,91
Regulation Of Hormone Secretion (GO:0046883),-0.9342455737745577,0.8778223991394043,15
Regulation Of Cell Morphogenesis (GO:0022604),-0.9343624119484571,0.8744237422943115,31
Phasic Smooth Muscle Contraction (GO:0014821),-0.9344648453364651,0.8722738027572632,11
"Regulation Of Synaptic Transmission, GABAergic (GO:0032228)",-0.9345686537969138,0.8744237422943115,16
Negative Regulation Of Inflammatory Response To Antigenic Stimulus (GO:0002862),-0.9345888439185758,0.8744237422943115,16
Regulation Of Hydrogen Peroxide Metabolic Process (GO:0010310),-0.9348755705876542,0.8885122537612915,5
Histone mRNA Metabolic Process (GO:0008334),-0.9364345280273717,0.8772319555282593,23
Cellular Response To Hydroxyurea (GO:0072711),-0.9370211338126738,0.8760611414909363,8
Positive Regulation Of Killing Of Cells Of Another Organism (GO:0051712),-0.9372027245433744,0.887855052947998,5
DNA Deamination (GO:0045006),-0.9372538669216449,0.8722738027572632,12
Purine Ribonucleoside Catabolic Process (GO:0046130),-0.9375727313552963,0.8858142495155334,5
Release Of Sequestered Calcium Ion Into Cytosol By Sarcoplasmic Reticulum (GO:0014808),-0.9384123811539095,0.8884406089782715,6
Positive Regulation Of Neuron Differentiation (GO:0045666),-0.9384161213520194,0.8772319555282593,42
JNK Cascade (GO:0007254),-0.9384610794778467,0.8620902299880981,29
Intracellular Oxygen Homeostasis (GO:0032364),-0.9389072408780779,0.8936884999275208,5
Positive Regulation Of Mitotic Cell Cycle Spindle Assembly Checkpoint (GO:0090267),-0.9391661709556806,0.8744237422943115,11
Positive Regulation Of Spindle Checkpoint (GO:0090232),-0.9391661709556806,0.8744237422943115,11
Regulation Of Establishment Of Planar Polarity (GO:0090175),-0.9392185125398659,0.8718644380569458,29
Positive Regulation Of Transcription By RNA Polymerase II (GO:0045944),-0.9394213482892421,0.9425094127655029,938
Skeletal System Development (GO:0001501),-0.9395426229611593,0.8976577520370483,149
Positive Regulation Of Protein Serine/Threonine Kinase Activity (GO:0071902),-0.9397079779980742,0.8936884999275208,117
Negative Regulation Of Translation (GO:0017148),-0.9397139830854314,0.8885122537612915,107
HALLMARK_G2M_CHECKPOINT,-0.9399708077954693,0.9043932557106018,200
Response To Caffeine (GO:0031000),-0.9401832446154549,0.878038227558136,6
Cellular Response To Caffeine (GO:0071313),-0.9401832446154549,0.878038227558136,6
Manganese Ion Transport (GO:0006828),-0.9404208425708102,0.878038227558136,8
Natural Killer Cell Activation (GO:0030101),-0.940712261792284,0.8858142495155334,45
Negative Regulation Of RNA Splicing (GO:0033119),-0.9407481294404126,0.8717447519302368,19
Regulation Of Multicellular Organism Growth (GO:0040014),-0.9408058839078988,0.8772395253181458,15
Dendrite Extension (GO:0097484),-0.941242881461835,0.8777663707733154,5
Regulation Of Oxidoreductase Activity (GO:0051341),-0.941438886138549,0.8726036548614502,13
Adenylate Cyclase-Activating Adrenergic Receptor Signaling Pathway (GO:0071880),-0.9419242759179239,0.8620902299880981,15
Lamellipodium Assembly (GO:0030032),-0.942353807031386,0.878038227558136,25
Positive Regulation Of Type 2 Immune Response (GO:0002830),-0.9427036900256969,0.8696861267089844,13
Negative Regulation Of Neuroinflammatory Response (GO:0150079),-0.9428162122699365,0.8744237422943115,13
Regulation Of Ubiquitin-Protein Transferase Activity (GO:0051438),-0.9428512267005501,0.8722738027572632,32
Translational Elongation (GO:0006414),-0.9430115461063848,0.8722738027572632,42
Regulation Of Lipoprotein Metabolic Process (GO:0050746),-0.9430889783229699,0.8722738027572632,7
DNA Damage Response (GO:0006974),-0.9436759816085301,0.9136098623275757,384
Cellular Response To Sterol (GO:0036315),-0.9442368793239901,0.8811269402503967,15
Cognition (GO:0050890),-0.9443507910415219,0.8744237422943115,47
Regulation Of Cation Channel Activity (GO:2001257),-0.9447734768031004,0.8855069279670715,56
Constitutive Heterochromatin Formation (GO:0140719),-0.9453547860836885,0.8793647289276123,8
Establishment Or Maintenance Of Epithelial Cell Apical/Basal Polarity (GO:0045197),-0.9453641945987993,0.8722738027572632,40
Positive Regulation Of Keratinocyte Proliferation (GO:0010838),-0.9454773076082578,0.8715044260025024,11
Regulation Of Cell Cycle (GO:0051726),-0.9455089083271724,0.9056723713874817,298
Arginine Catabolic Process (GO:0006527),-0.9458340887380341,0.8726036548614502,7
Regulation Of TOR Signaling (GO:0032006),-0.9460666015725807,0.8705782294273376,78
Regulation Of Vitamin D Receptor Signaling Pathway (GO:0070562),-0.946150218337432,0.8718644380569458,6
Response To Vitamin D (GO:0033280),-0.9463275206847063,0.8760611414909363,8
Negative Regulation Of Bone Mineralization (GO:0030502),-0.9464258729648964,0.8635423183441162,13
mRNA 3'-End Processing By Stem-Loop Binding And Cleavage (GO:0006398),-0.9465284020829804,0.8744237422943115,5
Glomerular Epithelial Cell Development (GO:0072310),-0.946877212322159,0.8813228607177734,6
Positive Regulation Of Nuclear Cell Cycle DNA Replication (GO:0010571),-0.946937860400403,0.8723241686820984,5
N-terminal Peptidyl-Methionine Acetylation (GO:0017196),-0.9469552274803064,0.8821396231651306,7
RNA Decapping (GO:0110154),-0.9470044340207363,0.8858142495155334,5
Negative Regulation Of Sequestering Of Triglyceride (GO:0010891),-0.9470308986802486,0.8797141313552856,5
Regulation Of Peroxisome Proliferator Activated Receptor Signaling Pathway (GO:0035358),-0.947262780345387,0.8709009289741516,10
Positive Regulation Of Vasculogenesis (GO:2001214),-0.9472723316826466,0.8620902299880981,9
tRNA Aminoacylation (GO:0043039),-0.9472980612198137,0.8619660139083862,22
Response To Magnesium Ion (GO:0032026),-0.9474157679187399,0.8705782294273376,8
Regulation Of Notch Signaling Pathway (GO:0008593),-0.9482998398621091,0.8760611414909363,70
Lymphoid Progenitor Cell Differentiation (GO:0002320),-0.9484799452291843,0.8818390965461731,6
RNA Export From Nucleus (GO:0006405),-0.9489849493178714,0.8744237422943115,65
Negative Regulation Of Smoothened Signaling Pathway (GO:0045879),-0.9492293865765894,0.8620902299880981,25
Glycosaminoglycan Metabolic Process (GO:0030203),-0.9493256786753803,0.8622363805770874,28
Negative Regulation Of Nervous System Process (GO:0031645),-0.9494264839796637,0.8705782294273376,5
Positive Regulation Of Cell-Substrate Adhesion (GO:0010811),-0.9497859387822722,0.8726036548614502,71
Pteridine-Containing Compound Metabolic Process (GO:0042558),-0.9499152112296213,0.8744237422943115,5
Endochondral Ossification (GO:0001958),-0.9500157170174011,0.8736553192138672,8
Mitotic Spindle Assembly (GO:0090307),-0.9502348589297176,0.8565906882286072,44
Telomere Organization (GO:0032200),-0.9503137633756042,0.8673353791236877,63
Negative Regulation Of Cation Channel Activity (GO:2001258),-0.950844488343765,0.8619660139083862,28
Negative Regulation Of Protein Polymerization (GO:0032272),-0.9508791338699918,0.8715044260025024,26
Cardiac Muscle Contraction (GO:0060048),-0.9510388337684347,0.8620902299880981,33
C-terminal Protein Amino Acid Modification (GO:0018410),-0.9510849843648993,0.8744237422943115,12
Sodium Ion Homeostasis (GO:0055078),-0.951228673498729,0.8514567613601685,25
Calcium-Mediated Signaling (GO:0019722),-0.951445959785333,0.8744237422943115,85
Catecholamine Biosynthetic Process (GO:0042423),-0.951544102565259,0.8705782294273376,11
Regulation Of Protein Processing (GO:0070613),-0.9516640288732523,0.8585732579231262,25
Regulation Of Mesenchymal Stem Cell Differentiation (GO:2000739),-0.9519774307708656,0.8727498054504395,7
Negative Regulation Of Ruffle Assembly (GO:1900028),-0.9519796408868533,0.8715044260025024,6
Cellular Response To Gamma Radiation (GO:0071480),-0.9519897856838915,0.8569473624229431,16
Organic Hydroxy Compound Catabolic Process (GO:1901616),-0.9524287204791066,0.8744237422943115,9
Regulation Of Cell Division (GO:0051302),-0.9524761945997247,0.8744237422943115,83
Transmembrane Receptor Protein Tyrosine Phosphatase Signaling Pathway (GO:0007185),-0.9526318716831406,0.8744237422943115,5
Tubulin Complex Assembly (GO:0007021),-0.9526552003648386,0.8726036548614502,6
Regulation Of Protein Secretion (GO:0050708),-0.952764521886122,0.8858142495155334,102
Adenylate Cyclase-Modulating G Protein-Coupled Receptor Signaling Pathway (GO:0007188),-0.9528679561947216,0.8936884999275208,163
Post-Transcriptional Regulation Of Gene Expression (GO:0010608),-0.9531900267009153,0.8659676909446716,57
Anterograde Axonal Protein Transport (GO:0099641),-0.9535100566215196,0.8620902299880981,7
Axo-Dendritic Protein Transport (GO:0099640),-0.9535100566215196,0.8620902299880981,7
Protein Localization To Presynapse (GO:1905383),-0.9535100566215196,0.8620902299880981,7
Action Potential (GO:0001508),-0.9535832296348579,0.8659417629241943,35
Glycosphingolipid Biosynthetic Process (GO:0006688),-0.9537989243399362,0.8635979294776917,19
Oligosaccharide Catabolic Process (GO:0009313),-0.9538466301783131,0.865716814994812,9
Termination Of RNA Polymerase II Transcription (GO:0006369),-0.9538688835892086,0.8696861267089844,7
Myeloid Leukocyte Mediated Immunity (GO:0002444),-0.953998367460011,0.8772319555282593,7
Establishment Of Endothelial Barrier (GO:0061028),-0.9541964886683861,0.8714913725852966,28
Resolution Of Recombination Intermediates (GO:0071139),-0.9542576083030304,0.8772319555282593,5
Cellular Response To Oxidised Low-Density Lipoprotein Particle Stimulus (GO:0140052),-0.9542982941059541,0.865622878074646,9
Transition Metal Ion Transport (GO:0000041),-0.9543056201296686,0.851467490196228,32
Cellular Component Assembly (GO:0022607),-0.9546035943173897,0.8975715637207031,260
Regulation Of Striated Muscle Tissue Development (GO:0016202),-0.9546728898886345,0.8696861267089844,6
Regulation Of Cellular Senescence (GO:2000772),-0.9547204396220005,0.8625941872596741,35
Positive Regulation Of DNA-templated Transcription (GO:0045893),-0.9548112547677998,0.9306471347808838,1243
Negative Regulation Of Necroptotic Process (GO:0060546),-0.9548829317553432,0.8715044260025024,9
Negative Regulation Of Nucleic Acid-Templated Transcription (GO:1903507),-0.9550493918709931,0.9056723713874817,456
Calcium Ion Import (GO:0070509),-0.955216035968561,0.8698869943618774,12
tRNA 3'-End Processing (GO:0042780),-0.9552763774653562,0.8818390965461731,6
Regulation Of NK T Cell Proliferation (GO:0051140),-0.9556625896855383,0.8744237422943115,6
Respiratory Electron Transport Chain (GO:0022904),-0.9565215125649441,0.8673353791236877,14
Heterocycle Biosynthetic Process (GO:0018130),-0.9565451214428512,0.8565906882286072,11
Protein Localization To Golgi Apparatus (GO:0034067),-0.9566518795941902,0.8565906882286072,28
Embryonic Cranial Skeleton Morphogenesis (GO:0048701),-0.9567738662963388,0.851467490196228,14
Cell Communication By Electrical Coupling Involved In Cardiac Conduction (GO:0086064),-0.9567799461911132,0.8715044260025024,16
High-Density Lipoprotein Particle Assembly (GO:0034380),-0.9568377606331516,0.8585732579231262,9
DNA Recombination (GO:0006310),-0.9570660044003096,0.8722738027572632,42
Negative Regulation Of Autophagy (GO:0010507),-0.9573269840208678,0.8718644380569458,61
Positive Regulation Of Mitotic Cytokinesis (GO:1903490),-0.957394657961455,0.8787676692008972,5
Cleavage Furrow Formation (GO:0036089),-0.957398965376317,0.8659676909446716,6
Neuron Projection Development (GO:0031175),-0.9574069561026974,0.8924828767776489,192
Negative Regulation Of Muscle Cell Differentiation (GO:0051148),-0.9574871301674247,0.8663636445999146,7
Somatic Recombination Of Immunoglobulin Genes Involved In Immune Response (GO:0002204),-0.9575140178179129,0.8744237422943115,9
Regulation Of Toll-Like Receptor 3 Signaling Pathway (GO:0034139),-0.9583573372562125,0.8587371110916138,8
Tight Junction Assembly (GO:0120192),-0.9584503913671143,0.851467490196228,53
Regulation Of JNK Cascade (GO:0046328),-0.9584541892993298,0.8722738027572632,110
Response To Nerve Growth Factor (GO:1990089),-0.9585447265230743,0.8659676909446716,13
Positive Regulation Of Icosanoid Secretion (GO:0032305),-0.9586341149008539,0.8620902299880981,6
Nuclear mRNA Surveillance (GO:0071028),-0.9587626204231765,0.8686748743057251,9
Negative Regulation Of RIG-I Signaling Pathway (GO:0039536),-0.9593267964725037,0.8637883067131042,6
Mitotic Cell Cycle Phase Transition (GO:0044772),-0.9593830055615015,0.8714913725852966,111
Regulation Of Monooxygenase Activity (GO:0032768),-0.9595019225342403,0.8576415777206421,12
Cell-Cell Adhesion Via Plasma-Membrane Adhesion Molecules (GO:0098742),-0.9599307907881505,0.8856608867645264,172
Regulation Of Cell Communication By Electrical Coupling Involved In Cardiac Conduction (GO:1901844),-0.9600023163662625,0.8514567613601685,11
Mitotic Nuclear Division (GO:0140014),-0.9601975888528523,0.8472130298614502,45
Quinone Metabolic Process (GO:1901661),-0.9608028084843774,0.8625941872596741,9
Monoatomic Cation Transport (GO:0006812),-0.9610154205003691,0.8514593839645386,42
Positive Regulation Of Neuron Apoptotic Process (GO:0043525),-0.9612000772650955,0.8511982560157776,23
Liver Development (GO:0001889),-0.9612055022722669,0.856240451335907,35
Histone Deubiquitination (GO:0016578),-0.9612268837152749,0.8597858548164368,34
Mitotic DNA Damage Checkpoint Signaling (GO:0044773),-0.9613766178170392,0.8637883067131042,56
Protein K27-linked Ubiquitination (GO:0044314),-0.9614777570918764,0.8642534017562866,7
Positive Regulation Of Isotype Switching (GO:0045830),-0.9614825968941246,0.8573135733604431,15
Delamination (GO:0060232),-0.9616051317963891,0.8622363805770874,6
Negative Regulation Of Supramolecular Fiber Organization (GO:1902904),-0.9621905882444859,0.8714913725852966,71
Regulation Of Sequestering Of Calcium Ion (GO:0051282),-0.9622499247511439,0.8723241686820984,9
"Regulation Of Retrograde Transport, Endosome To Golgi (GO:1905279)",-0.9627002242260757,0.8744126558303833,5
Positive Regulation Of Lyase Activity (GO:0051349),-0.9628233650577946,0.8485257625579834,14
Positive Regulation Of Protein Localization (GO:1903829),-0.9630709379753569,0.8588495850563049,85
Negative Regulation Of Myeloid Leukocyte Differentiation (GO:0002762),-0.9632048918386246,0.8394224047660828,30
Alpha-Beta T Cell Activation (GO:0046631),-0.9637398589881945,0.8632951378822327,15
Organelle Fusion (GO:0048284),-0.964072243919382,0.8477445244789124,26
Regulation Of Transforming Growth Factor Beta2 Production (GO:0032909),-0.964801341864553,0.8696861267089844,6
Regulation Of Protein Kinase B Signaling (GO:0051896),-0.9648072847412338,0.8717447519302368,136
Neuron Projection Fasciculation (GO:0106030),-0.9648596610548178,0.8620902299880981,10
Regulation Of Chromosome Segregation (GO:0051983),-0.9649962149504614,0.8552439212799072,28
Regulation Of Cell-Substrate Junction Assembly (GO:0090109),-0.9652783436602098,0.8625941872596741,21
Post-Transcriptional Gene Silencing (GO:0016441),-0.965416610510513,0.8511982560157776,11
Steroid Hormone Mediated Signaling Pathway (GO:0043401),-0.9655854294563935,0.8605170249938965,10
Neuron Development (GO:0048666),-0.9660973910203229,0.8673353791236877,150
Regulation Of Growth Hormone Secretion (GO:0060123),-0.9661529394963855,0.8717447519302368,6
Positive Regulation Of Interleukin-4 Production (GO:0032753),-0.9663451726532177,0.8460096716880798,18
Regulation Of Epidermal Growth Factor Receptor Signaling Pathway (GO:0042058),-0.9664661803317574,0.851467490196228,46
Bile Acid Metabolic Process (GO:0008206),-0.9670293450905435,0.8473280072212219,31
Regulation Of Cellular Response To Heat (GO:1900034),-0.9675421363943044,0.8585732579231262,15
Protein O-linked Glycosylation Via Threonine (GO:0018243),-0.9679600023089026,0.8569473624229431,9
Gonad Development (GO:0008406),-0.968218566941697,0.8554311394691467,53
Cardiac Conduction (GO:0061337),-0.9683028509688764,0.8569473624229431,46
Phosphatidylglycerol Metabolic Process (GO:0046471),-0.9685461889606741,0.8446764349937439,20
Interleukin-27-Mediated Signaling Pathway (GO:0070106),-0.9688946461051215,0.8723241686820984,5
Regulation Of Histamine Secretion By Mast Cell (GO:1903593),-0.9690397194538957,0.8744237422943115,6
Regulation Of Cardiac Muscle Cell Apoptotic Process (GO:0010665),-0.9692232503270979,0.8620902299880981,10
acyl-CoA Metabolic Process (GO:0006637),-0.969406708807276,0.8417667150497437,31
"Negative Regulation Of DNA-templated Transcription, Elongation (GO:0032785)",-0.9694120230223155,0.851467490196228,18
Negative Regulation Of Establishment Of Protein Localization (GO:1904950),-0.9700176755775698,0.8696861267089844,9
Muscle Cell Development (GO:0055001),-0.970298763283022,0.8587371110916138,32
Regulation Of JUN Kinase Activity (GO:0043506),-0.9703693682755873,0.8565906882286072,43
Positive Regulation Of Glycolytic Process (GO:0045821),-0.9707220230164293,0.8446764349937439,18
Positive Regulation Of Protein Secretion (GO:0050714),-0.9710588225044171,0.8573647141456604,76
Toll-Like Receptor 3 Signaling Pathway (GO:0034138),-0.9710852403844373,0.8620902299880981,6
Positive Regulation Of Small GTPase Mediated Signal Transduction (GO:0051057),-0.9713030981863073,0.8431788086891174,17
Necroptotic Process (GO:0070266),-0.9714560797193671,0.8446764349937439,9
Regulation Of Secretion By Cell (GO:1903530),-0.9714862485990511,0.8531332612037659,64
Aspartate Family Amino Acid Catabolic Process (GO:0009068),-0.9717430008799711,0.8562771081924438,11
Fc-gamma Receptor Signaling Pathway Involved In Phagocytosis (GO:0038096),-0.9718090983451543,0.8514567613601685,20
Positive Regulation Of Sterol Transport (GO:0032373),-0.9719412041365164,0.8705782294273376,5
Signal Complex Assembly (GO:0007172),-0.972081693732386,0.8592759370803833,5
Toxin Transport (GO:1901998),-0.9725730525878887,0.8514567613601685,9
Mitotic Cytokinesis (GO:0000281),-0.9726863444941947,0.856240451335907,59
Regulation Of Response To Cytokine Stimulus (GO:0060759),-0.9730342592780323,0.8514567613601685,16
ADP Transport (GO:0015866),-0.9730805702015711,0.8587371110916138,7
Positive Regulation Of Osteoclast Differentiation (GO:0045672),-0.9731115112605072,0.8522775769233704,18
Regulation Of Cardiac Muscle Contraction (GO:0055117),-0.9734705506043038,0.852396547794342,35
Regulation Of Calcium Ion Transmembrane Transport (GO:1903169),-0.9739644588793266,0.8448830842971802,20
Insulin Metabolic Process (GO:1901142),-0.9740341222841952,0.856240451335907,9
Positive Regulation Of Microglial Cell Migration (GO:1904141),-0.9741922379383554,0.8547976016998291,5
Protein K11-linked Deubiquitination (GO:0035871),-0.9744287639357686,0.8620902299880981,9
Positive Regulation Of Cell Junction Assembly (GO:1901890),-0.9746995962198454,0.846515953540802,61
Cellular Response To Alkaloid (GO:0071312),-0.9747067244095214,0.8446764349937439,17
Detection Of Mechanical Stimulus Involved In Sensory Perception Of Sound (GO:0050910),-0.9747350806876453,0.856240451335907,8
Negative Regulation Of Multicellular Organismal Process (GO:0051241),-0.9749298758630507,0.8576415777206421,231
ERBB Signaling Pathway (GO:0038127),-0.9750293201124794,0.8456181883811951,54
Cortical Actin Cytoskeleton Organization (GO:0030866),-0.9755019525308621,0.839276134967804,19
Positive Regulation Of cAMP-mediated Signaling (GO:0043950),-0.9755780603658002,0.8472130298614502,6
Regulation Of Extrinsic Apoptotic Signaling Pathway In Absence Of Ligand (GO:2001239),-0.9756922109083482,0.8339049220085144,27
Positive Regulation Of Neurotransmitter Secretion (GO:0001956),-0.9757530111110436,0.8625941872596741,6
Negative Regulation Of Mitotic Cell Cycle Phase Transition (GO:1901991),-0.9757674117353918,0.8472130298614502,40
Skeletal Myofibril Assembly (GO:0014866),-0.9760679192621298,0.852396547794342,8
Regulation Of Anoikis (GO:2000209),-0.9762877488289604,0.8414134383201599,21
Water-Soluble Vitamin Metabolic Process (GO:0006767),-0.976323672095356,0.8422204852104187,40
Positive Regulation Of Cell Migration (GO:0030335),-0.9764659290370749,0.8620902299880981,272
Regulation Of Protein Export From Nucleus (GO:0046825),-0.976689373789579,0.8477445244789124,22
Protein Modification Process (GO:0036211),-0.9770915628983599,0.8816797733306885,711
GPI Anchor Metabolic Process (GO:0006505),-0.9771972164694638,0.8374302387237549,27
Regulation Of Cold-Induced Thermogenesis (GO:0120161),-0.9772084607682676,0.852396547794342,146
Positive Regulation Of Actin Nucleation (GO:0051127),-0.9772918673991688,0.8455179929733276,10
Chondroitin Sulfate Metabolic Process (GO:0030204),-0.9774006702957269,0.8399180769920349,16
Positive Regulation Of Hydrolase Activity (GO:0051345),-0.9774719144288186,0.8620902299880981,176
ISG15-protein Conjugation (GO:0032020),-0.9775860309851037,0.852396547794342,5
Regulation Of Actin Filament Length (GO:0030832),-0.9778831690225228,0.8448104858398438,9
Positive Regulation Of Response To Stimulus (GO:0048584),-0.9779233646871774,0.8456181883811951,77
Glycine Transport (GO:0015816),-0.9788533970331788,0.8399227261543274,10
Membrane Lipid Metabolic Process (GO:0006643),-0.9791116364680507,0.851467490196228,17
Negative Regulation Of Telomere Maintenance Via Telomerase (GO:0032211),-0.9795967538166181,0.839276134967804,19
Positive Regulation Of Mitochondrion Organization (GO:0010822),-0.9796215709444367,0.8413556218147278,58
Prepulse Inhibition (GO:0060134),-0.9798245359077267,0.856240451335907,5
Positive Regulation Of Viral Genome Replication (GO:0045070),-0.9800680937836213,0.8438122868537903,29
Response To UV (GO:0009411),-0.9802588622738305,0.8446764349937439,100
Regulation Of Kinase Activity (GO:0043549),-0.9804227435956301,0.8456181883811951,85
Response To UV-B (GO:0010224),-0.9804710239477197,0.8446764349937439,16
Regulation Of Protein Acetylation (GO:1901983),-0.9808414876270435,0.8559958338737488,9
"DNA Damage Response, Signal Transduction By P53 Class Mediator Resulting In Cell Cycle Arrest (GO:0006977)",-0.9811731607614842,0.8422204852104187,17
Apoptotic Nuclear Changes (GO:0030262),-0.9813905490489123,0.8393759727478027,16
Positive Regulation Of Acute Inflammatory Response (GO:0002675),-0.9814675922727182,0.8438122868537903,14
Establishment Of Apical/Basal Cell Polarity (GO:0035089),-0.9814821697673103,0.8456181883811951,14
Histamine Metabolic Process (GO:0001692),-0.9815534280097553,0.856240451335907,5
Negative Regulation Of Cell-Substrate Junction Organization (GO:0150118),-0.9816625802046931,0.8442831039428711,15
Negative Regulation Of Focal Adhesion Assembly (GO:0051895),-0.9816625802046931,0.8442831039428711,15
Regulation Of Macrophage Differentiation (GO:0045649),-0.9818825869962402,0.8413556218147278,14
Regulation Of Chemotaxis (GO:0050920),-0.9822085437983379,0.8378664255142212,28
Regulation Of Neural Precursor Cell Proliferation (GO:2000177),-0.982213240188019,0.839276134967804,22
Regulation Of miRNA-mediated Gene Silencing (GO:0060964),-0.9824474345467741,0.8442216515541077,15
Deadenylation-Dependent Decapping Of Nuclear-Transcribed mRNA (GO:0000290),-0.9829092335904538,0.8569473624229431,7
Regulation Of Glomerular Filtration (GO:0003093),-0.9829331457258826,0.851467490196228,5
Positive Regulation Of Smooth Muscle Contraction (GO:0045987),-0.9831229583089584,0.8569473624229431,9
5S Class rRNA Transcription By RNA Polymerase III (GO:0042791),-0.9834276171629819,0.851467490196228,5
Regulation Of Cell Communication (GO:0010646),-0.9834486149824637,0.8338994383811951,49
C4-dicarboxylate Transport (GO:0015740),-0.9834701328743766,0.8422204852104187,12
Neuron Projection Morphogenesis (GO:0048812),-0.9839316536441624,0.8547976016998291,146
DNA Conformation Change (GO:0071103),-0.984506917179664,0.8255647420883179,12
Negative Regulation Of Oxidoreductase Activity (GO:0051354),-0.985162330558391,0.8446764349937439,10
Renal Filtration (GO:0097205),-0.9853991835746436,0.8413556218147278,15
Positive Regulation Of Nitric Oxide Biosynthetic Process (GO:0045429),-0.985795124426235,0.838737964630127,27
Gland Development (GO:0048732),-0.9860568208704914,0.8281171917915344,74
Response To Cadmium Ion (GO:0046686),-0.9861687377683341,0.839276134967804,21
Negative Regulation Of Regulated Secretory Pathway (GO:1903306),-0.9862838962693621,0.8511982560157776,8
Positive Regulation Of Cellular Catabolic Process (GO:0031331),-0.9862934462208358,0.8443204164505005,146
Nuclear Membrane Disassembly (GO:0051081),-0.9863094192614235,0.8310500979423523,8
Epithelium Development (GO:0060429),-0.986531677152434,0.8472130298614502,154
Receptor-Mediated Endocytosis Of Virus By Host Cell (GO:0019065),-0.9872092287692644,0.8398056626319885,10
Regulation Of Autophagosome Maturation (GO:1901096),-0.9872828440716245,0.8399180769920349,16
Positive Regulation Of Cell Motility (GO:2000147),-0.9874270661791191,0.8438122868537903,221
Organic Cation Transport (GO:0015695),-0.9874719976778069,0.8396285176277161,31
Positive Regulation Of Stress-Activated MAPK Cascade (GO:0032874),-0.987662648178212,0.8442831039428711,105
Fatty Acid Alpha-Oxidation (GO:0001561),-0.9881610531189408,0.8383153676986694,7
Regulation Of Ubiquitin Protein Ligase Activity (GO:1904666),-0.9889570315873577,0.8393759727478027,17
mRNA Export From Nucleus (GO:0006406),-0.98907396957393,0.836995005607605,62
Regulation Of Synaptic Vesicle Exocytosis (GO:2000300),-0.98927222507669,0.8422204852104187,18
Positive Regulation Of Epithelial Cell Migration (GO:0010634),-0.9894715077382981,0.8262593746185303,95
Positive Regulation Of Vacuole Organization (GO:0044090),-0.9897691182364399,0.8355953097343445,21
Positive Regulation Of Adenylate Cyclase Activity (GO:0045762),-0.9899331873938054,0.8396285176277161,26
Positive Regulation Of mRNA Catabolic Process (GO:0061014),-0.9899412976342773,0.8251222372055054,45
Regulated Exocytosis (GO:0045055),-0.9903018282397753,0.8205049633979797,51
Regulation Of SMAD Protein Signal Transduction (GO:0060390),-0.9912745132925073,0.8235600590705872,27
DNA Damage Checkpoint Signaling (GO:0000077),-0.9919552092638312,0.839276134967804,34
Negative Regulation Of Leukocyte Cell-Cell Adhesion (GO:1903038),-0.9920398317314351,0.8446764349937439,19
Maturation Of SSU-rRNA (GO:0030490),-0.9921197197044189,0.8325811624526978,38
Regulation Of Necroptotic Process (GO:0060544),-0.9921671366425011,0.8248322606086731,20
Positive Regulation Of Proteasomal Protein Catabolic Process (GO:1901800),-0.9921762393331158,0.8248322606086731,90
Negative Regulation Of Proteasomal Ubiquitin-Dependent Protein Catabolic Process (GO:0032435),-0.9922060992119947,0.8132957816123962,32
Peptide Hormone Secretion (GO:0030072),-0.9926456150650299,0.8225830793380737,25
Regulation Of Macrophage Apoptotic Process (GO:2000109),-0.9926468124213816,0.8442831039428711,5
Response To X-ray (GO:0010165),-0.9927138421447057,0.8396285176277161,11
Negative Regulation Of Voltage-Gated Calcium Channel Activity (GO:1901386),-0.993006447679664,0.8399180769920349,12
Negative Regulation Of Fat Cell Differentiation (GO:0045599),-0.9931389984750519,0.8262593746185303,32
Positive Regulation Of Myoblast Fusion (GO:1901741),-0.993220171696311,0.839276134967804,9
Glucose Transmembrane Transport (GO:1904659),-0.9933083663328356,0.8155723214149475,22
Ruffle Organization (GO:0031529),-0.9934607902238018,0.8141006827354431,16
Regulation Of ERK1 And ERK2 Cascade (GO:0070372),-0.993650996177423,0.8514567613601685,244
Regulation Of Aerobic Respiration (GO:1903715),-0.9936921766315556,0.8422204852104187,17
Regulation Of Smooth Muscle Contraction (GO:0006940),-0.9940783891039618,0.8446764349937439,20
Positive Regulation Of Memory T Cell Differentiation (GO:0043382),-0.9940820614646549,0.8438122868537903,8
Positive Regulation Of Nucleic Acid-Templated Transcription (GO:1903508),-0.9942001339543637,0.839276134967804,557
Regulation Of Mitotic Spindle Organization (GO:0060236),-0.9943076682321379,0.8325811624526978,39
Leukotriene Biosynthetic Process (GO:0019370),-0.9946788413031026,0.8431788086891174,19
Immunoglobulin V(D)J Recombination (GO:0033152),-0.994845331944244,0.8496995568275452,5
Intrinsic Apoptotic Signaling Pathway In Response To Endoplasmic Reticulum Stress (GO:0070059),-0.9950599714533969,0.8325811624526978,30
Negative Regulation Of Epithelial To Mesenchymal Transition (GO:0010719),-0.995584774776976,0.8248322606086731,30
Regulation Of Cytokine Production Involved In Immune Response (GO:0002718),-0.9960196222411046,0.8262593746185303,24
Positive Regulation Of Secretion By Cell (GO:1903532),-0.9960643754317563,0.8248322606086731,73
Regulation Of Macromolecule Biosynthetic Process (GO:0010556),-0.9961090565895437,0.8155723214149475,53
Response To Chemokine (GO:1990868),-0.9962736464299937,0.8285841345787048,13
ATP Synthesis Coupled Electron Transport (GO:0042773),-0.9964424838037528,0.8442831039428711,7
Heparan Sulfate Proteoglycan Catabolic Process (GO:0030200),-0.9972713313571174,0.8446764349937439,5
Negative Regulation Of mRNA Catabolic Process (GO:1902373),-0.9974386927216164,0.8154148459434509,41
Positive Regulation Of Cartilage Development (GO:0061036),-0.9976146316316805,0.8344188332557678,17
Protein Localization To Endosome (GO:0036010),-0.9976211831409166,0.839276134967804,10
Positive Regulation Of Helicase Activity (GO:0051096),-0.9978692322783239,0.8478368520736694,6
Negative Regulation Of Intracellular Protein Transport (GO:0090317),-0.9979692677276792,0.817675769329071,25
Cochlea Morphogenesis (GO:0090103),-0.9984063935065435,0.829921305179596,11
Negative Regulation Of Anoikis (GO:2000811),-0.9984320949670452,0.831155002117157,16
Endosome To Lysosome Transport (GO:0008333),-0.9984442385985793,0.8220275640487671,57
Regulation Of Toll-Like Receptor 9 Signaling Pathway (GO:0034163),-0.9985382365534153,0.8403883576393127,10
Regulation Of Actin Nucleation (GO:0051125),-0.9988198065623141,0.8396285176277161,24
Basic Amino Acid Transport (GO:0015802),-1.0000198156391156,0.8413556218147278,5
Regulation Of rRNA Processing (GO:2000232),-1.0007169743186537,0.8248322606086731,15
Regulation Of Stem Cell Differentiation (GO:2000736),-1.000757636956181,0.8155723214149475,45
Negative Regulation Of Myotube Differentiation (GO:0010832),-1.000869856466192,0.8315386772155762,11
Carbohydrate Derivative Catabolic Process (GO:1901136),-1.0013269181703703,0.8383153676986694,17
Regulation Of B Cell Receptor Signaling Pathway (GO:0050855),-1.0014300550467101,0.8217546939849854,16
Glycogen Metabolic Process (GO:0005977),-1.0014515766233199,0.824513852596283,19
Negative Regulation Of Telomerase Activity (GO:0051974),-1.0015331106653298,0.8284512162208557,9
Pyrimidine Ribonucleotide Biosynthetic Process (GO:0009220),-1.0016717728110516,0.839276134967804,6
Regulation Of Cell Cycle Checkpoint (GO:1901976),-1.0019807870628743,0.8394224047660828,11
mRNA Methylation (GO:0080009),-1.0022169743669187,0.8291124701499939,15
Negative Regulation Of Stress-Activated MAPK Cascade (GO:0032873),-1.0026545925662245,0.8155723214149475,37
Positive Regulation Of Transferase Activity (GO:0051347),-1.0027025178181113,0.8138543963432312,143
Protein Geranylgeranylation (GO:0018344),-1.0027110263896126,0.8442831039428711,5
Integrin-Mediated Signaling Pathway (GO:0007229),-1.0029125930244684,0.8115001916885376,85
Regulation Of Vasculogenesis (GO:2001212),-1.0029431601982137,0.8248322606086731,13
Regulation Of Microtubule-Based Movement (GO:0060632),-1.0033376564870766,0.833855152130127,11
Cranial Nerve Development (GO:0021545),-1.0034849989346613,0.8217546939849854,13
Endothelial Cell Development (GO:0001885),-1.0035948715007939,0.8226954340934753,20
Regulation Of Sodium Ion Transport (GO:0002028),-1.003891910345894,0.8202439546585083,35
Folic Acid Transport (GO:0015884),-1.00393732120787,0.8325811624526978,7
Iron Coordination Entity Transport (GO:1901678),-1.0039521526828004,0.8413556218147278,5
Cartilage Development (GO:0051216),-1.004167143103818,0.8202439546585083,52
Regulation Of T-helper 1 Cell Cytokine Production (GO:2000554),-1.0041747583460665,0.8312953114509583,5
Positive Regulation Of T-helper 1 Cell Cytokine Production (GO:2000556),-1.0041747583460665,0.8312953114509583,5
Regulation Of Interleukin-2 Production (GO:0032663),-1.0041952767891116,0.8149242401123047,47
Regulation Of Cardiac Muscle Cell Action Potential (GO:0098901),-1.004324670686808,0.8225830793380737,28
P-body Assembly (GO:0033962),-1.0044403257282097,0.833855152130127,11
Amino Acid Catabolic Process (GO:0009063),-1.0045159440267892,0.8138543963432312,38
Protein K6-linked Ubiquitination (GO:0085020),-1.0048849531861068,0.8315386772155762,9
Positive Regulation Of Cell Growth (GO:0030307),-1.0050203628545964,0.8226954340934753,106
Regulation Of Secretion (GO:0051046),-1.0053671840572653,0.8202439546585083,16
Positive Regulation Of Microtubule Polymerization Or Depolymerization (GO:0031112),-1.0058254992866038,0.8248322606086731,26
Negative Regulation Of Striated Muscle Cell Differentiation (GO:0051154),-1.0061383610761545,0.8325811624526978,17
Neutrophil Activation Involved In Immune Response (GO:0002283),-1.0062501536981092,0.8202439546585083,11
Regulation Of Dendritic Spine Morphogenesis (GO:0061001),-1.006292293202352,0.8155723214149475,30
Preassembly Of GPI Anchor In ER Membrane (GO:0016254),-1.0064555011763499,0.8248322606086731,7
Positive Regulation Of Organelle Assembly (GO:1902117),-1.0065815641149127,0.8168152570724487,61
Carboxylic Acid Biosynthetic Process (GO:0046394),-1.0066167156538501,0.8132957816123962,17
Glycerophospholipid Biosynthetic Process (GO:0046474),-1.0067123975196552,0.8113771080970764,108
Regulation Of Ventricular Cardiac Muscle Cell Action Potential (GO:0098911),-1.0073504678994991,0.8209866881370544,11
Induction Of Positive Chemotaxis (GO:0050930),-1.007368606006879,0.8069242835044861,10
Glycoprotein Metabolic Process (GO:0009100),-1.0082841818982688,0.8034294843673706,53
Positive Regulation Of Rho Protein Signal Transduction (GO:0035025),-1.0083169221051596,0.8033990263938904,31
Purine Nucleoside Bisphosphate Biosynthetic Process (GO:0034033),-1.0086351893824754,0.8064771294593811,10
Ribonucleoside Bisphosphate Biosynthetic Process (GO:0034030),-1.0086351893824754,0.8064771294593811,10
Coenzyme A Biosynthetic Process (GO:0015937),-1.0086351893824754,0.8064771294593811,10
Telomeric Loop Disassembly (GO:0090657),-1.0087174824846756,0.8301727175712585,9
Negative Regulation Of Cellular Process (GO:0048523),-1.0090097877490105,0.7973377704620361,537
Lytic Vacuole Organization (GO:0080171),-1.009459099236364,0.8141006827354431,36
Regulation Of Chromatin Organization (GO:1902275),-1.009598390553511,0.8165318369865417,27
Endosome To Lysosome Transport Via Multivesicular Body Sorting Pathway (GO:0032510),-1.010155784235068,0.8110871315002441,15
Positive Regulation Of Protein Kinase A Signaling (GO:0010739),-1.010172557812586,0.8155723214149475,9
Regulation Of Cell Cycle Process (GO:0010564),-1.0103424367654374,0.8045727014541626,130
Positive Regulation Of Glucose Transmembrane Transport (GO:0010828),-1.0104774126822007,0.8110871315002441,31
Regulation Of Protein Transport (GO:0051223),-1.010557889239637,0.8155723214149475,28
Protein Desumoylation (GO:0016926),-1.0108472012353826,0.8183454871177673,7
Regulation Of Neutrophil Activation (GO:1902563),-1.0109076567107258,0.8304760456085205,5
Stem Cell Differentiation (GO:0048863),-1.0110420847352346,0.8155723214149475,41
Response To Acidic pH (GO:0010447),-1.011185193376067,0.8141006827354431,17
Nuclear Body Organization (GO:0030575),-1.011537316105516,0.8155723214149475,12
Sulfur Compound Catabolic Process (GO:0044273),-1.0116077359597047,0.8064771294593811,20
Actin Crosslink Formation (GO:0051764),-1.0117722548580175,0.8204826712608337,11
Glycolipid Biosynthetic Process (GO:0009247),-1.0122209786202663,0.8141006827354431,43
Positive Regulation Of Establishment Of Protein Localization (GO:1904951),-1.0127642882844827,0.8144068717956543,18
Regulation Of G1/S Transition Of Mitotic Cell Cycle (GO:2000045),-1.0130587118219787,0.8017000555992126,106
Immune Response-Inhibiting Cell Surface Receptor Signaling Pathway (GO:0002767),-1.0135157299999744,0.8248322606086731,8
Regulation Of Cell Adhesion (GO:0030155),-1.014432173785549,0.7964956760406494,144
poly(A)+ mRNA Export From Nucleus (GO:0016973),-1.0147526876582347,0.808322548866272,21
Negative Regulation Of Cell Cycle G2/M Phase Transition (GO:1902750),-1.014890496172154,0.8202439546585083,7
HALLMARK_MYOGENESIS,-1.0153120497796178,0.7964956760406494,200
Regulation Of DNA Damage Checkpoint (GO:2000001),-1.0153338110776147,0.8069242835044861,18
Nucleosome Organization (GO:0034728),-1.015389720600817,0.8064771294593811,75
Negative Regulation Of Monooxygenase Activity (GO:0032769),-1.015649359481931,0.8202439546585083,7
Polysaccharide Biosynthetic Process (GO:0000271),-1.0156688793505597,0.8132957816123962,12
Positive Regulation Of G1/S Transition Of Mitotic Cell Cycle (GO:1900087),-1.0157611835322755,0.7964956760406494,31
Regulation Of Spindle Assembly (GO:0090169),-1.0160009920172184,0.7967986464500427,29
Dopamine Metabolic Process (GO:0042417),-1.0161540723336353,0.8090607523918152,19
Ribose Phosphate Biosynthetic Process (GO:0046390),-1.0166604799110797,0.8200687170028687,6
Positive Regulation Of Platelet Activation (GO:0010572),-1.0167113687417235,0.8113771080970764,9
mRNA Transport (GO:0051028),-1.016836924156853,0.7953673005104065,58
Positive Regulation Of Amyloid-Beta Clearance (GO:1900223),-1.0169683641074494,0.8132957816123962,6
Positive Regulation Of Attachment Of Mitotic Spindle Microtubules To Kinetochore (GO:1902425),-1.0180879767553048,0.822517991065979,7
Regulation Of Attachment Of Mitotic Spindle Microtubules To Kinetochore (GO:1902423),-1.0180879767553048,0.822517991065979,7
Dicarboxylic Acid Biosynthetic Process (GO:0043650),-1.0181595252851632,0.8137553334236145,9
Regulation Of Signal Transduction (GO:0009966),-1.018350968213872,0.7973377704620361,193
Monoacylglycerol Biosynthetic Process (GO:0006640),-1.0184256082830714,0.833855152130127,6
Positive Regulation Of Dendritic Cell Antigen Processing And Presentation (GO:0002606),-1.0185375126617795,0.824513852596283,5
Positive Regulation Of Antigen Processing And Presentation (GO:0002579),-1.0185375126617795,0.824513852596283,5
Integrated Stress Response Signaling (GO:0140467),-1.0185672174465394,0.8063932657241821,29
Cellular Response To Glucose Starvation (GO:0042149),-1.0187078420002837,0.8064771294593811,42
Positive Regulation Of Histone Acetylation (GO:0035066),-1.0190649342309936,0.8115001916885376,14
Protein Localization To Nucleus (GO:0034504),-1.019676135250202,0.7983922958374023,122
Regulation Of Granulocyte Macrophage Colony-Stimulating Factor Production (GO:0032645),-1.0196865749054922,0.8064771294593811,15
Complement Receptor Mediated Signaling Pathway (GO:0002430),-1.0198016430715344,0.8262593746185303,11
Positive Regulation Of Proteasomal Ubiquitin-Dependent Protein Catabolic Process (GO:0032436),-1.019922539123393,0.7927179336547852,83
GMP Biosynthetic Process (GO:0006177),-1.0201032500032199,0.8269850015640259,6
Histone H3-K4 Methylation (GO:0051568),-1.0205463052077688,0.7953673005104065,26
Positive Regulation Of Mitochondrial Translation (GO:0070131),-1.0207080890891498,0.8187481760978699,14
Entrainment Of Circadian Clock By Photoperiod (GO:0043153),-1.0207200336997286,0.8035044074058533,23
Negative Regulation Of Chemokine-Mediated Signaling Pathway (GO:0070100),-1.0207511271578982,0.8069242835044861,5
Cell Surface Pattern Recognition Receptor Signaling Pathway (GO:0002752),-1.0208229407207576,0.8064404129981995,8
Vesicle-Mediated Transport To The Plasma Membrane (GO:0098876),-1.0212845564312854,0.7964956760406494,83
Positive Regulation Of Interleukin-23 Production (GO:0032747),-1.0213863985764915,0.8115001916885376,6
Anterograde Synaptic Vesicle Transport (GO:0048490),-1.0215899914099302,0.808322548866272,15
Synaptic Vesicle Transport Along Microtubule (GO:0099517),-1.0215899914099302,0.808322548866272,15
DNA-templated DNA Replication Maintenance Of Fidelity (GO:0045005),-1.0216993729189041,0.7964956760406494,43
"Heparan Sulfate Proteoglycan Biosynthetic Process, Polysaccharide Chain Biosynthetic Process (GO:0015014)",-1.0217140603058703,0.8154988884925842,7
Regulation Of Gene Expression (GO:0010468),-1.0217934502001722,0.7292743921279907,1127
Positive Regulation Of ATP-dependent Activity (GO:0032781),-1.0218013834150996,0.791539192199707,39
Negative Regulation Of Sequestering Of Calcium Ion (GO:0051283),-1.0220829100874258,0.7953673005104065,36
rRNA Metabolic Process (GO:0016072),-1.0222093013153015,0.7964956760406494,91
Regulation Of Wound Healing (GO:0061041),-1.0222853786738044,0.7973377704620361,47
Positive Regulation Of Insulin Secretion (GO:0032024),-1.0225350397180077,0.7953673005104065,40
Regulation Of Cdc42 Protein Signal Transduction (GO:0032489),-1.0227428415398672,0.8202439546585083,7
Resolution Of Meiotic Recombination Intermediates (GO:0000712),-1.0229887053852205,0.8132957816123962,14
Methylguanosine-Cap Decapping (GO:0110156),-1.0230674273956935,0.805776059627533,11
Alpha-Amino Acid Catabolic Process (GO:1901606),-1.0231749846544973,0.8001525402069092,29
3'-Phosphoadenosine 5'-Phosphosulfate Metabolic Process (GO:0050427),-1.0232067009166108,0.8080710768699646,15
fatty-acyl-CoA Catabolic Process (GO:0036115),-1.02322889295737,0.8141006827354431,5
B Cell Activation Involved In Immune Response (GO:0002312),-1.0234475131679666,0.7964956760406494,16
Positive Regulation Of Nitric Oxide Metabolic Process (GO:1904407),-1.023621336280379,0.7906786799430847,28
N-acetylneuraminate Catabolic Process (GO:0019262),-1.0237040878433719,0.8127277493476868,6
Regulation Of Exit From Mitosis (GO:0007096),-1.0241674914789252,0.7983922958374023,14
Extracellular Matrix Assembly (GO:0085029),-1.0242000647399712,0.7954471707344055,17
Regulation Of Memory T Cell Differentiation (GO:0043380),-1.0242653264707313,0.8154148459434509,9
Endosomal Transport (GO:0016197),-1.0244036118766462,0.7856467366218567,180
Defense Response To Tumor Cell (GO:0002357),-1.024482692197412,0.8028697371482849,12
Negative Regulation Of Wound Healing (GO:0061045),-1.024966635894264,0.7868955135345459,28
Negative Regulation Of Protein Dephosphorylation (GO:0035308),-1.0256574186687113,0.8154988884925842,19
Regulation Of Mitochondrial mRNA Stability (GO:0044528),-1.0262176667423193,0.8064771294593811,6
Photoperiodism (GO:0009648),-1.0262201807583593,0.7964956760406494,24
Nucleobase Catabolic Process (GO:0046113),-1.0262839945480093,0.8064771294593811,6
Response To Testosterone (GO:0033574),-1.0263963955751572,0.8187481760978699,5
T-helper 2 Cell Differentiation (GO:0045064),-1.0264373159794995,0.8069242835044861,5
Cellular Response To Transforming Growth Factor Beta Stimulus (GO:0071560),-1.0265860363976536,0.7926456928253174,96
Positive Regulation Of Lipase Activity (GO:0060193),-1.026607366332826,0.7983922958374023,9
Positive Regulation Of Circadian Rhythm (GO:0042753),-1.026678762018808,0.8142322897911072,11
L-methionine Salvage (GO:0071267),-1.0267191109920129,0.8226954340934753,6
Positive Regulation Of TOR Signaling (GO:0032008),-1.0267290009699597,0.8017000555992126,47
Positive Regulation Of Interleukin-10 Production (GO:0032733),-1.0267685873917929,0.7927179336547852,30
"Regulation Of CD4-positive, Alpha-Beta T Cell Differentiation (GO:0043370)",-1.0267884328689207,0.8277356624603271,11
Negative Regulation Of Vascular Endothelial Growth Factor Receptor Signaling Pathway (GO:0030948),-1.0269951442631073,0.7955033183097839,10
Isotype Switching (GO:0045190),-1.0270523122203303,0.8064771294593811,11
Negative Regulation Of Cardiac Muscle Cell Differentiation (GO:2000726),-1.027778525173145,0.8142322897911072,5
Regulation Of Transforming Growth Factor Beta Receptor Signaling Pathway (GO:0017015),-1.02798179900367,0.7923726439476013,111
Positive Regulation Of Translation In Response To Stress (GO:0032056),-1.0279945009733888,0.803203284740448,5
Negative Regulation Of Hormone Secretion (GO:0046888),-1.0279986961132337,0.7967986464500427,9
Regulation Of Epidermis Development (GO:0045682),-1.028048521738383,0.8113771080970764,8
Peptidyl-Lysine Deacetylation (GO:0034983),-1.0280521042189206,0.8119457364082336,7
GTP Metabolic Process (GO:0046039),-1.0281320222625223,0.8099663257598877,13
Vasodilation (GO:0042311),-1.0283203262420073,0.7973377704620361,15
Dermatan Sulfate Proteoglycan Biosynthetic Process (GO:0050651),-1.0286702562759826,0.8155723214149475,7
DNA Double-Strand Break Processing (GO:0000729),-1.0287016303109742,0.7964956760406494,15
Negative Regulation Of Protein Serine/Threonine Kinase Activity (GO:0071901),-1.0287048366825855,0.7854659557342529,80
Xenobiotic Catabolic Process (GO:0042178),-1.0288393043954756,0.7947235703468323,19
Maturation Of 5.8S rRNA (GO:0000460),-1.0293726533908936,0.808322548866272,16
Negative Regulation Of Excitatory Postsynaptic Potential (GO:0090394),-1.0294591885356743,0.8080710768699646,5
Cobalamin Transport (GO:0015889),-1.0295143118927799,0.8182752132415771,8
Negative Regulation Of Mitochondrion Organization (GO:0010823),-1.0295894239101,0.7852185368537903,39
Regulation Of Cell Cycle Phase Transition (GO:1901987),-1.0300125041727257,0.7846745848655701,25
Bicellular Tight Junction Assembly (GO:0070830),-1.030130033627389,0.7839292883872986,47
Positive Regulation Of Release Of Sequestered Calcium Ion Into Cytosol (GO:0051281),-1.030244649497442,0.7926456928253174,33
Nucleotide Metabolic Process (GO:0009117),-1.030478615744826,0.8154148459434509,12
Regulation Of NLRP3 Inflammasome Complex Assembly (GO:1900225),-1.0305200675052868,0.7983922958374023,33
N-terminal Protein Amino Acid Modification (GO:0031365),-1.0307016381788505,0.8001525402069092,13
Translesion Synthesis (GO:0019985),-1.0308171786837736,0.7983922958374023,23
Positive Regulation Of Granulocyte Macrophage Colony-Stimulating Factor Production (GO:0032725),-1.0310608842274034,0.794610857963562,13
Camera-Type Eye Development (GO:0043010),-1.031171062663566,0.7854659557342529,26
Double-Strand Break Repair Via Nonhomologous End Joining (GO:0006303),-1.0314879604205909,0.7953673005104065,41
Positive Regulation Of Cytoplasmic Transport (GO:1903651),-1.0318607186650106,0.7964956760406494,11
High-Density Lipoprotein Particle Remodeling (GO:0034375),-1.0318789916837696,0.7929489016532898,15
Cell-Cell Junction Assembly (GO:0007043),-1.032298762835924,0.78052818775177,71
Negative Regulation Of Cell Cycle Process (GO:0010948),-1.0324371273897148,0.787112295627594,34
Vesicle Cargo Loading (GO:0035459),-1.0325007328178377,0.7854659557342529,25
Regulation Of Pattern Recognition Receptor Signaling Pathway (GO:0062207),-1.0325112016390445,0.7964956760406494,8
Chloride Transport (GO:0006821),-1.0328861595410561,0.7638666033744812,77
Positive Regulation Of MAPK Cascade (GO:0043410),-1.033332967492931,0.7622644901275635,310
Actin-Mediated Cell Contraction (GO:0070252),-1.0334719618191608,0.8155723214149475,9
"tRNA Splicing, Via Endonucleolytic Cleavage And Ligation (GO:0006388)",-1.0336778535815918,0.8069242835044861,11
Positive Regulation Of Catecholamine Secretion (GO:0033605),-1.0337326672663296,0.7967986464500427,6
Regulation Of Myoblast Differentiation (GO:0045661),-1.0337394244688725,0.7783991694450378,54
Regulation Of Translation In Response To Endoplasmic Reticulum Stress (GO:0036490),-1.0338659142210018,0.8141006827354431,5
DNA Strand Elongation (GO:0022616),-1.0342072603356975,0.8001525402069092,12
Cytoskeleton Organization (GO:0007010),-1.0342908219939915,0.7880517840385437,111
Pyrimidine Nucleobase Catabolic Process (GO:0006208),-1.0343486956157675,0.7983922958374023,7
Regulation Of Receptor Internalization (GO:0002090),-1.034853114137483,0.7807468175888062,36
Regulation Of Postsynapse Organization (GO:0099175),-1.035413569322336,0.7914362549781799,25
Aromatic Amino Acid Transport (GO:0015801),-1.035488346102287,0.7964956760406494,7
Regulation Of Tau-Protein Kinase Activity (GO:1902947),-1.035548524507252,0.791539192199707,9
Negative Regulation Of Heart Rate (GO:0010459),-1.0355790048558984,0.7964956760406494,6
Negative Regulation Of Insulin-Like Growth Factor Receptor Signaling Pathway (GO:0043569),-1.0356034860556558,0.7964956760406494,5
Fatty Acid Derivative Biosynthetic Process (GO:1901570),-1.0360022171118866,0.7964956760406494,28
Phospholipase C-activating Dopamine Receptor Signaling Pathway (GO:0060158),-1.036143641519708,0.8064771294593811,6
Regulation Of Cysteine-Type Endopeptidase Activity Involved In Apoptotic Signaling Pathway (GO:2001267),-1.0363719248949381,0.7983922958374023,10
Body Fluid Secretion (GO:0007589),-1.0363911462331425,0.7947243452072144,13
Ruffle Assembly (GO:0097178),-1.0364750319477614,0.8069242835044861,5
Negative Regulation Of Neural Precursor Cell Proliferation (GO:2000178),-1.036577875443256,0.8001525402069092,7
Regulation Of RIG-I Signaling Pathway (GO:0039535),-1.0371584078695566,0.7954471707344055,18
Antimicrobial Humoral Response (GO:0019730),-1.0372356950582067,0.7846745848655701,100
Protein Localization To Endoplasmic Reticulum (GO:0070972),-1.0375966897933278,0.7964956760406494,16
Nucleoside Diphosphate Catabolic Process (GO:0009134),-1.0380101826990535,0.7964956760406494,6
Nucleotide-Sugar Metabolic Process (GO:0009225),-1.0381698671968027,0.7926456928253174,13
Antigen Receptor-Mediated Signaling Pathway (GO:0050851),-1.0383165513080679,0.7694903612136841,134
Regulation Of Transcription Of Nucleolar Large rRNA By RNA Polymerase I (GO:1901836),-1.0385054779945568,0.7964956760406494,13
Regulation Of Lipoprotein Lipase Activity (GO:0051004),-1.038871023380065,0.7839292883872986,15
Osmosensory Signaling Pathway (GO:0007231),-1.038988569009694,0.7964956760406494,5
Negative Regulation Of Protein Transport (GO:0051224),-1.0391753015640899,0.78052818775177,25
Regulation Of Muscle Organ Development (GO:0048634),-1.039224946507334,0.7973377704620361,6
Protein Localization To Organelle (GO:0033365),-1.0392351666239905,0.7651370167732239,137
T-helper Cell Differentiation (GO:0042093),-1.0393632544427862,0.7908158302307129,18
Regulation Of Cardiac Muscle Cell Membrane Potential (GO:0086036),-1.0395499032936377,0.8003649115562439,6
DNA Integrity Checkpoint Signaling (GO:0031570),-1.0399488440238445,0.7733253240585327,42
Protein Kinase B Signaling (GO:0043491),-1.0402211745123628,0.7660467028617859,24
Response To Estrogen (GO:0043627),-1.0402991875587113,0.7701575756072998,34
Monosaccharide Biosynthetic Process (GO:0046364),-1.0404514488640737,0.8013845086097717,7
G2/M Transition Of Mitotic Cell Cycle (GO:0000086),-1.0407325009631947,0.7733253240585327,38
Negative Regulation Of Mononuclear Cell Migration (GO:0071676),-1.0411372031675727,0.7983922958374023,12
Negative Regulation Of Chromosome Organization (GO:2001251),-1.0414659606209355,0.7973377704620361,8
Regulation Of Neuron Projection Development (GO:0010975),-1.0416185483731104,0.7512712478637695,174
Maintenance Of Gastrointestinal Epithelium (GO:0030277),-1.0417630125928492,0.7761077880859375,18
Cytidine To Uridine Editing (GO:0016554),-1.0418057331503845,0.7923272252082825,11
Regulation Of Calcium Ion Import Across Plasma Membrane (GO:1905664),-1.0421887869707378,0.7868955135345459,10
Carbon Dioxide Transport (GO:0015670),-1.0422546440536535,0.7954471707344055,11
Negative Regulation Of Neurogenesis (GO:0050768),-1.0422936591914196,0.7638666033744812,27
Regulation Of Cell Population Proliferation (GO:0042127),-1.0427104098561353,0.6898844242095947,766
Pinocytosis (GO:0006907),-1.0427318164545134,0.7954471707344055,9
Regulation Of Oxidative Phosphorylation (GO:0002082),-1.0428250558125236,0.7947243452072144,17
Regulation Of G Protein-Coupled Receptor Signaling Pathway (GO:0008277),-1.0429059309646505,0.779975414276123,70
Negative Regulation Of Cell Death (GO:0060548),-1.0430942032958082,0.7726927995681763,64
Arachidonic Acid Metabolic Process (GO:0019369),-1.0431234684569166,0.7638666033744812,52
RNA Methylation (GO:0001510),-1.043305382741602,0.7761077880859375,62
mRNA Modification (GO:0016556),-1.043497649344095,0.7783991694450378,27
Regulation Of Double-Strand Break Repair (GO:2000779),-1.04352368923942,0.7695794701576233,88
Metal Ion Transport (GO:0030001),-1.0437436967501983,0.7638666033744812,171
Positive Regulation Of Double-Strand Break Repair (GO:2000781),-1.0438946666659399,0.7622644901275635,84
Modified Amino Acid Transport (GO:0072337),-1.0441101483675173,0.7925743460655212,29
Regulation Of Histone Deacetylation (GO:0031063),-1.0443463172167902,0.7805176973342896,21
Protein Autoubiquitination (GO:0051865),-1.0443807170869768,0.7638666033744812,71
Telomere Capping (GO:0016233),-1.0444977685553012,0.7964956760406494,14
Regulation Of Calcium Ion Transmembrane Transporter Activity (GO:1901019),-1.0445054780291567,0.78052818775177,32
Regulation Of Cellular Response To Oxidative Stress (GO:1900407),-1.0445117259095276,0.7983922958374023,9
Protein Glycosylation (GO:0006486),-1.0448861917743428,0.7608726620674133,147
Phospholipase C-activating G Protein-Coupled Receptor Signaling Pathway (GO:0007200),-1.0450882777136776,0.7651425004005432,83
Negative Regulation Of Mitotic Cell Cycle (GO:0045930),-1.0451007925355233,0.7615413069725037,34
Negative Regulation Of Execution Phase Of Apoptosis (GO:1900118),-1.0451140322889532,0.7983922958374023,19
Negative Regulation Of miRNA-mediated Gene Silencing (GO:0060965),-1.0453204503448126,0.7953673005104065,7
Peptidyl-Serine Dephosphorylation (GO:0070262),-1.0454770518201502,0.7926456928253174,9
Positive Regulation Of Voltage-Gated Calcium Channel Activity (GO:1901387),-1.04551906044879,0.7878636121749878,12
Regulation Of Mammary Gland Epithelial Cell Proliferation (GO:0033599),-1.0457850101010617,0.7846745848655701,7
Regulation Of ER-associated Ubiquitin-Dependent Protein Catabolic Process (GO:1903069),-1.046044134972916,0.78052818775177,8
ncRNA Catabolic Process (GO:0034661),-1.04605326436341,0.7733253240585327,33
Glycosphingolipid Metabolic Process (GO:0006687),-1.0462038198611923,0.7783991694450378,32
Negative Regulation Of Viral-Induced Cytoplasmic Pattern Recognition Receptor Signaling Pathway (GO:0039532),-1.0463595060375255,0.7707102298736572,16
Nucleotide Catabolic Process (GO:0009166),-1.046413473314397,0.7815527319908142,6
Regulation Of Synapse Assembly (GO:0051963),-1.0465771963238955,0.7661092877388,51
Protein Ubiquitination (GO:0016567),-1.047069377830619,0.7211728692054749,434
Positive Regulation Of Receptor Signaling Pathway Via JAK-STAT (GO:0046427),-1.04708819949962,0.7688130736351013,37
Autonomic Nervous System Development (GO:0048483),-1.0473885852572344,0.7694903612136841,16
Natural Killer Cell Mediated Cytotoxicity (GO:0042267),-1.0474004668754557,0.770710825920105,24
Negative Regulation Of Type II Interferon Production (GO:0032689),-1.0474015833084123,0.7805176973342896,28
Regulation Of Programmed Necrotic Cell Death (GO:0062098),-1.0474172605161514,0.7733253240585327,10
Homologous Recombination (GO:0035825),-1.047432680383026,0.7923726439476013,9
IMP Biosynthetic Process (GO:0006188),-1.0474841989957406,0.7917062044143677,7
Positive Regulation Of Transmembrane Transport (GO:0034764),-1.047592763367587,0.7746551632881165,15
Organonitrogen Compound Catabolic Process (GO:1901565),-1.04816919332045,0.7536317110061646,78
"Protein Localization To Chromosome, Centromeric Region (GO:0071459)",-1.0482773296046215,0.7694903612136841,18
Negative Regulation Of Calcium Ion Transmembrane Transporter Activity (GO:1901020),-1.0486762934954141,0.7697717547416687,30
Purine Ribonucleoside Triphosphate Metabolic Process (GO:0009205),-1.048843769788689,0.78052818775177,32
Cellular Response To Oxygen Levels (GO:0071453),-1.0490418560090435,0.7856467366218567,9
Regulation Of Endothelial Cell Migration (GO:0010594),-1.0491702745751976,0.7507520914077759,88
Negative Regulation Of Cartilage Development (GO:0061037),-1.0495900817077488,0.7837419509887695,13
Regulation Of Voltage-Gated Sodium Channel Activity (GO:1905150),-1.0496374841131433,0.7939282655715942,5
Maintenance Of Apical/Basal Cell Polarity (GO:0035090),-1.0496784949423452,0.7854659557342529,8
Maintenance Of Epithelial Cell Apical/Basal Polarity (GO:0045199),-1.0496784949423452,0.7854659557342529,8
Protein Polyubiquitination (GO:0000209),-1.0504679163833577,0.7404593229293823,226
Regulation Of Granulocyte Differentiation (GO:0030852),-1.0505933242830747,0.7947235703468323,9
Osteoclast Differentiation (GO:0030316),-1.0507307065740863,0.7694903612136841,25
Positive Regulation Of Cell Adhesion Mediated By Integrin (GO:0033630),-1.0508603412710664,0.7660467028617859,17
Regulation Of Pentose-Phosphate Shunt (GO:0043456),-1.0511276046018583,0.7973377704620361,5
Morphogenesis Of An Endothelium (GO:0003159),-1.051284393125132,0.7781524658203125,5
Calcium-Independent Cell-Cell Adhesion Via Plasma Membrane Cell-Adhesion Molecules (GO:0016338),-1.0513516102463187,0.7622644901275635,19
Positive Regulation Of Signaling Receptor Activity (GO:2000273),-1.0514230506148334,0.7638666033744812,36
Kynurenine Metabolic Process (GO:0070189),-1.0514997979234555,0.7774429321289062,8
Male Gonad Development (GO:0008584),-1.0515545032878528,0.7521663904190063,46
protein-DNA Complex Assembly (GO:0065004),-1.0515573429094471,0.7608726620674133,59
Regulation Of Tissue Remodeling (GO:0034103),-1.052233268974553,0.7660109996795654,19
Epithelial Structure Maintenance (GO:0010669),-1.0523388697559568,0.7733253240585327,19
Telomeric D-loop Disassembly (GO:0061820),-1.0523461131566227,0.7964956760406494,7
Lysosome Organization (GO:0007040),-1.0526110784181384,0.7707102298736572,43
Antiviral Innate Immune Response (GO:0140374),-1.0528081428339844,0.76417076587677,46
Mitochondrion Morphogenesis (GO:0070584),-1.05320796866927,0.7852665781974792,9
Carbohydrate Derivative Biosynthetic Process (GO:1901137),-1.0538194097533249,0.7622644901275635,29
Negative Regulation Of Stem Cell Population Maintenance (GO:1902455),-1.0538360795735073,0.7695794701576233,20
Positive Regulation Of Ubiquitin-Dependent Protein Catabolic Process (GO:2000060),-1.0539574991894418,0.7536317110061646,83
Positive Regulation Of DNA-templated DNA Replication (GO:2000105),-1.0540927497204255,0.7746551632881165,10
Double-Strand Break Repair (GO:0006302),-1.0541814177044377,0.7326054573059082,168
Positive Regulation Of ERBB Signaling Pathway (GO:1901186),-1.0541947400462441,0.7547560334205627,24
Terpenoid Metabolic Process (GO:0006721),-1.0545282797388877,0.7688130736351013,7
Regulation Of Proteasomal Ubiquitin-Dependent Protein Catabolic Process (GO:0032434),-1.054755017565131,0.7507520914077759,109
mRNA Transcription By RNA Polymerase II (GO:0042789),-1.054823830522152,0.7638666033744812,38
Regulation Of Protein Neddylation (GO:2000434),-1.0550421557496912,0.7638666033744812,18
p38MAPK Cascade (GO:0038066),-1.0552801790367716,0.7973377704620361,8
Cellular Response To Cadmium Ion (GO:0071276),-1.0556747973186396,0.7638666033744812,22
Amyloid-Beta Metabolic Process (GO:0050435),-1.055851253128874,0.76417076587677,15
Gamma-Delta T Cell Activation (GO:0046629),-1.0559047402856645,0.7854659557342529,12
Cortical Cytoskeleton Organization (GO:0030865),-1.0562095733327805,0.7609108090400696,27
Protein Import Into Nucleus (GO:0006606),-1.0562405831241948,0.7555882930755615,79
Regulation Of Ubiquitin-Dependent Protein Catabolic Process (GO:2000058),-1.0564908360988539,0.7580797672271729,42
Vesicle-Mediated Transport (GO:0016192),-1.0566793989175596,0.6914818286895752,411
Ribosomal Small Subunit Biogenesis (GO:0042274),-1.0573906225791188,0.7622644901275635,84
Purine Ribonucleotide Metabolic Process (GO:0009150),-1.0575265410739754,0.759117066860199,84
Negative Regulation By Host Of Viral Process (GO:0044793),-1.057918646622788,0.7660109996795654,12
Regulation Of Protein Phosphorylation (GO:0001932),-1.058067175077001,0.7097963690757751,265
Positive Regulation Of miRNA Transcription (GO:1902895),-1.0582737332119936,0.7481058239936829,43
Regulation Of Membrane Depolarization (GO:0003254),-1.0583477356597506,0.7599319815635681,20
Negative Regulation Of Leukocyte Degranulation (GO:0043301),-1.058688178767462,0.7926456928253174,8
Regulation Of Intrinsic Apoptotic Signaling Pathway (GO:2001242),-1.0589566418653158,0.7586172223091125,48
Negative Regulation Of Blood Vessel Morphogenesis (GO:2000181),-1.0590066588629863,0.7485330104827881,77
Phenol-Containing Compound Biosynthetic Process (GO:0046189),-1.059580062381326,0.7914362549781799,10
N-glycan Processing (GO:0006491),-1.059594772426618,0.7721608281135559,19
Mesenchymal To Epithelial Transition (GO:0060231),-1.0599330518156145,0.7805176973342896,9
Clathrin-Dependent Endocytosis (GO:0072583),-1.0599383545580086,0.7638666033744812,27
Regulation Of Receptor Recycling (GO:0001919),-1.0599725267981464,0.7580797672271729,17
Erythrocyte Differentiation (GO:0030218),-1.0601342045963253,0.7454845905303955,49
Detection Of Mechanical Stimulus Involved In Sensory Perception (GO:0050974),-1.060150359510774,0.7638666033744812,14
Hyaluronan Biosynthetic Process (GO:0030213),-1.0602342796630901,0.7854659557342529,6
Positive Regulation Of Lymphocyte Apoptotic Process (GO:0070230),-1.0602679429290929,0.7726927995681763,6
Metaphase Plate Congression (GO:0051310),-1.0603237805268229,0.7590146660804749,51
Protein Secretion (GO:0009306),-1.0604746553675426,0.739228367805481,67
Regulation Of Macrophage Migration (GO:1905521),-1.0608421742938057,0.7927179336547852,8
Positive Regulation Of Calcium Ion Transmembrane Transport (GO:1904427),-1.0611194901125132,0.7512712478637695,42
Smooth Muscle Contraction (GO:0006939),-1.0615434832994175,0.7726927995681763,14
Electron Transport Chain (GO:0022900),-1.0616801011770234,0.7660467028617859,14
Succinate Transport (GO:0015744),-1.061860731101714,0.777657151222229,5
Glycoprotein Biosynthetic Process (GO:0009101),-1.061979608188369,0.7481706738471985,80
Regulation Of Cyclin-Dependent Protein Kinase Activity (GO:1904029),-1.0622826932369995,0.7326054573059082,53
Nucleoside Diphosphate Metabolic Process (GO:0009132),-1.062592714462764,0.7608726620674133,8
Positive Regulation Of T Cell Proliferation (GO:0042102),-1.0626691256354799,0.7486265301704407,65
Positive Regulation Of Keratinocyte Differentiation (GO:0045618),-1.0633810230806964,0.7668163180351257,13
Regulation Of Mast Cell Activation (GO:0033003),-1.0634315640009215,0.7783327698707581,9
DNA Unwinding Involved In DNA Replication (GO:0006268),-1.0634433064641315,0.7599124908447266,20
Regulation Of Relaxation Of Muscle (GO:1901077),-1.063974439060827,0.7732323408126831,6
Establishment Of Lymphocyte Polarity (GO:0001767),-1.064297487604025,0.7608726620674133,5
Pyrimidine Nucleotide-Sugar Transmembrane Transport (GO:0090481),-1.0644776383229364,0.7854659557342529,6
RNA Metabolic Process (GO:0016070),-1.064853645799491,0.7311147451400757,111
Regulation Of Autophagy Of Mitochondrion (GO:1903146),-1.0648769928187125,0.7617092728614807,19
Positive Regulation Of T Cell Differentiation (GO:0045582),-1.0648907343290366,0.7547560334205627,64
Short-Chain Fatty Acid Catabolic Process (GO:0019626),-1.0651975072844908,0.7660109996795654,5
Peroxisome Fission (GO:0016559),-1.0652785207579398,0.7608726620674133,8
Renal System Process Involved In Regulation Of Blood Volume (GO:0001977),-1.0653174982750977,0.7651370167732239,5
Response To Gamma Radiation (GO:0010332),-1.065409693827307,0.7532526254653931,22
snRNA 3'-End Processing (GO:0034472),-1.0654393361698318,0.7630172967910767,22
Regulation Of Vesicle Fusion (GO:0031338),-1.06554718571217,0.7660467028617859,8
Negative Regulation Of Myeloid Cell Apoptotic Process (GO:0033033),-1.0657014993509848,0.7726323008537292,5
Myeloid Dendritic Cell Differentiation (GO:0043011),-1.065976301928324,0.7783991694450378,9
Regulation Of Steroid Biosynthetic Process (GO:0050810),-1.0661028884374966,0.7607465982437134,16
Negative Regulation Of Fibroblast Growth Factor Receptor Signaling Pathway (GO:0040037),-1.066404603409023,0.7660467028617859,13
Negative Regulation Of Muscle Cell Apoptotic Process (GO:0010656),-1.0665730369261348,0.7733253240585327,9
Glycolipid Metabolic Process (GO:0006664),-1.0665801750870547,0.7481706738471985,33
Ureter Development (GO:0072189),-1.0669437451143022,0.7644007802009583,6
Regulation Of Systemic Arterial Blood Pressure By Renin-Angiotensin (GO:0003081),-1.067294003817384,0.7658453583717346,6
Cellular Response To Nutrient Levels (GO:0031669),-1.067460245905892,0.7311147451400757,78
Regulation Of Adipose Tissue Development (GO:1904177),-1.0675875137241908,0.7733253240585327,11
Regulation Of Lysosome Organization (GO:1905671),-1.0677662577923879,0.7828270196914673,5
Regulation Of DNA Recombination (GO:0000018),-1.0679801235704385,0.7608726620674133,44
Heterophilic Cell-Cell Adhesion Via Plasma Membrane Cell Adhesion Molecules (GO:0007157),-1.0681211436888796,0.7487684488296509,49
Negative Regulation Of Cell Junction Assembly (GO:1901889),-1.0682438309144617,0.759117066860199,24
Regulation Of Transcription By RNA Polymerase III (GO:0006359),-1.0683075093957712,0.7547560334205627,26
Fructose Metabolic Process (GO:0006000),-1.068845973307487,0.7516090869903564,7
Regulation Of Protein Localization To Membrane (GO:1905475),-1.068904690812894,0.7638666033744812,28
Phagolysosome Assembly (GO:0001845),-1.06898172418341,0.7660467028617859,14
Regulation Of Skeletal Muscle Cell Differentiation (GO:2001014),-1.0689894915865852,0.76417076587677,8
Glucose Homeostasis (GO:0042593),-1.0692138862541003,0.7294438481330872,87
Positive Regulation Of Phosphorylation (GO:0042327),-1.0695215855062263,0.6898844242095947,231
Nuclear Pore Organization (GO:0006999),-1.069642092094224,0.7552851438522339,14
Proton-Transporting V-type ATPase Complex Assembly (GO:0070070),-1.0698256038075014,0.7622644901275635,5
Positive Regulation Of Opsonization (GO:1903028),-1.070354657657377,0.7661092877388,8
Regulation Of Actin Filament Organization (GO:0110053),-1.0703766945305238,0.7638666033744812,12
Inner Ear Receptor Cell Development (GO:0060119),-1.0703982180653353,0.7660467028617859,8
His-Purkinje System Development (GO:0003164),-1.070425821133916,0.7622644901275635,5
Regulation Of Cardiac Muscle Contraction By Calcium Ion Signaling (GO:0010882),-1.0706423706083115,0.7481706738471985,20
Negative Regulation Of Lymphocyte Activation (GO:0051250),-1.070705782906968,0.7602868676185608,23
Negative Regulation Of Insulin Secretion (GO:0046676),-1.0707608555683843,0.7607281804084778,17
Negative Regulation Of Cell Development (GO:0010721),-1.0713556502084411,0.7591199278831482,22
T-helper 1 Type Immune Response (GO:0042088),-1.0713945276085097,0.7660109996795654,9
Negative Regulation Of Extracellular Matrix Organization (GO:1903054),-1.0713971933925333,0.7660467028617859,9
HALLMARK_E2F_TARGETS,-1.0714043195370557,0.702702522277832,200
Positive Regulation Of Morphogenesis Of An Epithelium (GO:1905332),-1.0716101208444533,0.7586172223091125,23
Telomere Maintenance (GO:0000723),-1.071665970122741,0.7333428263664246,68
Mitochondrial Fusion (GO:0008053),-1.0717202297649882,0.7622644901275635,18
Nucleobase-Containing Compound Biosynthetic Process (GO:0034654),-1.0718417642401403,0.7608726620674133,9
Negative Regulation Of Glial Cell Apoptotic Process (GO:0034351),-1.072548784028085,0.7622644901275635,7
Negative Regulation Of Hydrolase Activity (GO:0051346),-1.0729722339643857,0.7326054573059082,47
T Cell Receptor Signaling Pathway (GO:0050852),-1.0730054333414139,0.7326054573059082,95
Intracellular Calcium Ion Homeostasis (GO:0006874),-1.073159345945619,0.7205535173416138,139
Positive Regulation Of Locomotion (GO:0040017),-1.0734526154535609,0.7454845905303955,30
CD40 Signaling Pathway (GO:0023035),-1.0735556460641673,0.7638666033744812,8
succinyl-CoA Metabolic Process (GO:0006104),-1.0737121328459303,0.7638666033744812,8
Transcription Elongation By RNA Polymerase II (GO:0006368),-1.0738871946036805,0.7414490580558777,28
Positive Regulation Of Isomerase Activity (GO:0010912),-1.0740589355288768,0.7638666033744812,7
Membrane Fission (GO:0090148),-1.07417063948557,0.7320533990859985,38
Lactation (GO:0007595),-1.0741906461202504,0.7612369060516357,8
Gliogenesis (GO:0042063),-1.0743172878290235,0.7437030673027039,24
Cytolysis By Host Of Symbiont Cells (GO:0051838),-1.0743602262117047,0.7599124908447266,6
Monoubiquitinated Histone Deubiquitination (GO:0035521),-1.0747432365122565,0.7463220357894897,27
Monoubiquitinated Histone H2A Deubiquitination (GO:0035522),-1.0747432365122565,0.7463220357894897,27
Intrinsic Apoptotic Signaling Pathway In Response To Oxidative Stress (GO:0008631),-1.0748456963930462,0.7521690130233765,11
DNA Duplex Unwinding (GO:0032508),-1.0748520007443463,0.7326054573059082,41
Regulation Of Cytosolic Calcium Ion Concentration (GO:0051480),-1.075091628362578,0.7463220357894897,40
snRNA Modification (GO:0040031),-1.0752876930159323,0.7638666033744812,5
Regulation Of Stress-Activated MAPK Cascade (GO:0032872),-1.0756951162874357,0.7292743921279907,51
Purine Nucleoside Bisphosphate Metabolic Process (GO:0034032),-1.0756986076723174,0.7481706738471985,25
Ribonucleoside Bisphosphate Metabolic Process (GO:0033875),-1.0756986076723174,0.7481706738471985,25
Regulation Of Adenylate Cyclase Activity (GO:0045761),-1.075933039020375,0.7602868676185608,17
Regulation Of Calcium Ion Import (GO:0090279),-1.0761266163283345,0.7552851438522339,20
Stress-Activated MAPK Cascade (GO:0051403),-1.0763511530385315,0.7251922488212585,42
Branching Involved In Blood Vessel Morphogenesis (GO:0001569),-1.0766300358002254,0.7607465982437134,13
Negative Regulation Of Ubiquitin-Dependent Protein Catabolic Process (GO:2000059),-1.076827775649024,0.7251922488212585,39
Regulation Of Cell Migration (GO:0030334),-1.0768471350187814,0.6191814541816711,434
Regulation Of Platelet Activation (GO:0010543),-1.0768800019835236,0.739228367805481,28
Cyclic Nucleotide Transport (GO:0070729),-1.0769181610261684,0.7601191997528076,7
Regulation Of MAP Kinase Activity (GO:0043405),-1.0773187980243948,0.7138052582740784,114
Response To Sterol (GO:0036314),-1.0777780626501259,0.7507520914077759,10
Negative Regulation Of B Cell Receptor Signaling Pathway (GO:0050859),-1.0780517406024133,0.7622644901275635,5
Somatic Recombination Of Immunoglobulin Gene Segments (GO:0016447),-1.0783019302230785,0.7638666033744812,8
Protein Localization To Condensed Chromosome (GO:1903083),-1.0785486038057481,0.7519105672836304,10
Regulation Of Urine Volume (GO:0035809),-1.078937571383138,0.7507520914077759,8
Acylglycerol Metabolic Process (GO:0006639),-1.0792265925601148,0.7404593229293823,41
Purine-Containing Compound Biosynthetic Process (GO:0072522),-1.0793321235087714,0.743480920791626,17
Actin Filament Organization (GO:0007015),-1.0793411314700465,0.7086442708969116,144
Granulocyte Migration (GO:0097530),-1.0794265396923943,0.7507520914077759,9
Positive Regulation Of Glucose Import (GO:0046326),-1.0795520603269577,0.7507520914077759,25
Regulation Of Lysosome Size (GO:0062196),-1.0796695085847343,0.7638666033744812,7
Regulation Of Fibroblast Migration (GO:0010762),-1.0796917607451693,0.7404593229293823,20
Formation Of Cytoplasmic Translation Initiation Complex (GO:0001732),-1.0796993099961225,0.7608726620674133,14
Protein Modification By Small Protein Conjugation (GO:0032446),-1.0798247712636668,0.6438503861427307,364
Regulation Of Interferon-Alpha Production (GO:0032647),-1.0799462000615139,0.7430127263069153,26
Calcium Ion Transport (GO:0006816),-1.0799959894300555,0.7138052582740784,112
Import Into Nucleus (GO:0051170),-1.0800174969849674,0.7276336550712585,74
Substrate Adhesion-Dependent Cell Spreading (GO:0034446),-1.080124437080707,0.7414490580558777,36
Negative Regulation Of NLRP3 Inflammasome Complex Assembly (GO:1900226),-1.0801299984504338,0.7495338916778564,13
Regulation Of Epithelial To Mesenchymal Transition (GO:0010717),-1.0801391514167353,0.724831759929657,83
Excitatory Chemical Synaptic Transmission (GO:0098976),-1.0802754385073083,0.7547560334205627,6
Intracellular Steroid Hormone Receptor Signaling Pathway (GO:0030518),-1.0805701820996951,0.7182166576385498,43
Astrocyte Development (GO:0014002),-1.0808113351983555,0.7481706738471985,15
Guanine Nucleotide Transmembrane Transport (GO:1903790),-1.0808304407119877,0.7485330104827881,5
Positive Regulation Of Lamellipodium Morphogenesis (GO:2000394),-1.0812686360654165,0.759117066860199,6
Attachment Of GPI Anchor To Protein (GO:0016255),-1.0812775931753673,0.739228367805481,5
Peptidyl-Methionine Modification (GO:0018206),-1.0813284342046983,0.75606369972229,13
Positive Regulation Of Glial Cell Migration (GO:1903977),-1.0816328715210752,0.7586172223091125,7
Box C/D snoRNP Assembly (GO:0000492),-1.081935429360144,0.7613017559051514,8
Positive Regulation Of Protein Phosphorylation (GO:0001934),-1.0821587539240307,0.6414352059364319,377
Inner Ear Auditory Receptor Cell Differentiation (GO:0042491),-1.0821948507652575,0.7430127263069153,5
Aminophospholipid Transport (GO:0015917),-1.0824607043024779,0.7547560334205627,5
Negative Regulation Of Epithelial Cell Migration (GO:0010633),-1.0824801137591349,0.7344091534614563,33
Regulation Of Glucose Import (GO:0046324),-1.0825957966365352,0.739708423614502,36
Sensory Perception (GO:0007600),-1.0826360020879633,0.7237054705619812,51
Negative Regulation Of Toll-Like Receptor Signaling Pathway (GO:0034122),-1.0826409246895572,0.75017249584198,13
Establishment Of Mitotic Sister Chromatid Cohesion (GO:0034087),-1.0826872146687798,0.7507520914077759,6
Positive Regulation Of Attachment Of Spindle Microtubules To Kinetochore (GO:0051987),-1.0828212194646472,0.7660109996795654,10
Positive Regulation Of Kinase Activity (GO:0033674),-1.0828332321035048,0.7138052582740784,104
Melanosome Assembly (GO:1903232),-1.0829964694036853,0.739228367805481,18
B Cell Differentiation (GO:0030183),-1.0831360905482654,0.7246904373168945,68
Positive Regulation Of Protein Kinase B Signaling (GO:0051897),-1.0833114861029847,0.7088695764541626,93
Regulation Of Hyaluronan Biosynthetic Process (GO:1900125),-1.0834366097789165,0.7495338916778564,5
Induction Of Bacterial Agglutination (GO:0043152),-1.08349551411309,0.7555882930755615,5
rRNA Processing (GO:0006364),-1.0836448545314308,0.7153558135032654,101
Plasma Membrane Repair (GO:0001778),-1.0837119226489915,0.7447235584259033,21
Mitotic Sister Chromatid Segregation (GO:0000070),-1.0837193528633857,0.7095451354980469,111
Regulation Of Chemokine-Mediated Signaling Pathway (GO:0070099),-1.0840772200828988,0.7456853985786438,7
RNA Destabilization (GO:0050779),-1.0844144194793714,0.7326054573059082,19
Negative Regulation Of Organelle Assembly (GO:1902116),-1.0845237216066563,0.7326054573059082,36
Vitamin Transport (GO:0051180),-1.0846602420967302,0.7383937835693359,39
Neuron Projection Maintenance (GO:1990535),-1.0846716427450833,0.7516090869903564,10
Bleb Assembly (GO:0032060),-1.0847368109511017,0.7495338916778564,6
Regulation Of Humoral Immune Response (GO:0002920),-1.0849792171051027,0.749158501625061,13
Ectoderm Development (GO:0007398),-1.0850483694779651,0.7485916614532471,9
Monocyte Differentiation (GO:0030224),-1.0851704463030194,0.7608726620674133,10
Dopamine Catabolic Process (GO:0042420),-1.0851881794100753,0.7608726620674133,7
Catecholamine Catabolic Process (GO:0042424),-1.0851881794100753,0.7608726620674133,7
HALLMARK_ESTROGEN_RESPONSE_EARLY,-1.0862153255237252,0.6898844242095947,200
U4 snRNA 3'-End Processing (GO:0034475),-1.0864052936442594,0.7441443204879761,7
"Nuclear-Transcribed mRNA Catabolic Process, Exonucleolytic, 3'-5' (GO:0034427)",-1.0864052936442594,0.7441443204879761,10
Macromolecule Catabolic Process (GO:0009057),-1.0865485833994686,0.7038627862930298,85
Negative Regulation Of Phosphate Metabolic Process (GO:0045936),-1.0870042663761113,0.7281966209411621,20
Positive Regulation Of Cellular Biosynthetic Process (GO:0031328),-1.08705603636904,0.682529628276825,174
Negative Regulation Of JNK Cascade (GO:0046329),-1.0870816676766273,0.7251328825950623,34
calcineurin-NFAT Signaling Cascade (GO:0033173),-1.0870931656952654,0.7481706738471985,10
Positive Regulation Of Intracellular Transport (GO:0032388),-1.0872334677859155,0.7329338192939758,39
Negative Regulation Of Transport (GO:0051051),-1.0873286518608136,0.7246904373168945,39
Anterograde Axonal Transport (GO:0008089),-1.087372197435868,0.7211728692054749,39
Regulation Of DNA Repair (GO:0006282),-1.0874342620970399,0.6898844242095947,129
Peptidyl-Threonine Phosphorylation (GO:0018107),-1.0874664848782316,0.7184820175170898,58
Negative Regulation Of Keratinocyte Proliferation (GO:0010839),-1.0880404994770458,0.7481706738471985,7
Negative Regulation Of Sprouting Angiogenesis (GO:1903671),-1.088139144497898,0.7512712478637695,10
Cell Part Morphogenesis (GO:0032990),-1.0882294599947757,0.7486265301704407,11
Intracellular Glucose Homeostasis (GO:0001678),-1.0882904177325459,0.7281966209411621,43
Positive Regulation Of Pattern Recognition Receptor Signaling Pathway (GO:0062208),-1.088415611311313,0.7293516397476196,39
Telomere Maintenance Via Telomere Lengthening (GO:0010833),-1.0884841103735317,0.7326054573059082,26
Protein Depolymerization (GO:0051261),-1.0886658015612558,0.7251328825950623,28
Positive Regulation Of Transcription Of Nucleolar Large rRNA By RNA Polymerase I (GO:1901838),-1.0887366697115617,0.7495338916778564,9
Positive Regulation Of Protein-Containing Complex Assembly (GO:0031334),-1.0890301387016628,0.7008940577507019,98
Regulation Of Hemopoiesis (GO:1903706),-1.089058722774105,0.7326054573059082,14
HALLMARK_TGF_BETA_SIGNALING,-1.0891016833666254,0.7165955305099487,54
"Positive Regulation Of CD8-positive, Alpha-Beta T Cell Activation (GO:2001187)",-1.0893643287572832,0.7404593229293823,8
DNA Metabolic Process (GO:0006259),-1.0894232393211944,0.6456039547920227,288
Hemopoiesis (GO:0030097),-1.0894564740431956,0.7097963690757751,101
Regulation Of Attachment Of Spindle Microtubules To Kinetochore (GO:0051988),-1.0897624060188287,0.7326054573059082,9
Protein Oxidation (GO:0018158),-1.0899176245248408,0.7591199278831482,10
Regulation Of Endocytosis (GO:0030100),-1.0905174970251152,0.7097963690757751,66
Regulation Of Protein Deacetylation (GO:0090311),-1.0905834332276303,0.7485330104827881,18
Positive Regulation Of Mitochondrial Fission (GO:0090141),-1.0909158860091703,0.7414490580558777,19
Negative Regulation Of Neuron Differentiation (GO:0045665),-1.091225500043995,0.7245399951934814,23
Fat-Soluble Vitamin Metabolic Process (GO:0006775),-1.0912664259873819,0.7294438481330872,24
Regulation Of Fertilization (GO:0080154),-1.091283268354053,0.7480694651603699,8
Cell-Matrix Adhesion (GO:0007160),-1.0912978513628249,0.7097963690757751,109
Glycogen Biosynthetic Process (GO:0005978),-1.0913057354616709,0.739228367805481,9
Glucan Biosynthetic Process (GO:0009250),-1.0913057354616709,0.739228367805481,9
Glucocorticoid Metabolic Process (GO:0008211),-1.0913175295798603,0.7552851438522339,7
Fatty Acid Transport (GO:0015908),-1.091442014101104,0.7251328825950623,38
ATP Transport (GO:0015867),-1.0914606151365303,0.7458397746086121,13
Positive Regulation Of Exocytosis (GO:0045921),-1.091559526901236,0.7360073924064636,37
mRNA Transcription (GO:0009299),-1.0919381036302678,0.7211728692054749,43
Choline Metabolic Process (GO:0019695),-1.092192784414288,0.7294438481330872,5
Cellular Response To Prostaglandin Stimulus (GO:0071379),-1.0922194054240866,0.7458397746086121,9
Positive Regulation Of Cell Communication (GO:0010647),-1.0927162460135131,0.7308362722396851,30
Response To cAMP (GO:0051591),-1.0927442392432614,0.7231723070144653,38
Positive Regulation Of RNA Metabolic Process (GO:0051254),-1.0928594805630099,0.7177973985671997,33
Regulation Of Pinocytosis (GO:0048548),-1.092901930844099,0.7430127263069153,8
Mitotic Spindle Assembly Checkpoint Signaling (GO:0007094),-1.0930246706490383,0.739228367805481,26
Spindle Assembly Checkpoint Signaling (GO:0071173),-1.0930246706490383,0.739228367805481,26
Mitotic Spindle Checkpoint Signaling (GO:0071174),-1.0930246706490383,0.739228367805481,26
Regulation Of Mast Cell Chemotaxis (GO:0060753),-1.0930819905627551,0.7326054573059082,5
rRNA Catabolic Process (GO:0016075),-1.0933834595962697,0.7311147451400757,19
Positive Regulation Of Brown Fat Cell Differentiation (GO:0090336),-1.0934881914701162,0.7481706738471985,13
Organic Hydroxy Compound Transport (GO:0015850),-1.0935353969100383,0.7206611037254333,45
Autophagosome Maturation (GO:0097352),-1.0936211912939497,0.7153558135032654,44
"G Protein-Coupled Receptor Signaling Pathway, Coupled To Cyclic Nucleotide Second Messenger (GO:0007187)",-1.0938465017780903,0.7182166576385498,50
Chondroitin Sulfate Proteoglycan Metabolic Process (GO:0050654),-1.0938539858003369,0.7315294146537781,9
Attachment Of Mitotic Spindle Microtubules To Kinetochore (GO:0051315),-1.0938627826788765,0.7404593229293823,12
Neuropeptide Signaling Pathway (GO:0007218),-1.0940397329075593,0.7141263484954834,68
Receptor Clustering (GO:0043113),-1.0940556788283138,0.7281966209411621,19
Negative Regulation By Host Of Viral Genome Replication (GO:0044828),-1.0942724293610533,0.7360073924064636,8
Cytoskeleton-Dependent Intracellular Transport (GO:0030705),-1.0943593239742242,0.7294438481330872,22
Negative Regulation Of RNA Catabolic Process (GO:1902369),-1.0945462260607353,0.7422577142715454,7
Regulation Of Sodium Ion Transmembrane Transport (GO:1902305),-1.0947140874178174,0.7251922488212585,28
Dehydroascorbic Acid Transport (GO:0070837),-1.0947501958062857,0.7433315515518188,8
Nucleobase-Containing Compound Catabolic Process (GO:0034655),-1.0948522577759519,0.7193675637245178,44
Regulation Of Peptide Hormone Secretion (GO:0090276),-1.09534716951549,0.7246904373168945,52
Double-Strand Break Repair Via Break-Induced Replication (GO:0000727),-1.0955848145838007,0.7495338916778564,11
Protein Tetramerization (GO:0051262),-1.0962012818847127,0.702702522277832,73
Negative Regulation Of Phosphoprotein Phosphatase Activity (GO:0032515),-1.0963421263763469,0.7251328825950623,20
Positive Regulation Of Binding (GO:0051099),-1.0967527745770733,0.7027497291564941,91
Negative Regulation Of Insulin Receptor Signaling Pathway (GO:0046627),-1.096820363566891,0.7273317575454712,26
Regulation Of Lamellipodium Assembly (GO:0010591),-1.09687709418997,0.7246904373168945,33
Regulation Of Epithelial Cell Migration (GO:0010632),-1.096918635535506,0.7154128551483154,50
Positive Regulation Of Small Molecule Metabolic Process (GO:0062013),-1.0969352307254912,0.7281966209411621,33
Fc-gamma Receptor Signaling Pathway (GO:0038094),-1.0970381722371838,0.7251922488212585,24
Cellular Response To Light Stimulus (GO:0071482),-1.097074966058998,0.7118495106697083,65
Very Long-Chain Fatty Acid Catabolic Process (GO:0042760),-1.0972431407978795,0.7326054573059082,6
Positive Regulation Of Developmental Process (GO:0051094),-1.0974092618235904,0.6468449831008911,233
Regulation Of Macroautophagy (GO:0016241),-1.0978280482797873,0.692655086517334,96
Response To Progesterone (GO:0032570),-1.098016743645473,0.7273317575454712,13
Regulation Of Vasculature Development (GO:1901342),-1.0981670419037266,0.7246904373168945,30
Positive Regulation Of Tissue Remodeling (GO:0034105),-1.0982669625944446,0.7337939739227295,9
Regulation Of ER To Golgi Vesicle-Mediated Transport (GO:0060628),-1.0983476780407635,0.7360073924064636,9
Regulation Of Actin Cytoskeleton Reorganization (GO:2000249),-1.0984274131643976,0.7269324660301208,25
Protein Import (GO:0017038),-1.0985005257377796,0.7311147451400757,5
Organophosphate Ester Transport (GO:0015748),-1.0986037476912958,0.7184820175170898,25
T Cell Mediated Cytotoxicity (GO:0001913),-1.0987448766547778,0.739228367805481,8
Sulfur Compound Transport (GO:0072348),-1.0987476536926872,0.7326054573059082,21
Positive Regulation Of Cytokine Production Involved In Immune Response (GO:0002720),-1.0990176027771177,0.7138052582740784,33
Negative Regulation Of Monocyte Chemotaxis (GO:0090027),-1.0991282567172758,0.7281966209411621,5
Response To DNA Damage Checkpoint Signaling (GO:0072423),-1.0992648028377079,0.7404593229293823,5
Positive Regulation Of Cell Cycle G1/S Phase Transition (GO:1902808),-1.0993612890723592,0.7219581604003906,40
AMP Biosynthetic Process (GO:0006167),-1.0994658007164404,0.7280305027961731,8
Regulation Of Intracellular Transport (GO:0032386),-1.0997035821065408,0.7246904373168945,38
Nucleotide-Excision Repair (GO:0006289),-1.0999649861143317,0.7022563815116882,56
Metanephric Mesenchyme Development (GO:0072075),-1.1000053097749585,0.7246904373168945,10
Small Nucleolar Ribonucleoprotein Complex Assembly (GO:0000491),-1.1000073425559642,0.739228367805481,10
Release Of Sequestered Calcium Ion Into Cytosol (GO:0051209),-1.1001186845288524,0.7153558135032654,39
Regulation Of Ribonuclease Activity (GO:0060700),-1.1002320671753132,0.7246904373168945,5
Regulation Of Vesicle-Mediated Transport (GO:0060627),-1.1003480972751565,0.7068175077438354,89
Glomerular Filtration (GO:0003094),-1.1004408332928939,0.7311147451400757,13
Regulation Of Striated Muscle Contraction (GO:0006942),-1.100674529260541,0.7246904373168945,29
Positive Regulation Of Myeloid Leukocyte Cytokine Production Involved In Immune Response (GO:0061081),-1.1007674724940244,0.7251328825950623,16
Protein Ufmylation (GO:0071569),-1.1008005204146543,0.7326054573059082,5
Histone Lysine Methylation (GO:0034968),-1.1008096524546722,0.715957760810852,32
Cellular Response To Reactive Oxygen Species (GO:0034614),-1.1008489121786753,0.7046909332275391,73
Toll-Like Receptor 4 Signaling Pathway (GO:0034142),-1.1008907926491056,0.7326054573059082,17
Hepatocyte Differentiation (GO:0070365),-1.1009870128847967,0.7251328825950623,5
Long-Chain Fatty Acid Transport (GO:0015909),-1.1011443999535395,0.7273317575454712,23
Endocytic Recycling (GO:0032456),-1.1011738405714646,0.7038627862930298,64
Negative Regulation Of Receptor Internalization (GO:0002091),-1.1012623785612232,0.7246904373168945,13
Positive Regulation Of Intracellular Estrogen Receptor Signaling Pathway (GO:0033148),-1.101623255108421,0.7320533990859985,6
tRNA Wobble Uridine Modification (GO:0002098),-1.1016999906302498,0.7281966209411621,15
Dermatan Sulfate Proteoglycan Metabolic Process (GO:0050655),-1.101997784921164,0.7311147451400757,5
Thyroid Hormone Transport (GO:0070327),-1.102087541734051,0.7456853985786438,7
Multivesicular Body Organization (GO:0036257),-1.102156847993942,0.7246904373168945,30
Ras Protein Signal Transduction (GO:0007265),-1.1027542306860025,0.6594531536102295,144
Integrin Activation (GO:0033622),-1.102937540992842,0.7362363934516907,8
Response To Molecule Of Bacterial Origin (GO:0002237),-1.1031017894766773,0.7013344764709473,69
Response To Ionizing Radiation (GO:0010212),-1.1033353165921251,0.7038627862930298,72
acyl-CoA Biosynthetic Process (GO:0071616),-1.1035122236953863,0.7430127263069153,13
Myoblast Fusion (GO:0007520),-1.103738760424177,0.7218722105026245,18
Aromatic Amino Acid Family Catabolic Process (GO:0009074),-1.104000579239014,0.7326054573059082,10
Positive Regulation Of Type I Interferon-Mediated Signaling Pathway (GO:0060340),-1.104477747994133,0.7311147451400757,14
Negative Regulation Of Lipoprotein Lipase Activity (GO:0051005),-1.1046093703806203,0.7414490580558777,5
Positive Regulation Of Growth (GO:0045927),-1.1046273029607387,0.7138052582740784,81
Ventricular Cardiac Muscle Cell Action Potential (GO:0086005),-1.1047156741224147,0.7311147451400757,17
Calcineurin-Mediated Signaling (GO:0097720),-1.1047483713478512,0.7251922488212585,11
Regulation Of Vascular Endothelial Cell Proliferation (GO:1905562),-1.104902239753204,0.7344091534614563,18
Regulation Of Osteoclast Differentiation (GO:0045670),-1.1050966601999928,0.7098284959793091,42
Supramolecular Fiber Organization (GO:0097435),-1.1051322870253757,0.604421854019165,316
Positive Regulation Of Transcription From RNA Polymerase II Promoter Involved In Cellular Response To Chemical Stimulus (GO:1901522),-1.1052385143650572,0.7248817086219788,14
Dosage Compensation By Inactivation Of X Chromosome (GO:0009048),-1.105291884335817,0.7246904373168945,11
Cellular Response To Glucose Stimulus (GO:0071333),-1.1052954279355796,0.7046909332275391,34
Programmed Necrotic Cell Death (GO:0097300),-1.1053897953278815,0.7231723070144653,11
Steroid Metabolic Process (GO:0008202),-1.10564953665534,0.6906287670135498,92
Purine Nucleotide Catabolic Process (GO:0006195),-1.105858374383494,0.7326054573059082,7
Regulation Of Autophagosome Assembly (GO:2000785),-1.1058871241961246,0.7212011218070984,40
Positive Regulation Of Protein Kinase Activity (GO:0045860),-1.1059057631511384,0.6733160614967346,145
Adenylate Cyclase-Inhibiting G Protein-Coupled Receptor Signaling Pathway (GO:0007193),-1.1061297606462968,0.703865647315979,52
Dosage Compensation (GO:0007549),-1.1063431925630507,0.7153558135032654,9
Receptor Recycling (GO:0001881),-1.1064134860027486,0.7218722105026245,17
Regulation Of Release Of Sequestered Calcium Ion Into Cytosol By Sarcoplasmic Reticulum (GO:0010880),-1.1064477094338083,0.7154128551483154,22
Negative Regulation Of Angiogenesis (GO:0016525),-1.106475874326825,0.682529628276825,86
Positive Regulation Of Cellular Component Organization (GO:0051130),-1.1065801364597734,0.676365315914154,113
Regulation Of Peptidyl-Serine Phosphorylation (GO:0033135),-1.1066755528600607,0.682529628276825,93
Negative Regulation Of Mitotic Metaphase/Anaphase Transition (GO:0045841),-1.1071825337091208,0.7153558135032654,28
Replication Fork Processing (GO:0031297),-1.107237691998655,0.7153558135032654,46
Diterpenoid Metabolic Process (GO:0016101),-1.1072556581803772,0.7166842818260193,28
Protein Destabilization (GO:0031648),-1.1072852613496627,0.7166247367858887,36
Positive Regulation Of Oligodendrocyte Differentiation (GO:0048714),-1.1074016953060761,0.7273317575454712,7
B Cell Proliferation (GO:0042100),-1.107504800560773,0.711643397808075,31
Phosphate Ion Transmembrane Transport (GO:0035435),-1.1075142192382212,0.7166842818260193,10
Regulation Of Leukocyte Chemotaxis (GO:0002688),-1.107724472052595,0.7153558135032654,17
Positive Regulation Of Epithelial To Mesenchymal Transition (GO:0010718),-1.1078561683676793,0.7038627862930298,47
Intracellular Monoatomic Ion Homeostasis (GO:0006873),-1.1079417716340065,0.7180465459823608,20
tRNA 5'-Leader Removal (GO:0001682),-1.1085041941482088,0.7166842818260193,12
Development Of Primary Male Sexual Characteristics (GO:0046546),-1.1089576688592693,0.7097963690757751,46
Mitochondrial Translation (GO:0032543),-1.1089679594416217,0.7166842818260193,98
Positive Regulation Of Protein Ubiquitination (GO:0031398),-1.1090590470678585,0.6798213720321655,84
Branched-Chain Amino Acid Catabolic Process (GO:0009083),-1.1097927057806958,0.7166842818260193,17
Regulation Of Transport (GO:0051049),-1.1101904787427266,0.7067774534225464,44
Adrenal Gland Development (GO:0030325),-1.1102065649007147,0.7335292100906372,9
Regulation Of Complement Activation (GO:0030449),-1.1102871546066846,0.7227447628974915,9
Phosphatidylcholine Biosynthetic Process (GO:0006656),-1.1103010922687049,0.7180465459823608,19
Proteoglycan Catabolic Process (GO:0030167),-1.1108714487777729,0.7251922488212585,6
Negative Regulation Of Catabolic Process (GO:0009895),-1.1112279834681735,0.694334864616394,72
Response To Hexose (GO:0009746),-1.1114521099178511,0.7096498012542725,24
Negative Regulation Of Nervous System Development (GO:0051961),-1.1117540794807486,0.7246904373168945,18
tRNA Wobble Base Modification (GO:0002097),-1.111895123016429,0.7154128551483154,15
Ganglioside Biosynthetic Process (GO:0001574),-1.1121615717068947,0.715957760810852,15
Positive Regulation Of Intracellular Steroid Hormone Receptor Signaling Pathway (GO:0033145),-1.1129501210530357,0.7326054573059082,7
Positive Regulation Of Cellular Process (GO:0048522),-1.1132111473519437,0.4942812919616699,594
Negative Regulation Of Long-Term Synaptic Potentiation (GO:1900272),-1.1132119293189926,0.7333428263664246,8
Protein Deacylation (GO:0035601),-1.113224704251754,0.7190563678741455,20
Hexose Metabolic Process (GO:0019318),-1.1132494463968177,0.6898844242095947,45
Positive Regulation Of Wound Healing (GO:0090303),-1.1133284884775039,0.7013344764709473,40
Mitochondrial DNA Replication (GO:0006264),-1.1135697503890933,0.7281966209411621,9
Nucleotide Biosynthetic Process (GO:0009165),-1.1135899368951332,0.7153558135032654,19
Positive Regulation Of Organelle Organization (GO:0010638),-1.1140324556582903,0.7097963690757751,34
Peptidyl-Threonine Modification (GO:0018210),-1.1142850019842143,0.6917296648025513,66
Cellular Response To Hexose Stimulus (GO:0071331),-1.1143129100970324,0.7097963690757751,25
Nucleoside Phosphate Catabolic Process (GO:1901292),-1.1144728499997911,0.7097963690757751,11
Phosphatidylethanolamine Acyl-Chain Remodeling (GO:0036152),-1.1147071058200895,0.7163808345794678,9
Regulation Of Exocytosis (GO:0017157),-1.114785056950694,0.6867772936820984,54
Response To Estradiol (GO:0032355),-1.1150072419425334,0.7039787769317627,31
Negative Regulation Of Cysteine-Type Endopeptidase Activity Involved In Apoptotic Process (GO:0043154),-1.1151522813662436,0.7044944763183594,49
COPI-coated Vesicle Budding (GO:0035964),-1.115433360487651,0.7246904373168945,5
Golgi Transport Vesicle Coating (GO:0048200),-1.115433360487651,0.7246904373168945,5
COPI Coating Of Golgi Vesicle (GO:0048205),-1.115433360487651,0.7246904373168945,5
DNA Ligation (GO:0006266),-1.1155464428396056,0.7246904373168945,7
Regulation Of RNA Export From Nucleus (GO:0046831),-1.1156453886730875,0.7187489867210388,11
Regulation Of Nervous System Process (GO:0031644),-1.1157368563257068,0.7182166576385498,18
Positive Regulation Of Smooth Muscle Cell Proliferation (GO:0048661),-1.1158204388642565,0.6838929653167725,47
Positive Regulation Of ER-associated Ubiquitin-Dependent Protein Catabolic Process (GO:1903071),-1.1160862351289873,0.7166842818260193,6
Sphingosine-1-Phosphate Receptor Signaling Pathway (GO:0003376),-1.1160968891685468,0.7182166576385498,8
Negative Regulation Of Lymphocyte Proliferation (GO:0050672),-1.1161894322741248,0.7153558135032654,39
Mitotic Cytokinetic Process (GO:1902410),-1.116401314138083,0.7184820175170898,18
Negative Regulation Of Microglial Cell Activation (GO:1903979),-1.116402927424942,0.7205535173416138,7
Regulation Of Cell-Substrate Adhesion (GO:0010810),-1.116517858431271,0.6985489726066589,44
Isoleucine Metabolic Process (GO:0006549),-1.116682963821907,0.7182166576385498,5
Regulation Of Helicase Activity (GO:0051095),-1.1168173625774525,0.7072779536247253,8
Dorsal/Ventral Pattern Formation (GO:0009953),-1.117025755280645,0.7138052582740784,27
mRNA Destabilization (GO:0061157),-1.1172110967619164,0.6943183541297913,43
Muscle Cell Migration (GO:0014812),-1.1176789114092918,0.7292743921279907,9
Cellular Lipid Catabolic Process (GO:0044242),-1.1179040602108397,0.7168281078338623,23
Negative Regulation Of Amide Metabolic Process (GO:0034249),-1.1181982166141426,0.6777960062026978,93
"Positive Regulation Of Synaptic Transmission, Glutamatergic (GO:0051968)",-1.1183343065663656,0.7120741009712219,22
Regulation Of Protein K63-linked Ubiquitination (GO:1900044),-1.118387386002303,0.715957760810852,11
Negative Regulation Of Endoplasmic Reticulum Unfolded Protein Response (GO:1900102),-1.118413046792588,0.7182166576385498,13
Ribosome Biogenesis (GO:0042254),-1.1193699430282924,0.6568676829338074,155
Quaternary Ammonium Group Transport (GO:0015697),-1.1193961236123613,0.7153558135032654,12
Proteasome-Mediated Ubiquitin-Dependent Protein Catabolic Process (GO:0043161),-1.1194445974153182,0.5701646208763123,319
Detection Of Bacterium (GO:0016045),-1.119522923942454,0.7138052582740784,12
Cellular Response To Mechanical Stimulus (GO:0071260),-1.1196861097841984,0.7093561887741089,48
Cellular Response To Insulin Stimulus (GO:0032869),-1.1197318142591715,0.6612252593040466,99
Protein Acetylation (GO:0006473),-1.1199153133117619,0.692746102809906,29
Negative Regulation Of Phosphorylation (GO:0042326),-1.1200475547818514,0.678987443447113,75
Cellular Response To Purine-Containing Compound (GO:0071415),-1.1202644403377653,0.7182166576385498,9
Phospholipid Transport (GO:0015914),-1.120370497858219,0.6796519756317139,59
Epidermis Development (GO:0008544),-1.120525176491076,0.6661566495895386,85
Regulation Of Natural Killer Cell Activation (GO:0032814),-1.120561750265624,0.7097963690757751,16
Neurotrophin TRK Receptor Signaling Pathway (GO:0048011),-1.1205664649422422,0.717016875743866,6
Activation Of Phospholipase C Activity (GO:0007202),-1.1207867031874499,0.6914818286895752,27
Pyroptosis (GO:0070269),-1.1208341537359858,0.687494158744812,28
Regulation Of Non-Motile Cilium Assembly (GO:1902855),-1.1209900815090352,0.717288076877594,5
Type B Pancreatic Cell Proliferation (GO:0044342),-1.1212317335588335,0.7251328825950623,5
Regulation Of Protein Localization To Nucleus (GO:1900180),-1.1212450241330656,0.680069088935852,52
Regulation Of Focal Adhesion Assembly (GO:0051893),-1.1214379185200178,0.6796519756317139,54
Multivesicular Body Assembly (GO:0036258),-1.1216905506221477,0.7039787769317627,29
Nuclear RNA Surveillance (GO:0071027),-1.1217721757492953,0.719752848148346,10
Negative Regulation Of JUN Kinase Activity (GO:0043508),-1.1219379960477986,0.7219756245613098,12
Regulation Of Cortisol Biosynthetic Process (GO:2000064),-1.1220938697433978,0.7153558135032654,6
Response To Lipid (GO:0033993),-1.1223449954171285,0.6532173752784729,110
Response To Purine-Containing Compound (GO:0014074),-1.1224929332173152,0.702702522277832,24
Triglyceride Metabolic Process (GO:0006641),-1.1227562527547483,0.702702522277832,45
Formation Of Extrachromosomal Circular DNA (GO:0001325),-1.1227922074384658,0.7097963690757751,10
T-Circle Formation (GO:0090656),-1.1227922074384658,0.7097963690757751,10
Telomere Maintenance Via Telomere Trimming (GO:0090737),-1.1227922074384658,0.7097963690757751,10
Regulation Of Cardiac Muscle Cell Membrane Repolarization (GO:0099623),-1.1228217491663117,0.702702522277832,22
Regulation Of Endocytic Recycling (GO:2001135),-1.122907371041105,0.7246904373168945,11
Negative Regulation Of Neuron Death (GO:1901215),-1.1229974885704574,0.6717904210090637,88
Negative Regulation Of Cellular Response To Vascular Endothelial Growth Factor Stimulus (GO:1902548),-1.1238543667575074,0.7218722105026245,11
Regulation Of Monoatomic Ion Transmembrane Transporter Activity (GO:0032412),-1.123906064172512,0.65782231092453,69
Regulation Of Protein Exit From Endoplasmic Reticulum (GO:0070861),-1.124684210607008,0.715957760810852,11
Positive Regulation Of Protein Modification Process (GO:0031401),-1.1247782998478082,0.5847026705741882,225
Negative Regulation Of Adenylate Cyclase Activity (GO:0007194),-1.124798234533886,0.7106047868728638,10
Vitamin D Metabolic Process (GO:0042359),-1.1250532528563555,0.7153558135032654,11
Regulation Of Microtubule Nucleation (GO:0010968),-1.125054382853838,0.7097555994987488,10
Regulation Of Cell Size (GO:0008361),-1.1254505691950358,0.7072779536247253,25
Positive Regulation Of Receptor Signaling Pathway Via STAT (GO:1904894),-1.1254688708506417,0.7008940577507019,37
Regulation Of Catabolic Process (GO:0009894),-1.125910721085859,0.7026246190071106,22
Regulation Of Heart Rate By Cardiac Conduction (GO:0086091),-1.125921810920521,0.688702404499054,41
Intermediate Filament Bundle Assembly (GO:0045110),-1.1259644208407311,0.7219581604003906,7
Hormone Transport (GO:0009914),-1.1261596191090135,0.7097963690757751,9
rRNA Base Methylation (GO:0070475),-1.1261673899483686,0.703865647315979,10
Response To Lipoteichoic Acid (GO:0070391),-1.1262280471249522,0.715957760810852,5
Cellular Response To Lipoteichoic Acid (GO:0071223),-1.1262280471249522,0.715957760810852,5
Regulation Of Cellular Response To Stress (GO:0080135),-1.1262562548196906,0.6434312462806702,107
Regulation Of NMDA Receptor Activity (GO:2000310),-1.126584593814222,0.7053225040435791,16
Negative Regulation Of SMAD Protein Signal Transduction (GO:0060392),-1.1265895265165065,0.7097963690757751,7
Negative Regulation Of Telomere Capping (GO:1904354),-1.1267297700713617,0.7097963690757751,6
Modulation By Host Of Symbiont Process (GO:0051851),-1.1267660726159185,0.6898844242095947,42
Lymphocyte Proliferation (GO:0046651),-1.1267954890574179,0.702702522277832,38
Establishment Of Protein Localization To Membrane (GO:0090150),-1.126926850131803,0.676365315914154,69
Response To Insulin (GO:0032868),-1.1270552265537606,0.6622740030288696,79
DNA Strand Resection Involved In Replication Fork Processing (GO:0110025),-1.1270714235901467,0.7153558135032654,6
Positive Regulation Of Peroxisome Proliferator Activated Receptor Signaling Pathway (GO:0035360),-1.1273810037079022,0.7097963690757751,5
Positive Regulation Of DNA Repair (GO:0045739),-1.1274482400122061,0.6532173752784729,89
mRNA Stabilization (GO:0048255),-1.1275435770595599,0.691262423992157,53
Regulation Of T Cell Proliferation (GO:0042129),-1.127750386639337,0.6564465165138245,77
Ethanol Metabolic Process (GO:0006067),-1.1277896653917565,0.7141954898834229,14
Regulation Of Rab Protein Signal Transduction (GO:0032483),-1.127819519977023,0.702702522277832,6
Negative Regulation Of RNA Metabolic Process (GO:0051253),-1.127926964065767,0.7097963690757751,11
Nuclear Polyadenylation-Dependent ncRNA Catabolic Process (GO:0071046),-1.127998051261074,0.715957760810852,6
Nuclear Polyadenylation-Dependent tRNA Catabolic Process (GO:0071038),-1.127998051261074,0.715957760810852,6
Nuclear Polyadenylation-Dependent rRNA Catabolic Process (GO:0071035),-1.127998051261074,0.715957760810852,6
Regulation Of Phosphatidylinositol 3-Kinase Signaling (GO:0014066),-1.1280662768811884,0.6532173752784729,90
Regulation Of Cell-Matrix Adhesion (GO:0001952),-1.1281010492665797,0.6624866724014282,65
Plasma Membrane Organization (GO:0007009),-1.1283478066410004,0.6649557948112488,72
Isoprenoid Metabolic Process (GO:0006720),-1.1284277803371623,0.7246904373168945,8
Regulation Of Metaphase/Anaphase Transition Of Cell Cycle (GO:1902099),-1.128642033594593,0.6868773698806763,32
Sterol Metabolic Process (GO:0016125),-1.129060884010067,0.6764611005783081,60
Late Endosome To Vacuole Transport (GO:0045324),-1.129120454375339,0.7097963690757751,20
Positive Regulation Of DNA-binding Transcription Factor Activity (GO:0051091),-1.129607315155018,0.5861142873764038,246
Phosphatidylcholine Acyl-Chain Remodeling (GO:0036151),-1.1296342785235138,0.7097963690757751,12
Negative Regulation Of Cell Growth (GO:0030308),-1.1296940343211928,0.6379280090332031,125
Regulation Of Neuroinflammatory Response (GO:0150077),-1.1297858276158559,0.6914818286895752,19
Nucleosome Assembly (GO:0006334),-1.1297892131721876,0.6943075656890869,54
Regulation Of Telomere Maintenance Via Telomere Lengthening (GO:1904356),-1.1301967023301038,0.7097555994987488,17
T-helper 1 Cell Differentiation (GO:0045063),-1.130293541194097,0.7084029316902161,5
Regulation Of Lymphocyte Proliferation (GO:0050670),-1.1303866524428792,0.7048589587211609,18
Regulation Of Nucleotide-Excision Repair (GO:2000819),-1.1303915575274341,0.7022563815116882,26
Ribosome Disassembly (GO:0032790),-1.130646283176139,0.7027497291564941,12
Endothelial Tube Morphogenesis (GO:0061154),-1.1311251655127177,0.7097963690757751,9
Regulation Of Actin Cytoskeleton Organization (GO:0032956),-1.1316377510487479,0.6568676829338074,91
DNA-templated Transcription Initiation (GO:0006352),-1.1319341762770552,0.6778551936149597,59
Response To Muscle Stretch (GO:0035994),-1.1320209272228574,0.7027497291564941,14
Regulation Of Actin Filament Polymerization (GO:0030833),-1.1321357553172537,0.6468449831008911,70
Nucleoside Phosphate Biosynthetic Process (GO:1901293),-1.132287617458258,0.7096579670906067,11
rRNA Methylation (GO:0031167),-1.132434055323891,0.7072779536247253,22
Positive Regulation Of Autophagosome Maturation (GO:1901098),-1.1333907022487608,0.692655086517334,6
Endoderm Formation (GO:0001706),-1.1335206152184447,0.6953657865524292,35
Fructose Transmembrane Transport (GO:0015755),-1.1335910585626405,0.7115893363952637,7
Negative Regulation Of Lens Fiber Cell Differentiation (GO:1902747),-1.1337895336942168,0.7153558135032654,5
Regulation Of Dopamine Receptor Signaling Pathway (GO:0060159),-1.133996889182978,0.7120741009712219,7
Skeletal Muscle Tissue Regeneration (GO:0043403),-1.13400149808659,0.715957760810852,9
Positive Regulation Of Integrin-Mediated Signaling Pathway (GO:2001046),-1.1340523097053379,0.7068175077438354,12
Regulation Of Cellular Component Organization (GO:0051128),-1.1340671111214,0.6188998818397522,153
Organic Substance Transport (GO:0071702),-1.134253809507118,0.5861142873764038,201
Regulation Of Growth Hormone Receptor Signaling Pathway (GO:0060398),-1.1342570778701864,0.702702522277832,5
COPII-coated Vesicle Cargo Loading (GO:0090110),-1.1343512392532675,0.692655086517334,14
Somite Development (GO:0061053),-1.134866278882249,0.7086442708969116,8
Protein K29-linked Ubiquitination (GO:0035519),-1.1348678621285964,0.7166842818260193,8
Regulation Of DNA-templated Transcription In Response To Stress (GO:0043620),-1.1348794766685244,0.6898844242095947,7
Post-Translational Protein Modification (GO:0043687),-1.1349835389783827,0.6717904210090637,48
Cellular Response To Arsenic-Containing Substance (GO:0071243),-1.1350969200415546,0.7072779536247253,13
UV Protection (GO:0009650),-1.1352114173001258,0.7084029316902161,7
Positive Regulation Of Fibroblast Migration (GO:0010763),-1.1353729094671774,0.7182166576385498,7
Positive Regulation Of Microtubule Polymerization (GO:0031116),-1.1355225791642718,0.682529628276825,29
Positive Regulation Of Endoplasmic Reticulum Unfolded Protein Response (GO:1900103),-1.136045392437891,0.7097963690757751,11
Membrane Organization (GO:0061024),-1.1360688040033708,0.5986417531967163,167
Regulation Of Cellular Extravasation (GO:0002691),-1.136103731900988,0.7097963690757751,9
Positive Regulation Of Early Endosome To Late Endosome Transport (GO:2000643),-1.136182030267048,0.7008940577507019,8
Very-Low-Density Lipoprotein Particle Assembly (GO:0034379),-1.1361866048406244,0.7138052582740784,10
Regulation Of Protein Targeting (GO:1903533),-1.1362259666609915,0.703865647315979,5
Protein Localization To Endoplasmic Reticulum Exit Site (GO:0070973),-1.1363508443973618,0.6817777156829834,6
Neuron Projection Organization (GO:0106027),-1.1364356751510167,0.693192183971405,16
Central Nervous System Myelination (GO:0022010),-1.1365720923093954,0.687494158744812,11
Regulation Of Epidermal Growth Factor-Activated Receptor Activity (GO:0007176),-1.1369417045456427,0.6898844242095947,26
"Regulation Of DNA Damage Response, Signal Transduction By P53 Class Mediator (GO:0043516)",-1.1385591740561676,0.6898844242095947,28
Transport Along Microtubule (GO:0010970),-1.1385623104878522,0.702702522277832,20
Negative Regulation Of Vitamin Metabolic Process (GO:0046137),-1.1385636236442451,0.7048589587211609,5
Regulation Of Mitochondrial Membrane Permeability Involved In Apoptotic Process (GO:1902108),-1.1386018677967447,0.7084029316902161,6
Positive Regulation Of Biosynthetic Process (GO:0009891),-1.1387981722506348,0.6742398142814636,44
Positive Regulation By Host Of Viral Transcription (GO:0043923),-1.138907127105086,0.6947099566459656,16
Negative Regulation Of Chondrocyte Differentiation (GO:0032331),-1.139340336723992,0.6795425415039062,14
Positive Regulation Of Cytoskeleton Organization (GO:0051495),-1.1396236553475598,0.6468449831008911,79
Superoxide Anion Generation (GO:0042554),-1.13975711140002,0.6979579329490662,19
acetyl-CoA Biosynthetic Process (GO:0006085),-1.1398548228751617,0.6955201625823975,12
Protein Localization (GO:0008104),-1.1399684862983919,0.5060767531394958,351
Protein Localization To Kinetochore (GO:0034501),-1.1399867574265865,0.6957347393035889,11
Negative Regulation Of Macromolecule Biosynthetic Process (GO:0010558),-1.1399917482885835,0.6434312462806702,98
Calcium Ion Transmembrane Transport (GO:0070588),-1.1401670333187142,0.6532173752784729,80
Odontogenesis (GO:0042476),-1.1402202748313413,0.6677926182746887,39
Monoatomic Ion Transport (GO:0006811),-1.1403011257336801,0.6315966844558716,107
Regulation Of Stem Cell Division (GO:2000035),-1.140347476834193,0.7023051977157593,7
Positive Regulation Of Dendrite Development (GO:1900006),-1.1404560848968979,0.7039787769317627,10
tRNA 5'-End Processing (GO:0099116),-1.1406341689933928,0.702702522277832,14
Negative Regulation Of Chemokine Production (GO:0032682),-1.1406377963143692,0.6992771625518799,16
Positive Regulation Of Immunoglobulin Production (GO:0002639),-1.1407677273027972,0.6758270859718323,34
Regulation Of Mitotic Cell Cycle Phase Transition (GO:1901990),-1.1409012848718036,0.6271501183509827,86
Membrane Protein Intracellular Domain Proteolysis (GO:0031293),-1.1409158906588124,0.691866934299469,13
Regulation Of Vacuole Organization (GO:0044088),-1.1411927436462708,0.7022563815116882,17
Regulation Of Platelet Aggregation (GO:0090330),-1.141227878005618,0.6997409462928772,25
Coenzyme A Metabolic Process (GO:0015936),-1.1413252485764787,0.6906287670135498,15
Response To Transforming Growth Factor Beta (GO:0071559),-1.1415320598639533,0.6677505373954773,38
DNA Topological Change (GO:0006265),-1.141787342282088,0.6955201625823975,8
HALLMARK_DNA_REPAIR,-1.142003479056741,0.5942592024803162,150
Regulation Of Nitric-Oxide Synthase Biosynthetic Process (GO:0051769),-1.1420083078090553,0.6884878277778625,13
Negative Regulation Of Proteasomal Protein Catabolic Process (GO:1901799),-1.1422853164935984,0.6760665774345398,39
Negative Regulation Of Cyclase Activity (GO:0031280),-1.1423446088676654,0.6876342296600342,11
Regulation Of Calcium-Mediated Signaling (GO:0050848),-1.142400564618182,0.6694466471672058,30
Ribonucleoprotein Complex Biogenesis (GO:0022613),-1.1424343320079176,0.6416578888893127,118
Regulation Of Cell Differentiation (GO:0045595),-1.1425831573402394,0.5829179883003235,193
Positive Regulation Of DNA Demethylation (GO:1901537),-1.1427317609348926,0.682529628276825,7
Regulation Of mRNA Stability (GO:0043488),-1.14282967004371,0.649530291557312,74
Regulation Of Metal Ion Transport (GO:0010959),-1.1429061903281181,0.6661566495895386,34
Negative Regulation Of Secretion By Cell (GO:1903531),-1.1430420094830287,0.6729604601860046,40
Regulation Of MHC Class I Biosynthetic Process (GO:0045343),-1.143247956203517,0.682529628276825,6
Protein Localization To Non-Motile Cilium (GO:0097499),-1.1433186624967568,0.6950443387031555,5
Copper Ion Transport (GO:0006825),-1.1433659207345315,0.6898844242095947,10
Regulation Of Heterochromatin Formation (GO:0031445),-1.1438214972222387,0.6918843388557434,7
Negative Regulation Of Protein K63-linked Ubiquitination (GO:1900045),-1.1440130866225269,0.6992771625518799,7
Negative Regulation Of Protein Maturation (GO:1903318),-1.1440925230041943,0.7023757100105286,9
Ventricular Cardiac Muscle Cell Development (GO:0055015),-1.1441348455092393,0.6857588291168213,5
Regulation Of Mitochondrial Fission (GO:0090140),-1.1442666481772044,0.6778551936149597,27
Cellular Response To Muramyl Dipeptide (GO:0071225),-1.1444265415624304,0.693072497844696,8
Acylglycerol Catabolic Process (GO:0046464),-1.1444274612763368,0.6893831491470337,24
Regulation Of Phosphorylation (GO:0042325),-1.144719902235405,0.6312586665153503,82
Regulation Of Toll-Like Receptor 7 Signaling Pathway (GO:0034155),-1.1447720079489747,0.6898844242095947,6
Positive Regulation Of Phosphatidylinositol 3-Kinase Signaling (GO:0014068),-1.1448076160349807,0.6380572319030762,69
N-acylphosphatidylethanolamine Metabolic Process (GO:0070292),-1.1449773625593076,0.692746102809906,8
Adaptive Immune Response Based On Somatic Recombination Of Immune Receptors Built From Immunoglobulin Superfamily Domains (GO:0002460),-1.145125857802686,0.6795425415039062,23
Negative Regulation Of G Protein-Coupled Receptor Signaling Pathway (GO:0045744),-1.1454217199693832,0.677509069442749,22
Positive Regulation Of Alpha-Beta T Cell Proliferation (GO:0046641),-1.1456359876676012,0.703865647315979,17
Prostaglandin Biosynthetic Process (GO:0001516),-1.145984025224267,0.7086442708969116,17
Endosome To Pigment Granule Transport (GO:0043485),-1.1461910955999903,0.6796519756317139,8
Endosome To Melanosome Transport (GO:0035646),-1.1461910955999903,0.6796519756317139,8
Peptidyl-Proline Hydroxylation To 4-hydroxy-L-proline (GO:0018401),-1.1466572524943648,0.6904260516166687,7
Double-Strand Break Repair Via Homologous Recombination (GO:0000724),-1.1469162975004357,0.615547776222229,111
Regulation Of Neutrophil Migration (GO:1902622),-1.1472141479755034,0.6898844242095947,8
Oligosaccharide-Lipid Intermediate Biosynthetic Process (GO:0006490),-1.1472163938244735,0.699211835861206,12
Regulation Of Proteolysis Involved In Protein Catabolic Process (GO:1903050),-1.1473338731161908,0.6622740030288696,24
Histone H3 Acetylation (GO:0043966),-1.1475709846564492,0.6677926182746887,36
Bile Acid Biosynthetic Process (GO:0006699),-1.148104149160054,0.6867342591285706,25
Amide Biosynthetic Process (GO:0043604),-1.148753689625339,0.6468449831008911,51
Regulation Of Monoatomic Cation Transmembrane Transport (GO:1904062),-1.148794669005311,0.6549742221832275,39
Glycosylceramide Biosynthetic Process (GO:0046476),-1.1488753099554418,0.6661566495895386,6
Regulation Of Protein Localization To Cell Surface (GO:2000008),-1.1489830016994567,0.6622740030288696,31
Negative Regulation Of Amyloid-Beta Clearance (GO:1900222),-1.149130971093714,0.6872522830963135,7
Lipid Oxidation (GO:0034440),-1.1491358628420785,0.682529628276825,13
Golgi Ribbon Formation (GO:0090161),-1.1491820433563367,0.7008940577507019,8
Purine Ribonucleotide Biosynthetic Process (GO:0009152),-1.1492649753635644,0.6564465165138245,55
Triglyceride Biosynthetic Process (GO:0019432),-1.149601651101848,0.6742398142814636,17
Regulation Of Protein Ubiquitination (GO:0031396),-1.1497654466871081,0.615547776222229,113
ERAD Pathway (GO:0036503),-1.150125656903339,0.6284684538841248,89
Regulation Of Macromolecule Metabolic Process (GO:0060255),-1.1502099806633987,0.5942592024803162,162
Positive Regulation Of Syncytium Formation By Plasma Membrane Fusion (GO:0060143),-1.150230801110836,0.6876342296600342,15
Regulation Of Bile Acid Biosynthetic Process (GO:0070857),-1.1504182577361506,0.6938626170158386,9
Adherens Junction Assembly (GO:0034333),-1.1504347010181066,0.6904260516166687,9
Regulation Of Intracellular Protein Transport (GO:0033157),-1.1508214920253341,0.6795425415039062,36
Tryptophan Catabolic Process (GO:0006569),-1.1508231092657035,0.676365315914154,7
Proteasome Assembly (GO:0043248),-1.1509048257565537,0.6938626170158386,8
Negative Regulation Of T-helper 17 Cell Differentiation (GO:2000320),-1.1513747785316013,0.6795425415039062,7
Regulation Of PERK-mediated Unfolded Protein Response (GO:1903897),-1.1513809102673984,0.6795425415039062,9
"Phagocytosis, Engulfment (GO:0006911)",-1.1516198198645025,0.6795425415039062,30
Nuclear Transport (GO:0051169),-1.1516279632224637,0.6640693545341492,39
Positive Regulation Of Protein Sumoylation (GO:0033235),-1.1517624478901027,0.693192183971405,9
Positive Regulation Of Peptidyl-Serine Phosphorylation (GO:0033138),-1.1518177189863017,0.6198444962501526,89
Regulation Of Transforming Growth Factor Beta Production (GO:0071634),-1.151877484229503,0.6795425415039062,16
Regulation Of Neuron Apoptotic Process (GO:0043523),-1.1519882946109108,0.6095324754714966,105
Dermatan Sulfate Metabolic Process (GO:0030205),-1.152097000651825,0.6871192455291748,5
Regulation Of Neuron Death (GO:1901214),-1.1521340218158596,0.6362832188606262,58
Ceramide Metabolic Process (GO:0006672),-1.1521802517433033,0.6315966844558716,55
Regulation Of Transcription Regulatory Region DNA Binding (GO:2000677),-1.1523493217850387,0.6914818286895752,27
Peroxisome Organization (GO:0007031),-1.1525020584337269,0.6661566495895386,24
Nitric Oxide Mediated Signal Transduction (GO:0007263),-1.1533753644233329,0.6826421022415161,18
Positive Regulation Of Signal Transduction (GO:0009967),-1.1534107596280914,0.5025284290313721,266
Positive Regulation Of Muscle Contraction (GO:0045933),-1.1534681109332472,0.6898844242095947,11
Positive Regulation Of Membrane Invagination (GO:1905155),-1.1539331597460105,0.6795425415039062,8
Vacuole Fusion (GO:0097576),-1.1541503871020506,0.6899721026420593,10
GPI Anchor Biosynthetic Process (GO:0006506),-1.1543574344925205,0.6627988815307617,30
Response To Interleukin-6 (GO:0070741),-1.154385743262439,0.6927536725997925,12
Positive Regulation Of Microtubule Nucleation (GO:0090063),-1.1545330769254079,0.676365315914154,7
interleukin-17A-mediated Signaling Pathway (GO:0038173),-1.154809980955266,0.6796519756317139,5
Myotube Cell Development (GO:0014904),-1.1548273548618797,0.6841828227043152,14
Insulin Secretion Involved In Cellular Response To Glucose Stimulus (GO:0035773),-1.1553505348833182,0.6947099566459656,6
Regulation Of Heme Biosynthetic Process (GO:0070453),-1.1553510628621948,0.682529628276825,8
Cytoskeleton-Dependent Cytokinesis (GO:0061640),-1.1554259554013457,0.6189814805984497,81
Metallo-Sulfur Cluster Assembly (GO:0031163),-1.1555615827810486,0.6742398142814636,27
Iron-Sulfur Cluster Assembly (GO:0016226),-1.1555615827810486,0.6742398142814636,27
Negative Regulation Of Autophagosome Assembly (GO:1902902),-1.1557532934563657,0.6795425415039062,10
Positive Regulation Of Neuron Projection Development (GO:0010976),-1.1561415631603316,0.610654354095459,92
Dolichol-Linked Oligosaccharide Biosynthetic Process (GO:0006488),-1.1568108954568592,0.6898844242095947,15
Protein-Containing Complex Organization (GO:0043933),-1.1568458274988327,0.5798766016960144,126
Mitochondrial Fragmentation Involved In Apoptotic Process (GO:0043653),-1.1571546840580227,0.6904260516166687,8
Regulation Of Dosage Compensation By Inactivation Of X Chromosome (GO:1900095),-1.1573245957272278,0.682529628276825,12
Regulation Of Monoatomic Anion Transport (GO:0044070),-1.1575898788455878,0.6771352291107178,5
Nucleic Acid Transport (GO:0050657),-1.1582859441964457,0.6841828227043152,8
Regulation Of Ruffle Assembly (GO:1900027),-1.158595643851308,0.6532173752784729,24
Negative Regulation Of T-helper 17 Type Immune Response (GO:2000317),-1.1586451596535434,0.6564260721206665,6
mRNA 3'-Splice Site Recognition (GO:0000389),-1.1588965086621508,0.6742398142814636,5
Apoptotic Process (GO:0006915),-1.1593621449555402,0.4942812919616699,228
Response To Cholesterol (GO:0070723),-1.1594023968122738,0.6876342296600342,18
Positive Regulation Of Proteolysis Involved In Protein Catabolic Process (GO:1903052),-1.1594439554218983,0.6530824899673462,31
Regulation Of Circadian Sleep/Wake Cycle (GO:0042749),-1.1595686911864636,0.6898844242095947,5
Negative Regulation Of ERK1 And ERK2 Cascade (GO:0070373),-1.1603536190574835,0.6362832188606262,48
Protein Complex Oligomerization (GO:0051259),-1.1609458428677806,0.5975103974342346,100
Positive Regulation Of Protein Catabolic Process (GO:0045732),-1.1612538042450369,0.6014252305030823,92
Fibrinolysis (GO:0042730),-1.16134207453896,0.6774000525474548,12
Positive Regulation Of Autophagy Of Mitochondrion In Response To Mitochondrial Depolarization (GO:1904925),-1.1613683129089543,0.6618907451629639,5
Neutrophil Activation (GO:0042119),-1.1618147494529167,0.6622740030288696,18
Vascular Transport (GO:0010232),-1.1619451853007332,0.610654354095459,83
Cellular Biogenic Amine Catabolic Process (GO:0042402),-1.1619971830489415,0.676365315914154,7
acetyl-CoA Biosynthetic Process From Pyruvate (GO:0006086),-1.1620644902812127,0.6661061644554138,5
Androgen Receptor Signaling Pathway (GO:0030521),-1.1622601606729364,0.6754079461097717,17
Cellular Response To Starvation (GO:0009267),-1.1624035323446427,0.5855405330657959,126
Endodermal Cell Fate Commitment (GO:0001711),-1.1625209124348097,0.6796519756317139,9
Macrophage Activation (GO:0042116),-1.1629200805333413,0.6568676829338074,35
"Phototransduction, Visible Light (GO:0007603)",-1.1631582037418822,0.6621325612068176,8
Organophosphate Catabolic Process (GO:0046434),-1.1633180897524489,0.693192183971405,12
Intracellular Sequestering Of Iron Ion (GO:0006880),-1.1633867202854278,0.6661566495895386,6
Bradykinin Catabolic Process (GO:0010815),-1.1634619384909675,0.6681906580924988,5
Spleen Development (GO:0048536),-1.1639378042610438,0.6717904210090637,7
Innate Immune Response Activating Cell Surface Receptor Signaling Pathway (GO:0002220),-1.1640475997739628,0.6457606554031372,30
Positive Regulation Of Mitophagy In Response To Mitochondrial Depolarization (GO:0098779),-1.1647584850136785,0.6677505373954773,6
Protein Localization To Cell Periphery (GO:1990778),-1.1649795465759056,0.578101634979248,142
Modulation By Host Of Viral Genome Replication (GO:0044827),-1.165068356454691,0.6532173752784729,21
Negative Regulation Of Peptidyl-Threonine Phosphorylation (GO:0010801),-1.1651789169053253,0.6612252593040466,14
Epithelial Cell-Cell Adhesion (GO:0090136),-1.1653524682714649,0.678987443447113,11
RNA Phosphodiester Bond Hydrolysis (GO:0090501),-1.1654264544107655,0.6315966844558716,28
Regulation Of Early Endosome To Late Endosome Transport (GO:2000641),-1.1655353318193158,0.657218873500824,19
Regulation Of TORC2 Signaling (GO:1903939),-1.1657438446851067,0.6898844242095947,6
Actin Filament Depolymerization (GO:0030042),-1.166093152965488,0.668202817440033,10
Negative Regulation Of Intracellular Signal Transduction (GO:1902532),-1.1664357973715727,0.5156614780426025,231
Positive Regulation Of Lymphocyte Proliferation (GO:0050671),-1.1664817365285465,0.6040728092193604,74
Amyloid-Beta Formation (GO:0034205),-1.1665442023176689,0.6721407771110535,8
Regulation Of Cytoplasmic Translation (GO:2000765),-1.166859815892502,0.6468449831008911,24
Transcription Initiation-Coupled Chromatin Remodeling (GO:0045815),-1.1671042633313549,0.6514740586280823,34
Regulation Of Trans-Synaptic Signaling (GO:0099177),-1.167377273770323,0.6468449831008911,36
Nuclear Pore Complex Assembly (GO:0051292),-1.1676700071677901,0.682529628276825,10
Regulation Of Protein Kinase A Signaling (GO:0010738),-1.167993388789806,0.676365315914154,16
N-acetylneuraminate Metabolic Process (GO:0006054),-1.1681315330226707,0.676365315914154,10
Positive Regulation Of Vesicle Fusion (GO:0031340),-1.1682177264342681,0.6532173752784729,5
B Cell Activation (GO:0042113),-1.1682183007696534,0.6026353240013123,92
Lysosomal Transport (GO:0007041),-1.1684764702764079,0.5861142873764038,105
Cristae Formation (GO:0042407),-1.1685529994148087,0.6624866724014282,12
Activation Of Cysteine-Type Endopeptidase Activity Involved In Apoptotic Process (GO:0006919),-1.168574970403208,0.604421854019165,67
Regulation Of Peptidyl-Threonine Phosphorylation (GO:0010799),-1.1693464789868688,0.6416633725166321,36
Pattern Recognition Receptor Signaling Pathway (GO:0002221),-1.1699754513249676,0.615547776222229,56
Regulation Of Protein Autophosphorylation (GO:0031952),-1.1700032616307119,0.6387578248977661,31
Regulation Of Glucagon Secretion (GO:0070092),-1.1700608625459634,0.657218873500824,5
Regulation Of Lamellipodium Morphogenesis (GO:2000392),-1.17026369174551,0.682529628276825,10
Regulation Of Vascular Associated Smooth Muscle Cell Apoptotic Process (GO:1905459),-1.1706566932827993,0.6648442149162292,6
Negative Regulation Of Cysteine-Type Endopeptidase Activity (GO:2000117),-1.1706784072496172,0.6334751844406128,53
Positive Regulation Of Nitrogen Compound Metabolic Process (GO:0051173),-1.1706933958874992,0.6475078463554382,33
Regulation Of Type II Interferon Production (GO:0032649),-1.1707505345821525,0.5886600613594055,87
Regulation Of Mitochondrial Membrane Permeability (GO:0046902),-1.170758516603431,0.657218873500824,18
Monocarboxylic Acid Metabolic Process (GO:0032787),-1.1708474550036,0.5866777300834656,97
Regulation Of Chromatin Binding (GO:0035561),-1.1709360496637848,0.6690672039985657,10
Response To Ketone (GO:1901654),-1.1711478917637426,0.6662827730178833,20
Cellular Response To Leucine Starvation (GO:1990253),-1.1711558353229823,0.6649557948112488,12
Positive Regulation Of Phosphate Metabolic Process (GO:0045937),-1.1711999381001892,0.6362832188606262,30
Cellular Response To Prostaglandin E Stimulus (GO:0071380),-1.1712440411561498,0.6798213720321655,6
Organophosphate Biosynthetic Process (GO:0090407),-1.1713780480785814,0.6444530487060547,34
Blood Vessel Diameter Maintenance (GO:0097746),-1.1714890575883372,0.6368348002433777,36
Nerve Growth Factor Signaling Pathway (GO:0038180),-1.1715334980512613,0.663616955280304,9
Regulation Of Stress Fiber Assembly (GO:0051492),-1.1715927727810191,0.6188998818397522,75
Regulation Of Lens Fiber Cell Differentiation (GO:1902746),-1.172048306655671,0.6568676829338074,6
Regulation Of Nervous System Development (GO:0051960),-1.1723503676874638,0.6291256546974182,46
Regulation Of Lipase Activity (GO:0060191),-1.1724394767877158,0.6547806859016418,7
Nucleocytoplasmic Transport (GO:0006913),-1.1724624100032623,0.6247475743293762,50
Regulation Of Organelle Organization (GO:0033043),-1.1725877796268938,0.5829179883003235,100
Regulation Of Intrinsic Apoptotic Signaling Pathway In Response To DNA Damage (GO:1902229),-1.1726632690365153,0.6568676829338074,15
Phosphatidylserine Acyl-Chain Remodeling (GO:0036150),-1.1729600825182551,0.6666653752326965,7
Exocytosis (GO:0006887),-1.17321447718195,0.5984885692596436,86
Regulation Of Insulin-Like Growth Factor Receptor Signaling Pathway (GO:0043567),-1.173452781224701,0.6729604601860046,19
Regulation Of Endoplasmic Reticulum Unfolded Protein Response (GO:1900101),-1.1734760681355656,0.6532173752784729,9
Positive Regulation Of Fibroblast Apoptotic Process (GO:2000271),-1.1735700026921836,0.6532173752784729,6
Cellular Response To Granulocyte Macrophage Colony-Stimulating Factor Stimulus (GO:0097011),-1.173602424029957,0.6438503861427307,5
Response To Granulocyte Macrophage Colony-Stimulating Factor (GO:0097012),-1.173602424029957,0.6438503861427307,5
Negative Regulation Of B Cell Proliferation (GO:0030889),-1.1737207819538327,0.6622740030288696,10
Double-Strand Break Repair Via Classical Nonhomologous End Joining (GO:0097680),-1.1737229032402887,0.6677505373954773,5
Ubiquitin-Dependent ERAD Pathway (GO:0030433),-1.1738063778637569,0.6010774374008179,73
Cellular Response To Salt (GO:1902075),-1.1739653990000405,0.5718739628791809,109
Protein Localization To Cytoplasmic Stress Granule (GO:1903608),-1.1741495356070422,0.6622910499572754,7
Branched-Chain Amino Acid Transport (GO:0015803),-1.174305399964802,0.6468449831008911,10
Store-Operated Calcium Entry (GO:0002115),-1.1743059306847021,0.6487635970115662,7
Engulfment Of Apoptotic Cell (GO:0043652),-1.174340428620045,0.6796519756317139,10
Regulation Of Translation (GO:0006417),-1.1743662889704554,0.5123857259750366,202
L-alpha-amino Acid Transmembrane Transport (GO:1902475),-1.1745048162095097,0.6320262551307678,40
Regulation Of Peptidyl-Serine Phosphorylation Of STAT Protein (GO:0033139),-1.174512156033218,0.6826421022415161,18
Plasma Membrane Raft Organization (GO:0044857),-1.1745826613116817,0.6532173752784729,5
Regulation Of T-helper 17 Cell Differentiation (GO:2000319),-1.1748337348945272,0.6532173752784729,11
Endoplasmic Reticulum Mannose Trimming (GO:1904380),-1.1748470917575249,0.6564260721206665,13
Monoatomic Cation Transmembrane Transport (GO:0098655),-1.1748834542408841,0.45151054859161377,281
RNA Biosynthetic Process (GO:0032774),-1.1749720706188336,0.6532921195030212,29
Ribosomal Large Subunit Biogenesis (GO:0042273),-1.1753117513302156,0.6386532783508301,54
Negative Regulation Of MAP Kinase Activity (GO:0043407),-1.1756801616307595,0.6081423759460449,51
Regulation Of Mitochondrial Membrane Potential (GO:0051881),-1.1757151124336078,0.6410415768623352,39
Myelin Assembly (GO:0032288),-1.1757541002737235,0.6661566495895386,9
HALLMARK_UV_RESPONSE_UP,-1.1760716665524713,0.5332865118980408,158
ESCRT Complex Disassembly (GO:1904896),-1.176347895707717,0.659095048904419,9
ESCRT III Complex Disassembly (GO:1904903),-1.176347895707717,0.659095048904419,9
Regulation Of Complement-Dependent Cytotoxicity (GO:1903659),-1.1764794199239916,0.6649557948112488,9
Midbody Abscission (GO:0061952),-1.1765883195439126,0.6530824899673462,15
Regulation Of Sequestering Of Triglyceride (GO:0010889),-1.1766680040041757,0.6488363742828369,14
Negative Regulation Of Cell Differentiation (GO:0045596),-1.1772146100520513,0.5059933662414551,207
Carbohydrate Derivative Transport (GO:1901264),-1.1772747810947022,0.6438503861427307,17
Protein Catabolic Process (GO:0030163),-1.1773059238058552,0.5847026705741882,102
Receptor Internalization (GO:0031623),-1.1774889703804559,0.6188998818397522,51
Maintenance Of Protein Location In Extracellular Region (GO:0071694),-1.1775965467134775,0.6550169587135315,6
Positive Regulation Of Peptidyl-Tyrosine Phosphorylation (GO:0050731),-1.177680387505408,0.5660525560379028,130
Establishment Of Epithelial Cell Polarity (GO:0090162),-1.1777192967867658,0.6568676829338074,19
Meiotic Sister Chromatid Cohesion (GO:0051177),-1.1779095215037927,0.6568676829338074,10
Regulation Of Telomerase RNA Localization To Cajal Body (GO:1904872),-1.1780549174071389,0.6598322987556458,17
Negative Regulation Of Immune Effector Process (GO:0002698),-1.178660776776619,0.6468449831008911,15
"Negative Regulation Of CD4-positive, Alpha-Beta T Cell Proliferation (GO:2000562)",-1.1789283836753257,0.6742398142814636,6
Cellular Response To Ketone (GO:1901655),-1.1791266748505236,0.6157573461532593,44
NADPH Regeneration (GO:0006740),-1.17936700385681,0.6640693545341492,12
acetyl-CoA Metabolic Process (GO:0006084),-1.1794294661654705,0.6438503861427307,16
RNA Catabolic Process (GO:0006401),-1.1794686487551644,0.6188998818397522,57
Regulation Of Phospholipase A2 Activity (GO:0032429),-1.1794887258704527,0.6422431468963623,7
Nitrogen Compound Transport (GO:0071705),-1.1795695458858242,0.5391645431518555,163
T Cell Differentiation (GO:0030217),-1.1797540071385642,0.6179777979850769,46
Negative Regulation Of Establishment Of Protein Localization To Mitochondrion (GO:1903748),-1.1797579948996932,0.6717904210090637,6
Vesicle Fusion With Vacuole (GO:0051469),-1.1798151314868441,0.657218873500824,9
Multivesicular Body-Lysosome Fusion (GO:0061763),-1.1798151314868441,0.657218873500824,9
Ribosome Assembly (GO:0042255),-1.1798749989806336,0.6438503861427307,50
Regulation Of Leukocyte Proliferation (GO:0070663),-1.1799099716224115,0.6557365655899048,7
Negative Regulation Of Apoptotic Signaling Pathway (GO:2001234),-1.1802627507298955,0.5877030491828918,82
Regulation Of DNA Demethylation (GO:1901535),-1.1804243536698371,0.641575813293457,8
Protein K48-linked Ubiquitination (GO:0070936),-1.1806577411448538,0.6043422222137451,70
Regulation Of Mitochondrial Outer Membrane Permeabilization Involved In Apoptotic Signaling Pathway (GO:1901028),-1.1807846266842073,0.6568676829338074,18
Chemokine-Mediated Signaling Pathway (GO:0070098),-1.1810230837085751,0.615547776222229,57
Tryptophan Metabolic Process (GO:0006568),-1.1810462791228915,0.6547806859016418,7
Regulation Of Double-Strand Break Repair Via Homologous Recombination (GO:0010569),-1.1810942223629695,0.6128007769584656,71
Myelin Maintenance (GO:0043217),-1.1812836970661125,0.6434312462806702,9
Negative Regulation Of Actin Nucleation (GO:0051126),-1.1813567380548864,0.6568676829338074,7
DNA-templated DNA Replication (GO:0006261),-1.1816598379026977,0.588314950466156,69
Protein Localization To Basolateral Plasma Membrane (GO:1903361),-1.1818581857929782,0.6468449831008911,6
Regulation Of Long-Chain Fatty Acid Import Across Plasma Membrane (GO:0010746),-1.181887245406112,0.6468449831008911,5
mRNA Catabolic Process (GO:0006402),-1.1824487606929937,0.6189814805984497,43
Cholesterol Catabolic Process (GO:0006707),-1.182455451903748,0.6284684538841248,6
Sterol Catabolic Process (GO:0016127),-1.182455451903748,0.6284684538841248,6
Fatty Acid Catabolic Process (GO:0009062),-1.1825578529695895,0.588314950466156,61
Negative Regulation Of Nitrogen Compound Metabolic Process (GO:0051172),-1.1825916608405673,0.6648442149162292,11
Sulfate Transport (GO:0008272),-1.182695379898021,0.6568676829338074,11
Phosphate-Containing Compound Metabolic Process (GO:0006796),-1.1829275612095758,0.5151180028915405,184
Positive Regulation Of Monocyte Chemotactic Protein-1 Production (GO:0071639),-1.1829447618498674,0.6468449831008911,8
Positive Regulation Of Cell Development (GO:0010720),-1.183623990504661,0.6284684538841248,35
Regulation Of Type II Interferon-Mediated Signaling Pathway (GO:0060334),-1.1836724116627486,0.6568676829338074,11
Negative Regulation Of Steroid Biosynthetic Process (GO:0010894),-1.1836849943898233,0.6334751844406128,10
"Protein Import Into Peroxisome Matrix, Receptor Recycling (GO:0016562)",-1.1836962369902202,0.6340221762657166,6
RNA Transport (GO:0050658),-1.1837622828555474,0.6143938302993774,39
Regulation Of Peptidyl-Tyrosine Phosphorylation (GO:0050730),-1.1837797314909324,0.5680620074272156,90
Cap-Dependent Translational Initiation (GO:0002191),-1.1839051229323696,0.628889262676239,5
Leukotriene Metabolic Process (GO:0006691),-1.1839950150572396,0.6614950299263,20
Activation Of NF-kappaB-inducing Kinase Activity (GO:0007250),-1.184017931380165,0.6444530487060547,15
Positive Regulation Of miRNA Metabolic Process (GO:2000630),-1.1843114180110912,0.6238328218460083,49
Positive Regulation Of Calcium Ion Transport (GO:0051928),-1.1844426418821732,0.6483110785484314,29
Macromolecule Modification (GO:0043412),-1.1844644948649026,0.5847026705741882,81
Cellular Response To UV (GO:0034644),-1.1845739220054776,0.5861142873764038,79
Histone H4-K16 Acetylation (GO:0043984),-1.1847633056770501,0.6574258208274841,12
Regulation Of Fat Cell Proliferation (GO:0070344),-1.1847792529690517,0.6532173752784729,5
Endocytosis (GO:0006897),-1.1848874359462347,0.4967733919620514,189
Negative Regulation Of Cellular Component Organization (GO:0051129),-1.1849506999893717,0.5877030491828918,79
Gamma-Aminobutyric Acid Transport (GO:0015812),-1.185203969204947,0.6466137766838074,6
Regulation Of Hepatocyte Proliferation (GO:2000345),-1.18526893064802,0.6198444962501526,5
siRNA Processing (GO:0030422),-1.185322262426683,0.6353462338447571,7
Citrulline Metabolic Process (GO:0000052),-1.1853719162327672,0.6624866724014282,6
Cellular Response To Acid Chemical (GO:0071229),-1.185544393911551,0.6348578929901123,27
Myoblast Migration (GO:0051451),-1.1855656086425632,0.6416633725166321,7
Transport Across Blood-Brain Barrier (GO:0150104),-1.1857031595225376,0.5829252004623413,85
Actin Filament Network Formation (GO:0051639),-1.1857358136221887,0.6438503861427307,8
Regulation Of Sterol Biosynthetic Process (GO:0106118),-1.1859401253095574,0.6438503861427307,8
Axonal Transport (GO:0098930),-1.1859675045820497,0.6188998818397522,39
Peptidyl-Proline Hydroxylation (GO:0019511),-1.1861028335237775,0.6457606554031372,10
Ether Lipid Metabolic Process (GO:0046485),-1.1865709740633616,0.6468449831008911,13
Inorganic Cation Transmembrane Transport (GO:0098662),-1.1865753450410552,0.42848700284957886,284
Acylglycerol Homeostasis (GO:0055090),-1.1867419362067395,0.6189814805984497,24
Endoplasmic Reticulum Calcium Ion Homeostasis (GO:0032469),-1.1869125004223424,0.6315966844558716,20
Regulation Of Dendritic Cell Antigen Processing And Presentation (GO:0002604),-1.1870768357455734,0.6530824899673462,8
Positive Regulation Of Smooth Muscle Cell Apoptotic Process (GO:0034393),-1.1870937642195898,0.6530824899673462,8
Organelle Transport Along Microtubule (GO:0072384),-1.1871967095186562,0.6198444962501526,39
Positive Regulation Of Lymphocyte Migration (GO:2000403),-1.1872766907264332,0.6438503861427307,16
Positive Regulation Of Epidermis Development (GO:0045684),-1.187530092254006,0.6387054920196533,9
Amyloid Precursor Protein Metabolic Process (GO:0042982),-1.1876493039956686,0.6530824899673462,17
Regulation Of Cell Cycle G1/S Phase Transition (GO:1902806),-1.187866185707633,0.5871575474739075,74
Positive Regulation Of Transport (GO:0051050),-1.1879292531636734,0.6088703870773315,50
Positive Regulation Of Chondrocyte Differentiation (GO:0032332),-1.1882177068599964,0.6434312462806702,10
Positive Regulation Of Cell Activation (GO:0050867),-1.1882750430825582,0.6567897200584412,15
Regulation Of T Cell Apoptotic Process (GO:0070232),-1.1886140660694804,0.6434312462806702,11
Wound Healing (GO:0042060),-1.1886689265435906,0.5893769860267639,80
Negative Regulation Of Signal Transduction In Absence Of Ligand (GO:1901099),-1.18901532360647,0.6371909976005554,22
Negative Regulation Of Extrinsic Apoptotic Signaling Pathway In Absence Of Ligand (GO:2001240),-1.18901532360647,0.6371909976005554,22
Regulation Of Response To Oxidative Stress (GO:1902882),-1.189366004972168,0.6379280090332031,11
Negative Regulation Of Transferase Activity (GO:0051348),-1.1893828048551385,0.6188998818397522,37
"Negative Regulation Of Nuclear-Transcribed mRNA Catabolic Process, Deadenylation-Dependent Decay (GO:1900152)",-1.189504921007256,0.6387578248977661,11
Positive Regulation Of Transcription Regulatory Region DNA Binding (GO:2000679),-1.1897842739118696,0.6347931623458862,21
Negative Regulation Of Vascular Endothelial Growth Factor Signaling Pathway (GO:1900747),-1.1898284515225566,0.641575813293457,9
Radial Glial Cell Differentiation (GO:0060019),-1.1898520818023102,0.6347931623458862,5
Cellular Response To Unfolded Protein (GO:0034620),-1.189916360051769,0.641575813293457,17
Positive Regulation Of Cell-Cell Adhesion Mediated By Integrin (GO:0033634),-1.1900738093637928,0.6468449831008911,5
Regulation Of Ventricular Cardiac Muscle Cell Membrane Depolarization (GO:0060373),-1.190138699967293,0.6188998818397522,5
tRNA Metabolic Process (GO:0006399),-1.190342603295052,0.6546759605407715,19
Proteasomal Protein Catabolic Process (GO:0010498),-1.1906451344183007,0.4482634961605072,220
NAD Biosynthesis Via Nicotinamide Riboside Salvage Pathway (GO:0034356),-1.1906492959071822,0.6315966844558716,9
Carbohydrate Phosphorylation (GO:0046835),-1.190785624158541,0.6438503861427307,9
Regulation Of Interleukin-23 Production (GO:0032667),-1.190840795610683,0.6379280090332031,8
Regulation Of Monocyte Chemotactic Protein-1 Production (GO:0071637),-1.190956553642856,0.6532173752784729,11
Triglyceride Catabolic Process (GO:0019433),-1.1909672481262177,0.6438503861427307,12
Negative Regulation Of Lyase Activity (GO:0051350),-1.1909904196598742,0.6334751844406128,13
Regulation Of Cell Growth (GO:0001558),-1.1910638759377707,0.461830735206604,227
Ubiquitin-Dependent Protein Catabolic Process (GO:0006511),-1.191318821991543,0.3563367426395416,367
Pronephros Development (GO:0048793),-1.191429525103172,0.641575813293457,5
Macrophage Derived Foam Cell Differentiation (GO:0010742),-1.1914831784326565,0.641575813293457,6
Regulation Of T-helper 1 Cell Differentiation (GO:0045625),-1.1916673731226755,0.6362832188606262,6
Gas Transport (GO:0015669),-1.191671807508213,0.6438503861427307,15
Regulation Of Vascular Endothelial Growth Factor Signaling Pathway (GO:1900746),-1.1919231445192804,0.6315966844558716,19
Regulation Of Oxidative Stress-Induced Cell Death (GO:1903201),-1.1920086279867557,0.6315966844558716,7
Intracellular Estrogen Receptor Signaling Pathway (GO:0030520),-1.1920584850025857,0.6315966844558716,17
Cellular Response To Magnesium Ion (GO:0071286),-1.1921835014083382,0.6290495991706848,5
Regulation Of Cytokine Production Involved In Inflammatory Response (GO:1900015),-1.192710050908083,0.6063883304595947,46
Regulation Of Cardiac Muscle Contraction By Regulation Of The Release Of Sequestered Calcium Ion (GO:0010881),-1.1928361448068878,0.6329659819602966,16
L-amino Acid Transport (GO:0015807),-1.1929654545177026,0.6380835175514221,26
Negative Regulation Of Signaling Receptor Activity (GO:2000272),-1.1930660834808828,0.6296297311782837,25
Intracellular Lipid Transport (GO:0032365),-1.1932490613029278,0.6269465088844299,18
Positive Regulation Of Cell Adhesion (GO:0045785),-1.1932903002253539,0.5826517343521118,88
Protein Deubiquitination Involved In Ubiquitin-Dependent Protein Catabolic Process (GO:0071947),-1.1935406085383442,0.6315966844558716,7
Regulation Of Necrotic Cell Death (GO:0010939),-1.1935950917090985,0.6284684538841248,8
Serine Transport (GO:0032329),-1.1936753446481028,0.6434312462806702,6
Regulation Of Release Of Sequestered Calcium Ion Into Cytosol (GO:0051279),-1.1940369833067308,0.6014252305030823,51
Triglyceride Homeostasis (GO:0070328),-1.1940719066621925,0.6026353240013123,31
Positive Regulation Of Cell Population Proliferation (GO:0008284),-1.194121219223616,0.278095543384552,483
Response To Lead Ion (GO:0010288),-1.1943133201071028,0.6362832188606262,6
Positive Regulation Of Nervous System Development (GO:0051962),-1.1943552697217683,0.594832718372345,49
Antigen Processing And Presentation Of Exogenous Peptide Antigen (GO:0002478),-1.1943959222456795,0.6362832188606262,31
Inositol Phosphate Biosynthetic Process (GO:0032958),-1.1945104355524503,0.6312586665153503,10
Peripheral Nervous System Neuron Development (GO:0048935),-1.1947971752126976,0.6567657589912415,5
"RNA Phosphodiester Bond Hydrolysis, Endonucleolytic (GO:0090502)",-1.1954610303652624,0.6315966844558716,14
Intracellular Protein Transport (GO:0006886),-1.1957407669534588,0.38297706842422485,325
Macrophage Activation Involved In Immune Response (GO:0002281),-1.1958423525291813,0.6371909976005554,11
Vascular Associated Smooth Muscle Contraction (GO:0014829),-1.1962930405638892,0.6362832188606262,6
Protein Stabilization (GO:0050821),-1.1964229829857325,0.4766785204410553,208
Iron Ion Transmembrane Transport (GO:0034755),-1.1972370510190116,0.6315966844558716,9
Establishment Of Protein Localization To Organelle (GO:0072594),-1.1976776902407522,0.5847026705741882,85
Positive Regulation Of Fatty Acid Biosynthetic Process (GO:0045723),-1.1977072059165497,0.6438503861427307,13
Positive Regulation Of Interferon-Alpha Production (GO:0032727),-1.197946749458618,0.6259896755218506,21
Regulation Of Cellular Component Size (GO:0032535),-1.1981193774758012,0.5886600613594055,43
Response To Glucose (GO:0009749),-1.198318442094305,0.6010774374008179,46
Regulation Of ATP Biosynthetic Process (GO:2001169),-1.1984052746632394,0.6233275532722473,14
Negative Regulation Of Cell Adhesion (GO:0007162),-1.1984713415248862,0.5798766016960144,72
Positive Regulation Of Apoptotic Process (GO:0043065),-1.1985105393818096,0.40515151619911194,270
Regulation Of Collagen Fibril Organization (GO:1904026),-1.1985963250482718,0.6189515590667725,6
Positive Regulation Of Protein Binding (GO:0032092),-1.1986075472372915,0.5983753800392151,59
Positive Regulation Of Protein-Containing Complex Disassembly (GO:0043243),-1.1986075582308326,0.6380835175514221,14
Protein Homooligomerization (GO:0051260),-1.1988756682935662,0.519485592842102,129
Protein Hexamerization (GO:0034214),-1.1990709477723358,0.6328195333480835,8
NLS-bearing Protein Import Into Nucleus (GO:0006607),-1.1992209131801703,0.6387054920196533,17
Regulation Of Cell Communication By Electrical Coupling (GO:0010649),-1.1992309767539455,0.6284684538841248,12
Regulation Of Cytoplasmic Transport (GO:1903649),-1.1992495228870033,0.6406795978546143,11
Response To Misfolded Protein (GO:0051788),-1.1995461833280734,0.6284684538841248,8
Protein Maturation By Iron-Sulfur Cluster Transfer (GO:0097428),-1.1995561966329302,0.6188998818397522,14
Regulation Of T-helper 1 Type Immune Response (GO:0002825),-1.1995629355761432,0.6434312462806702,8
Protein Homotetramerization (GO:0051289),-1.1996412138562864,0.5946494936943054,53
Pentose-Phosphate Shunt (GO:0006098),-1.199879863569837,0.6380572319030762,11
Mitochondrial DNA Metabolic Process (GO:0032042),-1.2006245413674412,0.6416578888893127,13
Cellular Response To Amyloid-Beta (GO:1904646),-1.2006410880225695,0.6087825298309326,34
Regulation Of Enamel Mineralization (GO:0070173),-1.200646146412371,0.6031787395477295,5
Positive Regulation Of IRE1-mediated Unfolded Protein Response (GO:1903896),-1.2008237858625213,0.6156571507453918,6
Positive Regulation Of Ubiquitin-Protein Transferase Activity (GO:0051443),-1.200864874964461,0.6189814805984497,27
Regulation Of Endoplasmic Reticulum Stress-Induced Intrinsic Apoptotic Signaling Pathway (GO:1902235),-1.2010970167685524,0.6284684538841248,24
Apoptotic DNA Fragmentation (GO:0006309),-1.2011269337554826,0.610654354095459,8
Regulation Of Telomere Maintenance (GO:0032204),-1.2011611037525114,0.6043422222137451,38
Carboxylic Acid Catabolic Process (GO:0046395),-1.2012151839593415,0.6156571507453918,17
Positive Regulation Of Mitophagy (GO:1901526),-1.201329360874799,0.6143938302993774,6
Regulation Of Oxidative Stress-Induced Neuron Intrinsic Apoptotic Signaling Pathway (GO:1903376),-1.2014164341651377,0.6232835054397583,6
Protein Import Into Mitochondrial Matrix (GO:0030150),-1.2016679614326047,0.6284684538841248,18
Late Endosome To Lysosome Transport (GO:1902774),-1.201671264872926,0.6284684538841248,16
Negative Regulation Of Phosphatidylinositol 3-Kinase Signaling (GO:0014067),-1.2017503638628246,0.6293649673461914,9
Purine Ribonucleotide Transport (GO:0015868),-1.2019299832096753,0.6198444962501526,19
Rap Protein Signal Transduction (GO:0032486),-1.2025699699674515,0.6438503861427307,10
Cellular Response To Alcohol (GO:0097306),-1.2026089455665072,0.578101634979248,53
Protein Localization To Cell-Cell Junction (GO:0150105),-1.20261301599849,0.6416578888893127,15
L-alanine Transport (GO:0015808),-1.2027506707547317,0.6468449831008911,7
Regulation Of Glycoprotein Biosynthetic Process (GO:0010559),-1.2028692983991132,0.6362832188606262,10
Regulation Of Interleukin-17 Production (GO:0032660),-1.2029334987820164,0.5993764400482178,34
Lipopolysaccharide-Mediated Signaling Pathway (GO:0031663),-1.2029664635179964,0.614517331123352,20
Regulation Of Hematopoietic Progenitor Cell Differentiation (GO:1901532),-1.203078530584078,0.6188998818397522,17
Positive Regulation Of Macromolecule Biosynthetic Process (GO:0010557),-1.203234418178292,0.5257551670074463,122
Positive Regulation Of Cold-Induced Thermogenesis (GO:0120162),-1.2033646788041015,0.5371081233024597,98
Regulation Of Cell-Cell Adhesion (GO:0022407),-1.2033652425829116,0.580113410949707,43
External Encapsulating Structure Organization (GO:0045229),-1.203549714077047,0.5481461882591248,110
Positive Regulation Of Ruffle Assembly (GO:1900029),-1.2037771549709717,0.6166544556617737,12
Regulation Of Interleukin-1-Mediated Signaling Pathway (GO:2000659),-1.2043039013107193,0.615547776222229,5
Extracellular Structure Organization (GO:0043062),-1.2044687716380271,0.5457674264907837,109
Carboxylic Acid Metabolic Process (GO:0019752),-1.2046854515670822,0.6014252305030823,33
Activation Of Protein Kinase Activity (GO:0032147),-1.2049525637148202,0.5481461882591248,81
Positive Regulation Of Macrophage Cytokine Production (GO:0060907),-1.2052575087890647,0.6284684538841248,8
Killing By Host Of Symbiont Cells (GO:0051873),-1.2053846983968437,0.6328195333480835,13
Positive Regulation Of Signaling (GO:0023056),-1.2054967263706236,0.5975103974342346,37
Positive Regulation Of Cellular Component Biogenesis (GO:0044089),-1.2055105153361685,0.554909348487854,93
Regulation Of Lipid Transport (GO:0032368),-1.2055392798595155,0.6220275163650513,10
Regulation Of Transcription From RNA Polymerase II Promoter In Response To Stress (GO:0043618),-1.2057882719624837,0.6315966844558716,12
Phosphatidylinositol Biosynthetic Process (GO:0006661),-1.2058129486736533,0.5382806062698364,98
Positive Regulation Of Podosome Assembly (GO:0071803),-1.2058236582411874,0.615547776222229,5
Positive Regulation Of Proteolysis (GO:0045862),-1.2059829386332273,0.588314950466156,59
Detection Of Calcium Ion (GO:0005513),-1.2062566418819747,0.6247475743293762,12
Monoatomic Cation Homeostasis (GO:0055080),-1.2063491343899262,0.5591772794723511,77
Positive Regulation Of NF-kappaB Transcription Factor Activity (GO:0051092),-1.206560520736176,0.48861807584762573,152
Positive Regulation Of Protein Localization To Early Endosome (GO:1902966),-1.2067223285362962,0.6284684538841248,8
Positive Regulation Of Protein Localization To Endosome (GO:1905668),-1.2067223285362962,0.6284684538841248,8
Regulation Of Protein Localization To Early Endosome (GO:1902965),-1.2067223285362962,0.6284684538841248,8
Positive Regulation Of Lamellipodium Organization (GO:1902745),-1.2067908021887306,0.6014252305030823,31
Positive Regulation Of Sequestering Of Triglyceride (GO:0010890),-1.2069042008728261,0.6189814805984497,8
Polyol Biosynthetic Process (GO:0046173),-1.2069841967900863,0.6081423759460449,15
Positive Regulation Of Type II Interferon Production (GO:0032729),-1.2070701155658135,0.578101634979248,58
Negative Regulation Of DNA Recombination (GO:0045910),-1.207085371984894,0.6087825298309326,41
Bicarbonate Transport (GO:0015701),-1.2070895209719703,0.6157573461532593,19
Positive Regulation Of Transcription From RNA Polymerase II Promoter In Response To Stress (GO:0036003),-1.2070970789177544,0.6200706958770752,17
Positive Regulation Of Protein K63-linked Ubiquitination (GO:1902523),-1.2073083337678416,0.6043422222137451,6
Regulation Of Protein Serine/Threonine Kinase Activity (GO:0071900),-1.207318636441519,0.5251374840736389,112
Positive Regulation Of T-helper 2 Cell Cytokine Production (GO:2000553),-1.2075315123642125,0.6362832188606262,7
Regulation Of Proteasomal Protein Catabolic Process (GO:0061136),-1.207638502869708,0.5718739628791809,53
Negative Regulation Of Endoplasmic Reticulum Calcium Ion Concentration (GO:0032471),-1.2078950047431847,0.6043422222137451,5
Positive Regulation Of Signal Transduction By P53 Class Mediator (GO:1901798),-1.207947233871786,0.615547776222229,21
Histone Methylation (GO:0016571),-1.2079512265301242,0.6188998818397522,9
Negative Regulation Of Tyrosine Phosphorylation Of STAT Protein (GO:0042532),-1.2080063063121826,0.6227439045906067,9
Response To Organonitrogen Compound (GO:0010243),-1.2082875970004763,0.5886600613594055,47
Positive Regulation Of Neuroinflammatory Response (GO:0150078),-1.2083369552809275,0.6198444962501526,12
HALLMARK_ANGIOGENESIS,-1.2086090148236552,0.5871575474739075,36
Prostanoid Biosynthetic Process (GO:0046457),-1.2090101270063178,0.6328195333480835,14
Regulation Of DNA-templated Transcription Initiation (GO:2000142),-1.209071477481513,0.6288269758224487,8
Positive Regulation Of Microglial Cell Activation (GO:1903980),-1.2096195637607365,0.6014252305030823,5
DNA Catabolic Process (GO:0006308),-1.2096478677282236,0.5983753800392151,19
Positive Regulation Of Leukocyte Activation (GO:0002696),-1.2097887228302846,0.6211119294166565,20
Regulation Of Lymphocyte Apoptotic Process (GO:0070228),-1.2098224365296961,0.6163079738616943,7
Protein Transport (GO:0015031),-1.209916938860099,0.3269748091697693,313
Positive Regulation Of Endothelial Cell Migration (GO:0010595),-1.2100684748418231,0.5515953898429871,85
Regulation Of Calcidiol 1-Monooxygenase Activity (GO:0060558),-1.210134680094886,0.6087825298309326,5
Glutamine Family Amino Acid Biosynthetic Process (GO:0009084),-1.2105273737038913,0.628889262676239,11
Regulation Of Ceramide Biosynthetic Process (GO:2000303),-1.2106426007996902,0.6189814805984497,9
Intermediate Filament Organization (GO:0045109),-1.2109125348320922,0.5727642774581909,68
Regulation Of Protein Localization To Plasma Membrane (GO:1903076),-1.2109321107616091,0.5591772794723511,80
Fatty Acid Beta-Oxidation (GO:0006635),-1.21096283933294,0.5886600613594055,49
"Blood Coagulation, Intrinsic Pathway (GO:0007597)",-1.21101669499423,0.6362832188606262,7
Very-Low-Density Lipoprotein Particle Remodeling (GO:0034372),-1.211018899055098,0.6312586665153503,7
Regulation Of Transmembrane Transport (GO:0034762),-1.2110403343178713,0.5886600613594055,32
Macrophage Differentiation (GO:0030225),-1.2110659452843135,0.615547776222229,21
Negative Regulation Of Protein Modification Process (GO:0031400),-1.2111164494542692,0.5575690269470215,78
Negative Regulation Of Secretion (GO:0051048),-1.2114152990523606,0.6157573461532593,13
Regulation Of Chemokine (C-C Motif) Ligand 5 Production (GO:0071649),-1.2117797186622712,0.6188998818397522,7
Vesicle Organization (GO:0016050),-1.2119675452952672,0.5257551670074463,94
"Positive Regulation Of Protein Localization To Chromosome, Telomeric Region (GO:1904816)",-1.2121626936565668,0.6043422222137451,11
Protein Polymerization (GO:0051258),-1.2121833548929242,0.578101634979248,63
Regulation Of Rhodopsin Mediated Signaling Pathway (GO:0022400),-1.212354954671704,0.6284684538841248,8
Monocarboxylic Acid Biosynthetic Process (GO:0072330),-1.2124060973017317,0.5762798190116882,65
Platelet Dense Granule Organization (GO:0060155),-1.2124443754712835,0.6189814805984497,22
Regulation Of Cytokine Production (GO:0001817),-1.2125485068618176,0.4604882001876831,167
Endolysosomal Toll-Like Receptor Signaling Pathway (GO:0140894),-1.2128960281532006,0.6198444962501526,13
Negative Regulation Of Proteolysis (GO:0045861),-1.2129371418724422,0.5855405330657959,41
Regulation Of Cellular Ketone Metabolic Process (GO:0010565),-1.213019540038704,0.6438503861427307,13
Vesicle Coating (GO:0006901),-1.2133287869772837,0.6026353240013123,28
Telomere Maintenance In Response To DNA Damage (GO:0043247),-1.213470265583879,0.6198444962501526,11
rDNA Heterochromatin Formation (GO:0000183),-1.2136220867709056,0.615547776222229,6
Negative Regulation Of Calcium Ion Import (GO:0090281),-1.2136456411026981,0.6043422222137451,5
"Maturation Of 5.8S rRNA From Tricistronic rRNA Transcript (SSU-rRNA, 5.8S rRNA, LSU-rRNA) (GO:0000466)",-1.213791785955582,0.6020587682723999,21
Positive Regulation Of Notch Signaling Pathway (GO:0045747),-1.2138310142066342,0.5866777300834656,33
Positive Regulation Of Toll-Like Receptor 2 Signaling Pathway (GO:0034137),-1.213881397126017,0.6043422222137451,5
Antigen Processing And Presentation Of Exogenous Peptide Antigen Via MHC Class I (GO:0042590),-1.2139083908594988,0.5983753800392151,6
Vasoconstriction (GO:0042310),-1.2140942117838518,0.6022522449493408,9
Positive Regulation Of Viral Process (GO:0048524),-1.2141196550515816,0.580113410949707,41
Positive Regulation Of Peptidyl-Serine Phosphorylation Of STAT Protein (GO:0033141),-1.2141244248432093,0.6434312462806702,17
Positive Regulation Of Actin Filament Polymerization (GO:0030838),-1.214402404149638,0.5822345614433289,41
Regulation Of Bile Acid Metabolic Process (GO:1904251),-1.214406974013026,0.6014252305030823,6
Positive Regulation Of Histone H3-K4 Methylation (GO:0051571),-1.2144437868930733,0.604421854019165,12
Regulation Of Nitric Oxide Biosynthetic Process (GO:0045428),-1.214818228447174,0.5886600613594055,39
Cholesterol Transport (GO:0030301),-1.214833820195677,0.587735116481781,51
"Regulation Of Synaptic Transmission, Glutamatergic (GO:0051966)",-1.2149641624133478,0.5617242455482483,55
Nucleolar Chromatin Organization (GO:1990700),-1.2152664079050737,0.6189814805984497,7
Positive Regulation Of Neuron Death (GO:1901216),-1.2156073921431803,0.5886600613594055,34
Regulation Of Amide Metabolic Process (GO:0034248),-1.2156803876354136,0.5866777300834656,41
Regulation Of mRNA Catabolic Process (GO:0061013),-1.2157069524949573,0.5664157271385193,46
Phospholipid Efflux (GO:0033700),-1.2157154711867308,0.6026353240013123,11
Protein Targeting To Membrane (GO:0006612),-1.2161832471220195,0.5635405778884888,72
Establishment Of Vesicle Localization (GO:0051650),-1.216355761003413,0.6014252305030823,18
Spermidine Metabolic Process (GO:0008216),-1.2163718860517492,0.6040728092193604,7
Pore Complex Assembly (GO:0046931),-1.2164578671202753,0.6087825298309326,19
Lysosomal Membrane Organization (GO:0097212),-1.216579351401127,0.6043422222137451,11
Heat Acclimation (GO:0010286),-1.2170368556046132,0.6184828281402588,5
Cellular Heat Acclimation (GO:0070370),-1.2170368556046132,0.6184828281402588,5
Regulation Of Nitric Oxide Mediated Signal Transduction (GO:0010749),-1.2175874221449112,0.6014252305030823,5
Regulation Of Cholesterol Metabolic Process (GO:0090181),-1.2177779360290537,0.6128007769584656,23
Modification-Dependent Protein Catabolic Process (GO:0019941),-1.2178124492938276,0.43625888228416443,192
Regulation Of Centrosome Cycle (GO:0046605),-1.217915337356336,0.594832718372345,23
Cell Surface Toll-Like Receptor Signaling Pathway (GO:0140895),-1.2179176481161864,0.6021360158920288,16
Cellular Response To Xenobiotic Stimulus (GO:0071466),-1.218025907327677,0.6188998818397522,26
Peptidyl-Lysine Modification (GO:0018205),-1.218128889348897,0.5242754220962524,94
Lamellipodium Organization (GO:0097581),-1.2181867075938355,0.5886600613594055,30
Negative Regulation Of Ubiquitin-Protein Transferase Activity (GO:0051444),-1.2181975361672766,0.6031678915023804,17
Peroxisomal Transport (GO:0043574),-1.2183336616790787,0.6014252305030823,8
Positive Regulation Of Gene Expression (GO:0010628),-1.2184134859074915,0.2392076700925827,480
Membrane Lipid Biosynthetic Process (GO:0046467),-1.2184877983840698,0.5607448816299438,57
Negative Regulation Of Cell Motility (GO:2000146),-1.218638839027462,0.476031094789505,133
Regulation Of Morphogenesis Of A Branching Structure (GO:0060688),-1.2186846221371501,0.615547776222229,5
Negative Regulation Of Cellular Catabolic Process (GO:0031330),-1.2192358953529605,0.5591772794723511,67
Positive Regulation Of Insulin Receptor Signaling Pathway (GO:0046628),-1.2195434972951185,0.6188998818397522,12
Negative Regulation Of T Cell Activation (GO:0050868),-1.2196335582266942,0.5829252004623413,49
"Regulation Of Alternative mRNA Splicing, Via Spliceosome (GO:0000381)",-1.2197652339054406,0.5787401795387268,53
Icosanoid Metabolic Process (GO:0006690),-1.2198146241660588,0.5701646208763123,52
Positive Regulation Of Macroautophagy (GO:0016239),-1.2198745573708276,0.5645747780799866,64
HALLMARK_MYC_TARGETS_V2,-1.2203412139408687,0.5617242455482483,58
Regulation Of Mitophagy (GO:1901524),-1.220358719286087,0.6041141748428345,7
Negative Regulation Of Type I Interferon Production (GO:0032480),-1.2203668847921192,0.5635405778884888,38
Protein Localization To Membrane (GO:0072657),-1.2213097029736968,0.4482634961605072,192
Cholesterol Efflux (GO:0033344),-1.2213424799770118,0.5861142873764038,23
Regulation Of Transferase Activity (GO:0051338),-1.2213584954849643,0.5983753800392151,21
Regulation Of Cellular Localization (GO:0060341),-1.2215525332857555,0.5538640022277832,72
fatty-acyl-CoA Metabolic Process (GO:0035337),-1.2216430767032782,0.615547776222229,18
Regulation Of Extracellular Matrix Disassembly (GO:0010715),-1.2219969771872479,0.6284684538841248,14
Negative Regulation Of Cell Cycle Phase Transition (GO:1901988),-1.222174191197224,0.5871575474739075,12
Intrinsic Apoptotic Signaling Pathway (GO:0097193),-1.222233788958904,0.4905821979045868,105
Angiotensin-Activated Signaling Pathway (GO:0038166),-1.2223968481096676,0.614517331123352,6
Astrocyte Differentiation (GO:0048708),-1.2224321526860573,0.588314950466156,5
"Regulation Of Circadian Sleep/Wake Cycle, Sleep (GO:0045187)",-1.2226257362376325,0.6063883304595947,5
Regulation Of Interferon-Beta Production (GO:0032648),-1.2230623476566116,0.5660525560379028,50
Phosphatidylinositol Acyl-Chain Remodeling (GO:0036149),-1.2231400972510689,0.5993764400482178,5
O-glycan Processing (GO:0016266),-1.2233449343105547,0.5667805075645447,41
Positive Regulation Of Protein Polymerization (GO:0032273),-1.2233983374667252,0.5271795392036438,70
Regulation Of DNA Metabolic Process (GO:0051052),-1.223429853157357,0.4688079357147217,124
Leucine Transport (GO:0015820),-1.2238564711825086,0.5975390076637268,9
Regulation Of Vitamin D Biosynthetic Process (GO:0060556),-1.224002728175093,0.6087825298309326,5
Negative Regulation Of Inflammatory Response To Wounding (GO:0106015),-1.2242102095592022,0.6013733148574829,7
NADP Metabolic Process (GO:0006739),-1.2242945328243868,0.6087825298309326,19
Purine Ribonucleoside Triphosphate Biosynthetic Process (GO:0009206),-1.2243289871188796,0.6087825298309326,10
Response To Corticosteroid (GO:0031960),-1.2243700244341125,0.610654354095459,10
Recombinational Repair (GO:0000725),-1.224541849565757,0.5082272887229919,95
Membrane Depolarization (GO:0051899),-1.2245452952741254,0.6040728092193604,13
Regulation Of Leukocyte Cell-Cell Adhesion (GO:1903037),-1.2245599499801434,0.6043422222137451,11
Negative Regulation Of Neuron Apoptotic Process (GO:0043524),-1.2247499286130068,0.5481461882591248,74
Positive Regulation Of Interleukin-18 Production (GO:0032741),-1.2247939756636137,0.5798766016960144,5
Regulation Of Dendritic Cell Apoptotic Process (GO:2000668),-1.2251228266178176,0.6014252305030823,9
Regulation Of Cell Motility (GO:2000145),-1.2252836990125449,0.4608517289161682,123
Negative Regulation Of Oxidative Stress-Induced Neuron Death (GO:1903204),-1.225435260365858,0.6087825298309326,8
Leptin-Mediated Signaling Pathway (GO:0033210),-1.2255516821841645,0.6063883304595947,8
Morphogenesis Of A Polarized Epithelium (GO:0001738),-1.2256837872119626,0.594832718372345,12
Isoprenoid Biosynthetic Process (GO:0008299),-1.2258118259609718,0.6014252305030823,8
Sodium Ion Export Across Plasma Membrane (GO:0036376),-1.2260644118365365,0.6198444962501526,12
Positive Regulation Of Peptidyl-Threonine Phosphorylation (GO:0010800),-1.2262618765177136,0.610654354095459,24
Regulation Of Immunoglobulin Production (GO:0002637),-1.2263386097289632,0.6001371741294861,27
Receptor-Mediated Endocytosis (GO:0006898),-1.226492224046659,0.4775916337966919,122
Positive Regulation Of Chromatin Binding (GO:0035563),-1.2265304893938445,0.614517331123352,8
Gene Expression (GO:0010467),-1.2268986932522072,0.4482634961605072,296
Regulation Of Neutrophil Extravasation (GO:2000389),-1.227035368571474,0.5886600613594055,5
Bone Development (GO:0060348),-1.2270918007912675,0.5563315153121948,44
Positive Regulation Of Chemokine (C-X-C Motif) Ligand 2 Production (GO:2000343),-1.2271347181773136,0.588314950466156,6
Response To Amyloid-Beta (GO:1904645),-1.2275565325628703,0.5678398609161377,43
Cellular Response To Interleukin-4 (GO:0071353),-1.2276693132826157,0.5886600613594055,13
Stimulatory C-type Lectin Receptor Signaling Pathway (GO:0002223),-1.227827791004373,0.5886600613594055,19
Cellular Response To Lectin (GO:1990858),-1.227827791004373,0.5886600613594055,19
Protein-Containing Complex Assembly (GO:0065003),-1.2280558680291476,0.3036278784275055,328
Bundle Of His Cell To Purkinje Myocyte Communication (GO:0086069),-1.228066759761575,0.5918066501617432,8
Negative Regulation Of Transmembrane Transport (GO:0034763),-1.2280999894231093,0.5847026705741882,10
Protein Modification By Small Protein Conjugation Or Removal (GO:0070647),-1.228178785672175,0.5886600613594055,5
Porphyrin-Containing Compound Catabolic Process (GO:0006787),-1.2284234967406125,0.6188998818397522,12
Clathrin Coat Disassembly (GO:0072318),-1.228456805951295,0.5918066501617432,6
HALLMARK_KRAS_SIGNALING_UP,-1.2285085593174734,0.3998650908470154,200
Lymphocyte Migration (GO:0072676),-1.228565526668321,0.5762798190116882,41
Negative Regulation Of Protein Tyrosine Kinase Activity (GO:0061099),-1.2286471025906016,0.5924796462059021,23
Regulation Of Protein Binding (GO:0043393),-1.2287687910116523,0.49482932686805725,118
Histone Ubiquitination (GO:0016574),-1.228777503833261,0.6113619208335876,9
Cell Junction Disassembly (GO:0150146),-1.2292456608591085,0.5886600613594055,5
Glutamate Metabolic Process (GO:0006536),-1.2293925041714457,0.5983753800392151,20
Regulation Of mRNA 3'-End Processing (GO:0031440),-1.2294850052728015,0.5877484679222107,11
Positive Regulation Of Gliogenesis (GO:0014015),-1.2295438165559234,0.5886600613594055,6
Positive Regulation Of Endothelial Cell Chemotaxis (GO:2001028),-1.229548895098327,0.5983753800392151,14
Regulation Of Establishment Of Protein Localization To Mitochondrion (GO:1903747),-1.230568294012577,0.6056751608848572,7
Regulation Of Interleukin-10 Production (GO:0032653),-1.2305732247026704,0.5645747780799866,46
Positive Regulation Of Establishment Of Protein Localization To Telomere (GO:1904851),-1.2306164026070583,0.5847026705741882,9
Cellular Response To Nitrogen Levels (GO:0043562),-1.2306681471849361,0.6014252305030823,11
Cellular Response To Nitrogen Starvation (GO:0006995),-1.2306681471849361,0.6014252305030823,11
Regulation Of MDA-5 Signaling Pathway (GO:0039533),-1.2307609513366087,0.5847026705741882,6
Defense Response To Gram-positive Bacterium (GO:0050830),-1.2308169447555821,0.5270646810531616,85
Copper Ion Import (GO:0015677),-1.230971027680965,0.5821702480316162,6
Regulation Of Amyloid Precursor Protein Biosynthetic Process (GO:0042984),-1.2310067905321058,0.604421854019165,10
"Negative Regulation Of CD4-positive, Alpha-Beta T Cell Activation (GO:2000515)",-1.2311941156542185,0.5970244407653809,11
Positive Regulation Of T-helper 1 Type Immune Response (GO:0002827),-1.231297575150063,0.5982730984687805,12
"Nucleotide-Binding Domain, Leucine Rich Repeat Containing Receptor Signaling Pathway (GO:0035872)",-1.2313001031296242,0.5798766016960144,5
Endosome Organization (GO:0007032),-1.231405631749939,0.5607448816299438,53
Endosome Transport Via Multivesicular Body Sorting Pathway (GO:0032509),-1.2318022189466413,0.5877030491828918,24
Regulation Of Insulin Receptor Signaling Pathway (GO:0046626),-1.2318304103202233,0.5732253193855286,44
Positive Regulation Of Cellular Extravasation (GO:0002693),-1.2328628577790044,0.5886600613594055,12
Negative Regulation Of Erythrocyte Differentiation (GO:0045647),-1.2332313954870888,0.6014252305030823,5
Regulation Of NAD(P)H Oxidase Activity (GO:0033860),-1.2332699410817611,0.5861142873764038,6
Positive Regulation Of Cellular Response To Transforming Growth Factor Beta Stimulus (GO:1903846),-1.2334341926496997,0.5847026705741882,24
Positive Regulation Of Transforming Growth Factor Beta Receptor Signaling Pathway (GO:0030511),-1.2334341926496997,0.5847026705741882,24
Negative Regulation Of Protein Metabolic Process (GO:0051248),-1.2337830137620451,0.4357050061225891,147
Positive Regulation Of Intracellular Protein Transport (GO:0090316),-1.2340582612115536,0.461830735206604,126
Regulation Of Histone H3-K4 Methylation (GO:0051569),-1.234111371678839,0.5886600613594055,14
Regulation Of Neurogenesis (GO:0050767),-1.2343257178055684,0.5591772794723511,67
Dolichol Metabolic Process (GO:0019348),-1.2345786289193257,0.5886600613594055,14
Triglyceride-Rich Lipoprotein Particle Remodeling (GO:0034370),-1.2354789370649477,0.5886600613594055,8
Negative Regulation Of Leukocyte Migration (GO:0002686),-1.2355273433771221,0.5861142873764038,9
Elastic Fiber Assembly (GO:0048251),-1.2356134538556591,0.6014252305030823,6
Regulation Of Establishment Of T Cell Polarity (GO:1903903),-1.2356446281214528,0.5847026705741882,5
Retinoid Metabolic Process (GO:0001523),-1.2357765502575517,0.5517383813858032,40
Positive Regulation Of Mitochondrial Membrane Permeability Involved In Apoptotic Process (GO:1902110),-1.2358013688602443,0.5829179883003235,8
Aspartate Metabolic Process (GO:0006531),-1.2360435140084882,0.5645747780799866,5
Nitric Oxide Biosynthetic Process (GO:0006809),-1.2360803620425331,0.5845047235488892,15
Regulation Of Wnt Signaling Pathway (GO:0030111),-1.2361463360814402,0.4764668345451355,109
Regulation Of Myeloid Cell Differentiation (GO:0045637),-1.2363835598258386,0.5798766016960144,26
Positive Regulation Of Cholesterol Metabolic Process (GO:0090205),-1.2366317304405836,0.5877030491828918,10
Negative Regulation Of Cilium Assembly (GO:1902018),-1.2366414639550622,0.6198444962501526,14
Endoplasmic Reticulum To Cytosol Transport (GO:1903513),-1.2367494945072517,0.5986417531967163,15
Fatty Acid Metabolic Process (GO:0006631),-1.2369646707621411,0.46136224269866943,122
Negative Regulation Of Response To Wounding (GO:1903035),-1.2371922450812987,0.5847026705741882,25
Negative Regulation Of Type 2 Immune Response (GO:0002829),-1.2374232150420208,0.5798766016960144,6
Neuron Projection Arborization (GO:0140058),-1.237452419181104,0.5775642395019531,7
Positive Regulation Of Blood Pressure (GO:0045777),-1.2376662722811003,0.5867100954055786,8
T Cell Mediated Immunity (GO:0002456),-1.237692805721329,0.5798766016960144,20
Nitric Oxide Metabolic Process (GO:0046209),-1.237721675115462,0.580113410949707,16
Neuron Remodeling (GO:0016322),-1.2381355479484988,0.5822345614433289,9
Regulation Of Protein Modification By Small Protein Conjugation Or Removal (GO:1903320),-1.2381447561973344,0.5777965188026428,29
Negative Regulation Of Cell-Matrix Adhesion (GO:0001953),-1.2387541976576157,0.580113410949707,31
Protein Insertion Into Membrane (GO:0051205),-1.2391060350286738,0.5847026705741882,19
Regulation Of Microvillus Organization (GO:0032530),-1.2393179586935317,0.6014252305030823,7
Phosphatidic Acid Metabolic Process (GO:0046473),-1.2393764239069704,0.5781972408294678,33
Positive Regulation Of Protein Polyubiquitination (GO:1902916),-1.2397866153588042,0.5798766016960144,11
Antimicrobial Humoral Immune Response Mediated By Antimicrobial Peptide (GO:0061844),-1.2400587787883919,0.5257551670074463,65
Adenine Nucleotide Transport (GO:0051503),-1.2401423517484687,0.5847026705741882,20
Cellular Response To Oxygen-Containing Compound (GO:1901701),-1.2402829996767215,0.1456569880247116,406
Cellular Response To Oxidative Stress (GO:0034599),-1.2406230772865856,0.45842620730400085,117
Establishment Of Protein Localization To Extracellular Region (GO:0035592),-1.2406384593568534,0.5617344975471497,45
Negative Regulation Of Release Of Cytochrome C From Mitochondria (GO:0090201),-1.2406534981753796,0.5877030491828918,16
Positive Regulation Of Response To Biotic Stimulus (GO:0002833),-1.2408111271369175,0.5536980628967285,41
Positive Regulation Of Leukocyte Proliferation (GO:0070665),-1.2408669113065942,0.578101634979248,17
Diol Metabolic Process (GO:0034311),-1.2410043779025441,0.6087825298309326,10
Regulation Of Cysteine-Type Endopeptidase Activity Involved In Apoptotic Process (GO:0043281),-1.241031495223618,0.519485592842102,84
"Regulation Of Phagocytosis, Engulfment (GO:0060099)",-1.241131856877099,0.5917469263076782,10
Regulation Of Keratinocyte Proliferation (GO:0010837),-1.241263291565869,0.5752295255661011,25
Regulation Of Blood Vessel Remodeling (GO:0060312),-1.2414311786087722,0.5792979598045349,5
Response To Peptidoglycan (GO:0032494),-1.2415527671913709,0.5617344975471497,5
Regulation Of Carbohydrate Catabolic Process (GO:0043470),-1.2418467397849524,0.5886600613594055,14
Negative Regulation Of Double-Strand Break Repair Via Homologous Recombination (GO:2000042),-1.2424340286077393,0.5784835815429688,21
Positive Regulation Of Cysteine-Type Endopeptidase Activity Involved In Apoptotic Signaling Pathway (GO:2001269),-1.242517739089862,0.5957436561584473,6
"Positive Regulation Of Phagocytosis, Engulfment (GO:0060100)",-1.2427359600754333,0.6026353240013123,9
Regulation Of Protein Localization To Cell Periphery (GO:1904375),-1.2428229560798845,0.578101634979248,20
Regulation Of Stem Cell Population Maintenance (GO:2000036),-1.2430738451973222,0.5257551670074463,56
Positive Regulation Of Stem Cell Population Maintenance (GO:1902459),-1.243385464892127,0.5515953898429871,40
Protein Targeting To Vacuole Involved In Autophagy (GO:0071211),-1.2434070325932651,0.5645747780799866,5
Positive Regulation Of Necrotic Cell Death (GO:0010940),-1.2435101314156443,0.5798766016960144,6
Negative Regulation Of ERBB Signaling Pathway (GO:1901185),-1.243709116204232,0.6020587682723999,18
Dicarboxylic Acid Transport (GO:0006835),-1.2437578602206631,0.5886600613594055,24
Proton-Transporting ATP Synthase Complex Assembly (GO:0043461),-1.2441967059285794,0.5829252004623413,7
Mitochondrial Proton-Transporting ATP Synthase Complex Assembly (GO:0033615),-1.2441967059285794,0.5829252004623413,7
Negative Regulation Of Alcohol Biosynthetic Process (GO:1902931),-1.2444238587312635,0.5847026705741882,12
Regulation Of Fatty Acid Biosynthetic Process (GO:0042304),-1.2449587189477387,0.5617344975471497,26
Regulation Of Vascular Wound Healing (GO:0061043),-1.2449961792076514,0.5847026705741882,7
Phospholipid Biosynthetic Process (GO:0008654),-1.2453764784157302,0.5680620074272156,27
Regulation Of p38MAPK Cascade (GO:1900744),-1.245391678038098,0.5591772794723511,37
DNA-templated Transcription (GO:0006351),-1.2454444523949877,0.3643917441368103,199
Positive Regulation Of Metabolic Process (GO:0009893),-1.245449060715689,0.4482634961605072,108
Positive Regulation Of Myoblast Differentiation (GO:0045663),-1.2456331877287832,0.5563315153121948,38
Negative Regulation Of Epithelial Cell Proliferation (GO:0050680),-1.2457470703376285,0.5106205940246582,70
Regulation Of Potassium Ion Transport (GO:0043266),-1.2459307996026194,0.5798766016960144,30
Peptide Catabolic Process (GO:0043171),-1.2462038594196199,0.5617242455482483,21
Cytochrome Complex Assembly (GO:0017004),-1.246332628312557,0.5762798190116882,7
Regulation Of Metallopeptidase Activity (GO:1905048),-1.2464509740968952,0.5563315153121948,6
Protein Localization To Plasma Membrane (GO:0072659),-1.2466175421641517,0.4237746000289917,137
Proteolysis (GO:0006508),-1.246656684551128,0.22817571461200714,330
Regulation Of Alcohol Biosynthetic Process (GO:1902930),-1.247029243085394,0.5798766016960144,11
Mitochondrial Fission (GO:0000266),-1.2473260834234225,0.5784835815429688,13
Nuclear-Transcribed mRNA Catabolic Process (GO:0000956),-1.2473844379144112,0.4905821979045868,85
Positive Regulation Of Meiotic Nuclear Division (GO:0045836),-1.2474853831741823,0.5756654739379883,7
Skin Epidermis Development (GO:0098773),-1.2474989572685606,0.5821702480316162,21
Secondary Alcohol Metabolic Process (GO:1902652),-1.247831103085957,0.5354772210121155,47
Negative Regulation Of Cell Migration (GO:0030336),-1.2480595274139274,0.39999520778656006,163
Secretory Granule Organization (GO:0033363),-1.2481450807946144,0.5781972408294678,25
Positive Regulation Of Lamellipodium Assembly (GO:0010592),-1.2483770655957316,0.5792979598045349,23
Skeletal Muscle Fiber Development (GO:0048741),-1.248388563361311,0.5762798190116882,11
Interleukin-4-Mediated Signaling Pathway (GO:0035771),-1.2484886976259504,0.5667805075645447,5
"Complement Activation, Lectin Pathway (GO:0001867)",-1.2487434252155916,0.5847026705741882,8
Auditory Receptor Cell Morphogenesis (GO:0002093),-1.248787108740222,0.5853398442268372,6
Auditory Receptor Cell Stereocilium Organization (GO:0060088),-1.248787108740222,0.5853398442268372,6
Apical Junction Assembly (GO:0043297),-1.248909384347994,0.5257551670074463,54
Negative Regulation Of Cell-Substrate Adhesion (GO:0010812),-1.2492696420119405,0.5354772210121155,39
Regulation Of Basement Membrane Organization (GO:0110011),-1.2495271852304541,0.5798766016960144,5
Cellular Response To Chemokine (GO:1990869),-1.2496398714651986,0.5251374840736389,59
Steroid Biosynthetic Process (GO:0006694),-1.2497180188668782,0.5211459994316101,50
Positive Regulation Of Phospholipid Transport (GO:2001140),-1.2499561509998238,0.5645747780799866,10
Plasma Membrane Bounded Cell Projection Morphogenesis (GO:0120039),-1.2499689409044992,0.5195065140724182,50
Epithelial Cell Differentiation (GO:0030855),-1.2500998528920304,0.4436149597167969,132
Vascular Process In Circulatory System (GO:0003018),-1.2504773951145014,0.5983753800392151,12
Regulation Of Tube Diameter (GO:0035296),-1.2504773951145014,0.5983753800392151,12
Maintenance Of Blood-Brain Barrier (GO:0035633),-1.2505072729707125,0.5617242455482483,29
Nucleobase-Containing Small Molecule Interconversion (GO:0015949),-1.2505303641982317,0.5575690269470215,7
Gland Morphogenesis (GO:0022612),-1.2507922052125,0.5607448816299438,6
Medium-Chain fatty-acyl-CoA Metabolic Process (GO:0036112),-1.251111116301988,0.5507014989852905,5
Organic Hydroxy Compound Biosynthetic Process (GO:1901617),-1.251546645941608,0.5073090195655823,42
Protein Repair (GO:0030091),-1.2515696639360612,0.5833878517150879,5
Regulation Of Primary Metabolic Process (GO:0080090),-1.2516540118032657,0.5314310789108276,43
Cellular Response To Topologically Incorrect Protein (GO:0035967),-1.2516649466245917,0.5752295255661011,22
Epoxygenase P450 Pathway (GO:0019373),-1.2517081395462688,0.5628871321678162,17
Retrograde Axonal Transport (GO:0008090),-1.251983284651891,0.5718739628791809,15
Regulation Of Response To Biotic Stimulus (GO:0002831),-1.2523381324207545,0.5591772794723511,31
T Cell Homeostasis (GO:0043029),-1.2531495784097917,0.5563315153121948,15
Regulation Of Protein Polymerization (GO:0032271),-1.2532704987160928,0.5563315153121948,33
Hyaluronan Metabolic Process (GO:0030212),-1.253299856585084,0.580113410949707,14
Negative Regulation Of Macrophage Activation (GO:0043031),-1.2534337713370562,0.5659304261207581,15
Negative Regulation Of Amyloid Fibril Formation (GO:1905907),-1.2536858530997412,0.5829252004623413,11
rRNA 3'-End Processing (GO:0031125),-1.2537782194127207,0.5781972408294678,9
"Exonucleolytic Trimming To Generate Mature 3'-End Of 5.8S rRNA From Tricistronic rRNA Transcript (SSU-rRNA, 5.8S rRNA, LSU-rRNA) (GO:0000467)",-1.2537782194127207,0.5781972408294678,8
Exonucleolytic Trimming Involved In rRNA Processing (GO:0000459),-1.2537782194127207,0.5781972408294678,8
Ceramide Transport (GO:0035627),-1.2538797615282633,0.5688726902008057,14
Cellular Response To Increased Oxygen Levels (GO:0036295),-1.2542026283077934,0.5591772794723511,10
Response To Alcohol (GO:0097305),-1.2542278154899098,0.5607448816299438,29
Heme Catabolic Process (GO:0042167),-1.2542866601769522,0.5866777300834656,10
Sequestering Of Extracellular Ligand From Receptor (GO:0035581),-1.2543560378071827,0.5617242455482483,9
Dicarboxylic Acid Metabolic Process (GO:0043648),-1.25458853467638,0.5193325281143188,50
Regulation Of Epithelial Cell Apoptotic Process (GO:1904035),-1.254658325952303,0.5718739628791809,11
Positive Regulation Of Intracellular Signal Transduction (GO:1902533),-1.2548145978506613,0.1069599986076355,525
Regulation Of Supramolecular Fiber Organization (GO:1902903),-1.2550996079906496,0.5534864664077759,24
Regulation Of Bone Resorption (GO:0045124),-1.2552020648810642,0.5481461882591248,28
Negative Regulation Of Lipid Kinase Activity (GO:0090219),-1.2555745325214254,0.5580992698669434,7
Nuclear Membrane Organization (GO:0071763),-1.2556237836423179,0.578101634979248,26
Positive Regulation Of Supramolecular Fiber Organization (GO:1902905),-1.2556773250768665,0.461830735206604,96
Positive Regulation Of Epidermal Cell Differentiation (GO:0045606),-1.2559836828512705,0.5645557045936584,18
Fatty Acid Oxidation (GO:0019395),-1.2561243307112273,0.4993635416030884,52
7-Methylguanosine Cap Hypermethylation (GO:0036261),-1.2562141701000524,0.5798766016960144,7
RNA Capping (GO:0036260),-1.2562141701000524,0.5798766016960144,7
Response To Metal Ion (GO:0010038),-1.2563596834794688,0.4990612268447876,64
Regulation Of Fatty Acid Metabolic Process (GO:0019217),-1.2565392466787488,0.5798766016960144,11
Regulation Of Viral Genome Replication (GO:0045069),-1.2566480615131832,0.482477068901062,67
Import Into Cell (GO:0098657),-1.2566874951487674,0.5310249924659729,38
Negative Regulation Of Viral Genome Replication (GO:0045071),-1.256691813144494,0.5151180028915405,53
Response To Endoplasmic Reticulum Stress (GO:0034976),-1.2568121583973622,0.4482634961605072,114
3'-UTR-mediated mRNA Stabilization (GO:0070935),-1.2570079420767684,0.5829252004623413,18
Positive Regulation Of Production Of Molecular Mediator Of Immune Response (GO:0002702),-1.2570398865338843,0.5489355325698853,38
Cellular Response To Hormone Stimulus (GO:0032870),-1.2571859369418674,0.46266311407089233,94
Negative Regulation Of Signaling (GO:0023057),-1.2573327970504389,0.5500127673149109,28
tRNA Transcription By RNA Polymerase III (GO:0042797),-1.2573998461483866,0.5617242455482483,7
[2Fe-2S] Cluster Assembly (GO:0044571),-1.2575375400225264,0.5798766016960144,9
Foam Cell Differentiation (GO:0090077),-1.2580883164286807,0.5607448816299438,7
Regulation Of Biosynthetic Process (GO:0009889),-1.2583614770048592,0.5798766016960144,10
Substantia Nigra Development (GO:0021762),-1.2584147251832134,0.5538640022277832,42
Aromatic Compound Biosynthetic Process (GO:0019438),-1.2584720511539398,0.5617344975471497,5
Phosphatidylinositol 3-Kinase Signaling (GO:0014065),-1.2588677854062962,0.5591772794723511,32
Positive Regulation Of Catabolic Process (GO:0009896),-1.2592992755083687,0.47163429856300354,79
Protein Localization To Vacuole (GO:0072665),-1.2595403549294706,0.569547176361084,14
Positive Regulation Of Adaptive Immune Response (GO:0002821),-1.2595965128353697,0.5481461882591248,8
Regulation Of Chondrocyte Differentiation (GO:0032330),-1.259820369821053,0.5515953898429871,25
Positive Regulation Of Transcription From RNA Polymerase II Promoter In Response To Endoplasmic Reticulum Stress (GO:1990440),-1.259936467532514,0.5635405778884888,10
Phosphatidic Acid Biosynthetic Process (GO:0006654),-1.2601577677219458,0.5563315153121948,29
Carboxylic Acid Transmembrane Transport (GO:1905039),-1.2602333282371465,0.5162162184715271,39
Multivesicular Body Sorting Pathway (GO:0071985),-1.2602436894935731,0.5481461882591248,24
Aldehyde Catabolic Process (GO:0046185),-1.2604921721822342,0.5718739628791809,7
Regulation Of Keratinocyte Apoptotic Process (GO:1902172),-1.2606370114995131,0.5634856224060059,5
Cytosolic Pattern Recognition Receptor Signaling Pathway (GO:0002753),-1.2609440923964383,0.5718739628791809,23
Regulation Of RNA Biosynthetic Process (GO:2001141),-1.2611737266519076,0.5563315153121948,8
Regulation Of Epithelial To Mesenchymal Transition Involved In Endocardial Cushion Formation (GO:1905005),-1.2612127530672654,0.5752295255661011,7
Removal Of Superoxide Radicals (GO:0019430),-1.261461693119462,0.5575690269470215,10
Signal Transduction By P53 Class Mediator (GO:0072331),-1.2616620717123004,0.4942812919616699,33
Regulation Of DNA Methylation (GO:0044030),-1.261845295410889,0.5798766016960144,8
Protein Maturation (GO:0051604),-1.2618529699418708,0.4482634961605072,117
"Retrograde Protein Transport, ER To Cytosol (GO:0030970)",-1.261993912172824,0.547258198261261,17
Negative Regulation Of Epithelial Cell Apoptotic Process (GO:1904036),-1.2620169155805434,0.5266847610473633,38
Sphingolipid Biosynthetic Process (GO:0030148),-1.262137734274247,0.46331900358200073,77
Negative Regulation Of Catalytic Activity (GO:0043086),-1.262587502983432,0.5574808120727539,26
"Fatty Acid Elongation, Polyunsaturated Fatty Acid (GO:0034626)",-1.2627151924107127,0.5591772794723511,6
"Fatty Acid Elongation, Saturated Fatty Acid (GO:0019367)",-1.2627151924107127,0.5591772794723511,6
"Fatty Acid Elongation, Monounsaturated Fatty Acid (GO:0034625)",-1.2627151924107127,0.5591772794723511,6
"Fatty Acid Elongation, Unsaturated Fatty Acid (GO:0019368)",-1.2627151924107127,0.5591772794723511,6
Nucleotide-Binding Oligomerization Domain Containing 2 Signaling Pathway (GO:0070431),-1.2628920768324143,0.5775642395019531,6
Immune Response-Activating Cell Surface Receptor Signaling Pathway (GO:0002429),-1.2630934074738176,0.5507014989852905,23
Negative Regulation Of Protein Polyubiquitination (GO:1902915),-1.2632229799800825,0.547258198261261,5
Cytoplasmic Sequestering Of Protein (GO:0051220),-1.2632444574219326,0.5591772794723511,13
HALLMARK_TNFA_SIGNALING_VIA_NFKB,-1.2632918397078488,0.3643917441368103,200
Positive Regulation Of Protein Modification By Small Protein Conjugation Or Removal (GO:1903322),-1.2636172120621252,0.4762577414512634,79
Inflammatory Response To Wounding (GO:0090594),-1.2636500266658466,0.5257551670074463,5
"Nuclear-Transcribed mRNA Catabolic Process, Deadenylation-Independent Decay (GO:0031086)",-1.2637836062400793,0.5591772794723511,6
Positive Regulation Of Ryanodine-Sensitive Calcium-Release Channel Activity (GO:0060316),-1.2638231286994461,0.534746527671814,7
Regulation Of Cholesterol Biosynthetic Process (GO:0045540),-1.2639051201783558,0.5660525560379028,15
Protein Monoubiquitination (GO:0006513),-1.2639349228353758,0.5156930685043335,47
Regulation Of Blood Vessel Endothelial Cell Proliferation Involved In Sprouting Angiogenesis (GO:1903587),-1.2641735739118432,0.5727642774581909,16
Organic Cyclic Compound Biosynthetic Process (GO:1901362),-1.264184853217277,0.5507985949516296,29
Regulation Of T Cell Receptor Signaling Pathway (GO:0050856),-1.2642869744032148,0.5591772794723511,34
Positive Regulation Of Stress Fiber Assembly (GO:0051496),-1.264427250672183,0.5332953333854675,43
Notch Receptor Processing (GO:0007220),-1.264526960063834,0.5563315153121948,7
DNA-templated Transcription Elongation (GO:0006354),-1.2648413652735175,0.5371081233024597,26
Positive Regulation Of Collagen Metabolic Process (GO:0010714),-1.26504879979035,0.5591772794723511,16
Regulation Of Nitric Oxide Metabolic Process (GO:0080164),-1.2651757489011006,0.5495843887329102,7
Regulation Of Endosome Size (GO:0051036),-1.2652982027725577,0.5829252004623413,11
Golgi To Vacuole Transport (GO:0006896),-1.2654398755926919,0.5660525560379028,17
Regulation Of Respiratory Burst (GO:0060263),-1.265497900644979,0.5354772210121155,10
Amyloid Precursor Protein Catabolic Process (GO:0042987),-1.2656131262002253,0.5718739628791809,13
Erythrocyte Development (GO:0048821),-1.2657615942952565,0.5563315153121948,11
Cellular Response To Amino Acid Stimulus (GO:0071230),-1.266435331122372,0.5563315153121948,35
Cellular Response To Interferon-Alpha (GO:0035457),-1.2665486603008798,0.5798766016960144,7
rRNA Pseudouridine Synthesis (GO:0031118),-1.2669857547704257,0.5563315153121948,7
Response To Angiotensin (GO:1990776),-1.2672670711287517,0.5718739628791809,5
COPII-coated Vesicle Budding (GO:0090114),-1.267350329576492,0.4905821979045868,36
Synaptic Vesicle Fusion To Presynaptic Active Zone Membrane (GO:0031629),-1.2678275123372635,0.547258198261261,9
"Negative Regulation Of Retrograde Protein Transport, ER To Cytosol (GO:1904153)",-1.2679417946954614,0.5495304465293884,8
Regulation Of Leukocyte Migration (GO:0002685),-1.2685502864309446,0.569547176361084,13
Establishment Of Protein Localization To Peroxisome (GO:0072663),-1.2686631410425702,0.5517383813858032,7
Negative Regulation Of Interleukin-17 Production (GO:0032700),-1.268792167155695,0.5591772794723511,10
Regulation Of Blood Vessel Endothelial Cell Migration (GO:0043535),-1.2688315594957897,0.5083181262016296,54
Regulation Of Cell Death (GO:0010941),-1.2688643352893838,0.47620445489883423,59
Negative Regulation Of Signal Transduction By P53 Class Mediator (GO:1901797),-1.2690088281029812,0.5368656516075134,18
Vitamin K Metabolic Process (GO:0042373),-1.2690309394541617,0.5391645431518555,8
Monocarboxylic Acid Transport (GO:0015718),-1.2691708967091222,0.4688079357147217,73
Sister Chromatid Segregation (GO:0000819),-1.269175223214588,0.5314310789108276,34
Protein Sumoylation (GO:0016925),-1.2692269350268477,0.519485592842102,46
Positive Regulation Of Protein Dephosphorylation (GO:0035307),-1.2693335023736003,0.5151180028915405,33
Multi-Pass Transmembrane Protein Insertion Into ER Membrane (GO:0160063),-1.269580705409219,0.5617344975471497,8
Cellular Response To Epidermal Growth Factor Stimulus (GO:0071364),-1.2696832045956297,0.5238794684410095,27
Calcium-Mediated Signaling Using Intracellular Calcium Source (GO:0035584),-1.269761824078433,0.5617344975471497,20
Negative Regulation Of Dendritic Cell Apoptotic Process (GO:2000669),-1.2701533739851516,0.5481461882591248,6
Regulation Of Insulin Secretion (GO:0050796),-1.270487320394458,0.4608517289161682,87
Dendritic Cell Chemotaxis (GO:0002407),-1.2705902026371523,0.5257551670074463,15
Regulation Of Transcription Initiation By RNA Polymerase II (GO:0060260),-1.2709933551308827,0.476031094789505,57
Regulation Of Establishment Of Protein Localization To Telomere (GO:0070203),-1.2717773281092184,0.534746527671814,10
Desmosome Organization (GO:0002934),-1.2719087985779023,0.5563315153121948,6
Ceramide Biosynthetic Process (GO:0046513),-1.2719673116595822,0.49924856424331665,42
Megakaryocyte Differentiation (GO:0030219),-1.2720487765979736,0.5563315153121948,17
Negative Regulation Of DNA-binding Transcription Factor Activity (GO:0043433),-1.2723986343511908,0.3540650010108948,149
Cellular Response To Exogenous dsRNA (GO:0071360),-1.2724612998685114,0.5370999574661255,14
Regulation Of Inflammatory Response To Wounding (GO:0106014),-1.2725145140649006,0.547258198261261,9
TRAIL-activated Apoptotic Signaling Pathway (GO:0036462),-1.2725746780035607,0.5563315153121948,6
Regulation Of Extracellular Exosome Assembly (GO:1903551),-1.273152901091384,0.5385265946388245,5
Negative Regulation Of Inflammatory Response (GO:0050728),-1.2733918385811087,0.4161219894886017,111
Negative Regulation Of Transcription From RNA Polymerase II Promoter In Response To Stress (GO:0097201),-1.2735412043139753,0.5123857259750366,5
Regulation Of Extrinsic Apoptotic Signaling Pathway (GO:2001236),-1.2743863783787799,0.4702087640762329,60
Multicellular Organismal-Level Iron Ion Homeostasis (GO:0060586),-1.2744394831372574,0.5242754220962524,12
Regulation Of Response To External Stimulus (GO:0032101),-1.2745256823169668,0.3737137019634247,127
Positive Regulation Of Monoatomic Ion Transport (GO:0043270),-1.2754524271164773,0.5156930685043335,40
Skin Development (GO:0043588),-1.27576943372268,0.4869820773601532,68
Regulation Of Nucleotide-Binding Oligomerization Domain Containing 2 Signaling Pathway (GO:0070432),-1.2757872036617812,0.5481461882591248,6
Positive Regulation Of Neutrophil Chemotaxis (GO:0090023),-1.2760681727442542,0.5518270134925842,18
intra-Golgi Vesicle-Mediated Transport (GO:0006891),-1.276294283329425,0.5211459994316101,33
Regulation Of Bone Remodeling (GO:0046850),-1.2763819540059396,0.5518270134925842,14
Zinc Ion Import Into Organelle (GO:0062111),-1.2766855784129096,0.5156614780426025,6
Positive Regulation Of Leukocyte Cell-Cell Adhesion (GO:1903039),-1.276753823733365,0.5195065140724182,44
Regulation Of Mitotic Spindle Assembly (GO:1901673),-1.2768956913163831,0.5481461882591248,20
Antigen Processing And Presentation Of Exogenous Peptide Antigen Via MHC Class II (GO:0019886),-1.2771487408546085,0.5499095320701599,26
Antigen Processing And Presentation Of Peptide Antigen Via MHC Class II (GO:0002495),-1.2771487408546085,0.5499095320701599,28
Contact Inhibition (GO:0060242),-1.277229110054504,0.547258198261261,5
Positive Regulation Of Establishment Of Protein Localization To Mitochondrion (GO:1903749),-1.2773952999159583,0.5156614780426025,33
Positive Regulation Of Histone Methylation (GO:0031062),-1.2778603010276395,0.5354772210121155,19
Positive Regulation Of Interferon-Beta Production (GO:0032728),-1.2780514003816827,0.5156930685043335,36
Positive Regulation Of Immune Response (GO:0050778),-1.2781808835635304,0.44757819175720215,80
Regulation Of T-helper 2 Cell Cytokine Production (GO:2000551),-1.2784898132591165,0.5781972408294678,10
Regulation Of Toll-Like Receptor Signaling Pathway (GO:0034121),-1.2785264814666282,0.532840371131897,20
SREBP Signaling Pathway (GO:0032933),-1.2785381289538336,0.5354772210121155,7
Positive Regulation Of Cellular Response To Insulin Stimulus (GO:1900078),-1.2786326295302892,0.5563315153121948,13
T Cell Proliferation (GO:0042098),-1.2786487066718148,0.578101634979248,14
Organonitrogen Compound Biosynthetic Process (GO:1901566),-1.278719819267379,0.3832775950431824,123
"Negative Regulation Of CD8-positive, Alpha-Beta T Cell Activation (GO:2001186)",-1.2792941607067472,0.49529117345809937,7
Insulin Processing (GO:0030070),-1.2793545241524995,0.5271795392036438,5
Regulation Of Defense Response (GO:0031347),-1.2801822218389167,0.43363675475120544,97
Regulation Of Sprouting Angiogenesis (GO:1903670),-1.2802488519997608,0.4922979176044464,33
Regulation Of Digestive System Process (GO:0044058),-1.2803083305026646,0.534127950668335,6
Regulation Of Mitochondrial Depolarization (GO:0051900),-1.2804012193411216,0.5118089318275452,10
"Regulation Of CD8-positive, Alpha-Beta T Cell Differentiation (GO:0043376)",-1.2806312608095847,0.5371081233024597,7
Response To Peptide Hormone (GO:0043434),-1.2810518628522678,0.4702087640762329,55
Positive Regulation Of Protein Localization To Cell Surface (GO:2000010),-1.2811469177522183,0.5481461882591248,12
SRP-dependent Cotranslational Protein Targeting To Membrane (GO:0006614),-1.2812517163860562,0.5617344975471497,10
Negative Regulation Of Nitric Oxide Metabolic Process (GO:1904406),-1.2813931036486739,0.5371081233024597,7
Negative Regulation Of Nitric Oxide Biosynthetic Process (GO:0045019),-1.2813931036486739,0.5371081233024597,7
Regulation Of Activation Of Janus Kinase Activity (GO:0010533),-1.2815618362380259,0.519485592842102,7
Regulation Of Endoplasmic Reticulum Tubular Network Organization (GO:1903371),-1.281563799391287,0.5211459994316101,5
Response To Increased Oxygen Levels (GO:0036296),-1.2817673484411978,0.527000367641449,6
CRD-mediated mRNA Stabilization (GO:0070934),-1.2819667989453012,0.5251374840736389,10
Receptor Signaling Pathway Via JAK-STAT (GO:0007259),-1.2821683900379235,0.49511420726776123,36
Response To Calcium Ion (GO:0051592),-1.2825413272229833,0.42120441794395447,106
Regulation Of Systemic Arterial Blood Pressure By Hormone (GO:0001990),-1.2825794852148529,0.5481461882591248,15
Phospholipid Homeostasis (GO:0055091),-1.2828105936136358,0.5518270134925842,12
Positive Regulation Of Peptidase Activity (GO:0010952),-1.282950216451743,0.527000367641449,25
Negative Regulation Of Calcium Ion Transmembrane Transport (GO:1903170),-1.2832708993871111,0.5469740629196167,19
Negative Regulation Of MAPK Cascade (GO:0043409),-1.28385460397677,0.4161219894886017,105
Organelle Fission (GO:0048285),-1.2839198616373393,0.5156930685043335,22
HALLMARK_APICAL_SURFACE,-1.2840567272182384,0.4942812919616699,44
Peptide Biosynthetic Process (GO:0043043),-1.2841438133973884,0.5121155381202698,158
Activation Of Cysteine-Type Endopeptidase Activity (GO:0097202),-1.2846030003747553,0.5518270134925842,16
Protein Targeting To Peroxisome (GO:0006625),-1.284936780405111,0.527000367641449,16
"Negative Regulation Of DNA Damage Response, Signal Transduction By P53 Class Mediator (GO:0043518)",-1.2849637305479007,0.5481461882591248,13
HALLMARK_HYPOXIA,-1.2853724670559186,0.2799047529697418,200
Rac Protein Signal Transduction (GO:0016601),-1.2853806957648688,0.5251374840736389,17
Transcription By RNA Polymerase II (GO:0006366),-1.2859330602659702,0.29794663190841675,192
Regulation Of Golgi Organization (GO:1903358),-1.2860772361159178,0.5617344975471497,16
Negative Regulation Of T-helper Cell Differentiation (GO:0045623),-1.2860886213738059,0.5251374840736389,10
Positive Regulation Of Mast Cell Degranulation (GO:0043306),-1.2862151341853936,0.5083181262016296,8
Cellular Response To Superoxide (GO:0071451),-1.2862198826725997,0.5162162184715271,11
Regulation Of Transcription By RNA Polymerase I (GO:0006356),-1.2865989069556507,0.5251374840736389,32
Response To Organophosphorus (GO:0046683),-1.286677795692434,0.5591772794723511,18
Neurotrophin Signaling Pathway (GO:0038179),-1.2866858826981238,0.5310249924659729,15
Negative Regulation Of Leukocyte Chemotaxis (GO:0002689),-1.2867683547620512,0.5338185429573059,11
Epidermal Cell Differentiation (GO:0009913),-1.2868972255460793,0.47893431782722473,54
Regulation Of Actin Polymerization Or Depolymerization (GO:0008064),-1.2872246675449628,0.527000367641449,27
Myeloid Cell Development (GO:0061515),-1.2873337280312587,0.4931194484233856,27
Protein Lipidation (GO:0006497),-1.2877952347490602,0.44757819175720215,62
Negative Regulation Of Endothelial Cell Apoptotic Process (GO:2000352),-1.2879184446564769,0.519485592842102,26
Response To Epidermal Growth Factor (GO:0070849),-1.2884016114938137,0.5048663020133972,30
Regulation Of Systemic Arterial Blood Pressure (GO:0003073),-1.2885414065669993,0.5591772794723511,15
Regulation Of Cellular Metabolic Process (GO:0031323),-1.2885629506318368,0.4730503559112549,45
Suppression Of Viral Release By Host (GO:0044790),-1.288842389202596,0.5495304465293884,13
Stress Fiber Assembly (GO:0043149),-1.2889407427267305,0.5354772210121155,14
Contractile Actin Filament Bundle Assembly (GO:0030038),-1.2889407427267305,0.5354772210121155,14
Dendritic Cell Migration (GO:0036336),-1.289095087735405,0.5144139528274536,18
HALLMARK_HEME_METABOLISM,-1.2892770433877665,0.2823057472705841,199
Regulation Of Amyloid Fibril Formation (GO:1905906),-1.2894600897793063,0.5333067178726196,15
Positive Regulation Of Macromolecule Metabolic Process (GO:0010604),-1.2895605607648637,0.1456569880247116,364
Positive Regulation Of Endocytic Recycling (GO:2001137),-1.2896347579809972,0.5211459994316101,7
"Establishment Of Mitochondrion Localization, Microtubule-Mediated (GO:0034643)",-1.290090138245286,0.5012678503990173,5
Nucleic Acid Phosphodiester Bond Hydrolysis (GO:0090305),-1.290284286338515,0.4922979176044464,26
Positive Regulation Of ATP Biosynthetic Process (GO:2001171),-1.2904742982544077,0.5211459994316101,8
Telomere Maintenance Via Telomerase (GO:0007004),-1.2906169486581818,0.4942812919616699,19
RNA-templated DNA Biosynthetic Process (GO:0006278),-1.2906169486581818,0.4942812919616699,19
Negative Regulation Of Cytokine Production Involved In Immune Response (GO:0002719),-1.2907445671551412,0.5411140322685242,16
Myeloid Leukocyte Differentiation (GO:0002573),-1.2908015444353482,0.44280916452407837,71
Negative Regulation Of Tumor Necrosis Factor Superfamily Cytokine Production (GO:1903556),-1.2913353260987563,0.47820159792900085,49
Negative Regulation Of Cellular Response To Hypoxia (GO:1900038),-1.2916047778937045,0.5137175917625427,5
Positive Regulation Of Programmed Cell Death (GO:0043068),-1.2916144626989363,0.17381049692630768,245
Platelet Aggregation (GO:0070527),-1.2916951279573812,0.49404674768447876,35
Positive Regulation Of Leukocyte Mediated Cytotoxicity (GO:0001912),-1.292070880030596,0.4922979176044464,51
Cellular Response To Metal Ion (GO:0071248),-1.2921151511518871,0.341816246509552,135
Negative Regulation Of Low-Density Lipoprotein Receptor Activity (GO:1905598),-1.292129262796659,0.534127950668335,6
Positive Regulation Of Granulocyte Differentiation (GO:0030854),-1.2921523314572385,0.47820159792900085,5
Epithelial Cell Apoptotic Process (GO:1904019),-1.2922184234353706,0.5332865118980408,10
Regulation Of Chromosome Organization (GO:0033044),-1.2928302028283745,0.4436149597167969,43
Norepinephrine Metabolic Process (GO:0042415),-1.2928552151467991,0.5121155381202698,7
Positive Regulation Of Kidney Development (GO:0090184),-1.2930334391198366,0.5123218894004822,6
Monocyte Chemotaxis (GO:0002548),-1.2930423135927316,0.47820159792900085,42
Sphingolipid Metabolic Process (GO:0006665),-1.2931414755690667,0.39223340153694153,94
Hyaluronan Catabolic Process (GO:0030214),-1.2933847920908919,0.5064713954925537,8
rRNA Transcription (GO:0009303),-1.2934785125704664,0.5208489894866943,17
Actin Filament Polymerization (GO:0030041),-1.2935034963796297,0.4995364248752594,31
Telencephalon Cell Migration (GO:0022029),-1.293553015267143,0.5156614780426025,5
Negative Regulation Of Cellular Extravasation (GO:0002692),-1.2935913639950898,0.4942812919616699,5
Mitotic Metaphase Plate Congression (GO:0007080),-1.2938063758838985,0.4482634961605072,50
Phosphatidylcholine Metabolic Process (GO:0046470),-1.2940747508678958,0.42120441794395447,55
ATP Metabolic Process (GO:0046034),-1.2942635222597347,0.519485592842102,34
Regulation Of Intrinsic Apoptotic Signaling Pathway By P53 Class Mediator (GO:1902253),-1.294425918760355,0.5144139528274536,8
Central Nervous System Neuron Development (GO:0021954),-1.2944530528312461,0.5246255397796631,17
DNA Methylation-Dependent Heterochromatin Formation (GO:0006346),-1.2946211497523696,0.5156614780426025,11
Positive Regulation Of Release Of Cytochrome C From Mitochondria (GO:0090200),-1.294804756339098,0.5211459994316101,25
Aminoglycan Catabolic Process (GO:0006026),-1.2949738775532194,0.5242754220962524,14
Glycerol Transmembrane Transport (GO:0015793),-1.2953197426818783,0.49499940872192383,8
HALLMARK_ESTROGEN_RESPONSE_LATE,-1.2955189430413605,0.2679375410079956,200
Retina Homeostasis (GO:0001895),-1.2957998195636804,0.4636865556240082,39
Negative Regulation Of Protein-Containing Complex Disassembly (GO:0043242),-1.2960353392144492,0.5156614780426025,8
Intracellular Cholesterol Transport (GO:0032367),-1.2960577697776476,0.5156614780426025,16
Protein Import Into Peroxisome Matrix (GO:0016558),-1.2961592044456394,0.5266847610473633,13
Regulation Of Inclusion Body Assembly (GO:0090083),-1.2962952455565975,0.5211459994316101,10
Surfactant Homeostasis (GO:0043129),-1.2964135969556914,0.5469740629196167,10
Protein Insertion Into Mitochondrial Inner Membrane (GO:0045039),-1.2964333469428173,0.49924856424331665,12
Peptidyl-Cysteine Modification (GO:0018198),-1.296816011404692,0.5346804261207581,9
Positive Regulation Of Cysteine-Type Endopeptidase Activity Involved In Apoptotic Process (GO:0043280),-1.2968362286917188,0.37691500782966614,109
COPII Vesicle Coating (GO:0048208),-1.2969233488278926,0.5152516961097717,19
"Vesicle Targeting, Rough ER To cis-Golgi (GO:0048207)",-1.2969233488278926,0.5152516961097717,19
Positive Regulation Of Multicellular Organismal Process (GO:0051240),-1.297149997218343,0.053749825805425644,387
Positive Regulation Of Cellular Senescence (GO:2000774),-1.297477467972981,0.5270646810531616,10
Positive Regulation Of Steroid Biosynthetic Process (GO:0010893),-1.2980761799332738,0.5123857259750366,7
Cellular Response To Organic Cyclic Compound (GO:0071407),-1.2983629763172144,0.32733315229415894,152
I-kappaB Phosphorylation (GO:0007252),-1.2985530387109037,0.519485592842102,9
Negative Regulation Of Systemic Arterial Blood Pressure (GO:0003085),-1.2986406991371713,0.5211459994316101,8
Vacuolar Acidification (GO:0007035),-1.2986954776420758,0.47779861092567444,29
Astrocyte Activation (GO:0048143),-1.2988225904900252,0.519485592842102,12
Myeloid Dendritic Cell Activation (GO:0001773),-1.29894067959546,0.4995364248752594,13
Cellular Response To Peptide (GO:1901653),-1.299147649700224,0.4482634961605072,56
Myeloid Cell Activation Involved In Immune Response (GO:0002275),-1.2994007051884866,0.5156614780426025,17
Positive Regulation Of Cation Transmembrane Transport (GO:1904064),-1.2997960129917199,0.5211459994316101,18
T Cell Migration (GO:0072678),-1.2998074256255692,0.5156614780426025,17
Negative Regulation Of Peptidyl-Tyrosine Phosphorylation (GO:0050732),-1.3000509843263706,0.48832768201828003,30
Natural Killer Cell Mediated Immunity (GO:0002228),-1.3001624014760869,0.5156614780426025,22
Superoxide Metabolic Process (GO:0006801),-1.300523556841942,0.4775916337966919,34
Regulation Of DNA Binding (GO:0051101),-1.3006056336317884,0.47779861092567444,48
Cellular Defense Response (GO:0006968),-1.3007796103359792,0.4589185118675232,48
Inflammatory Response (GO:0006954),-1.300877894511593,0.22222529351711273,236
Synaptic Vesicle Membrane Organization (GO:0048499),-1.300957581176503,0.527000367641449,14
Peptide Antigen Assembly With MHC Protein Complex (GO:0002501),-1.3011805902387374,0.5211459994316101,18
Glucose Import (GO:0046323),-1.301299615328121,0.5237305164337158,12
Positive Regulation Of Extracellular Matrix Organization (GO:1903055),-1.3014120880645381,0.519485592842102,18
Negative Regulation Of Extrinsic Apoptotic Signaling Pathway (GO:2001237),-1.3015636779538655,0.4589185118675232,70
Modification-Dependent Macromolecule Catabolic Process (GO:0043632),-1.3016341210016373,0.5481461882591248,8
Endodermal Cell Differentiation (GO:0035987),-1.30214774960095,0.476031094789505,31
Negative Regulation Of Macrophage Migration (GO:1905522),-1.302245051257949,0.48587387800216675,7
Negative Regulation Of Proteolysis Involved In Protein Catabolic Process (GO:1903051),-1.3023831645166712,0.5121155381202698,25
Anterograde Dendritic Transport (GO:0098937),-1.3024746131458271,0.4837667644023895,6
Negative Regulation Of Intrinsic Apoptotic Signaling Pathway By P53 Class Mediator (GO:1902254),-1.3026498720909236,0.5211459994316101,16
Regulation Of Apoptotic Process (GO:0042981),-1.3028534325724146,0.0,705
Collagen Fibril Organization (GO:0030199),-1.3029306861828962,0.47893431782722473,42
Cellular Response To Calcium Ion (GO:0071277),-1.3039520006638585,0.42709723114967346,69
Regulation Of Autophagy (GO:0010506),-1.304029717954271,0.22218529880046844,241
Homotypic Cell-Cell Adhesion (GO:0034109),-1.3043583835632546,0.4608517289161682,46
Negative Regulation Of Defense Response To Virus (GO:0050687),-1.3044206062066634,0.527000367641449,14
Lipid Transport (GO:0006869),-1.3050354724586264,0.35267174243927,108
One-Carbon Compound Transport (GO:0019755),-1.305045265437897,0.47893431782722473,35
"DNA Damage Response, Signal Transduction By P53 Class Mediator Resulting In Transcription Of P21 Class Mediator (GO:0006978)",-1.305067677688153,0.5048110485076904,8
Regulation Of miRNA Metabolic Process (GO:2000628),-1.3053020887910132,0.4589185118675232,8
Regulation Of Programmed Cell Death (GO:0043067),-1.3054021516185208,0.26245033740997314,195
Porphyrin-Containing Compound Biosynthetic Process (GO:0006779),-1.305454986668096,0.4942812919616699,21
Regulation Of Cellular Biosynthetic Process (GO:0031326),-1.305660074711103,0.4436149597167969,70
Glycoside Catabolic Process (GO:0016139),-1.3057497420347128,0.5022812485694885,7
Nucleoside Triphosphate Metabolic Process (GO:0009141),-1.3058848593085777,0.5068974494934082,10
Transcription Initiation At RNA Polymerase II Promoter (GO:0006367),-1.305959246024644,0.4296381175518036,76
Sphingolipid Catabolic Process (GO:0030149),-1.3060949771955057,0.5156614780426025,15
Negative Regulation Of Protein Exit From Endoplasmic Reticulum (GO:0070862),-1.3064455992610502,0.4942812919616699,9
Positive Regulation Of Gastrulation (GO:2000543),-1.306642612297027,0.47890403866767883,6
Lipid Modification (GO:0030258),-1.3068636612884783,0.4668579697608948,42
Negative Regulation Of Protein Binding (GO:0032091),-1.307050807707072,0.42120441794395447,71
Regulation Of Response To Stress (GO:0080134),-1.3071397640166662,0.5118089318275452,13
Energy Derivation By Oxidation Of Organic Compounds (GO:0015980),-1.3075748402706462,0.47163429856300354,43
Positive Regulation Of Macrophage Activation (GO:0043032),-1.3075770711981591,0.4942812919616699,17
"Fructose 1,6-Bisphosphate Metabolic Process (GO:0030388)",-1.3080975097642442,0.4942812919616699,8
Regulation Of Protein Metabolic Process (GO:0051246),-1.3082684781639053,0.35755035281181335,96
HALLMARK_P53_PATHWAY,-1.3083348197549758,0.22222529351711273,199
Hematopoietic Stem Cell Proliferation (GO:0071425),-1.308441860766583,0.5091122984886169,10
Regulation Of Epidermal Cell Differentiation (GO:0045604),-1.308532924194365,0.4905821979045868,18
Glutamine Metabolic Process (GO:0006541),-1.3089379032250228,0.4905821979045868,13
Cellular Response To Sterol Depletion (GO:0071501),-1.3093800919363743,0.5144139528274536,8
Multicellular Organismal-Level Water Homeostasis (GO:0050891),-1.30956463839152,0.4942812919616699,19
Positive Regulation Of Protein Targeting To Mitochondrion (GO:1903955),-1.3095860454427348,0.4942812919616699,30
Positive Regulation Of Leukocyte Differentiation (GO:1902107),-1.3101767959145172,0.4826458692550659,7
Regulation Of Neutrophil Chemotaxis (GO:0090022),-1.3103550623078657,0.47985321283340454,25
Cardiac Muscle Cell Action Potential Involved In Contraction (GO:0086002),-1.3105756267789475,0.482477068901062,30
Malate Metabolic Process (GO:0006108),-1.3105811088336743,0.5156930685043335,7
Mitochondrial Outer Membrane Permeabilization (GO:0097345),-1.3113562944265567,0.4877642095088959,7
Positive Regulation Of Chemotaxis (GO:0050921),-1.3115900765129702,0.45458850264549255,44
Protein Localization To Lysosome (GO:0061462),-1.3116543219901353,0.45425623655319214,41
Neutral Amino Acid Transport (GO:0015804),-1.3124559789074346,0.4589185118675232,35
Positive Regulation Of B Cell Differentiation (GO:0045579),-1.3125611189967386,0.4905821979045868,10
Oxygen Transport (GO:0015671),-1.3128020626758223,0.5197714567184448,10
Response To Peptide (GO:1901652),-1.3131121864689763,0.4482634961605072,38
Regulation Of Nitrogen Compound Metabolic Process (GO:0051171),-1.313320504479859,0.5106205940246582,13
Inositol Metabolic Process (GO:0006020),-1.3138285021101,0.47893431782722473,6
Sensory Perception Of Pain (GO:0019233),-1.314790166324882,0.49924856424331665,20
Collagen-Activated Signaling Pathway (GO:0038065),-1.314826461231397,0.4905821979045868,8
Peroxisomal Membrane Transport (GO:0015919),-1.3148535809495476,0.476031094789505,17
Regulation Of Interleukin-18 Production (GO:0032661),-1.3148637753026697,0.4942812919616699,8
Norepinephrine Biosynthetic Process (GO:0042421),-1.3153548430260777,0.461830735206604,6
Organic Anion Transport (GO:0015711),-1.3165080372168927,0.39223340153694153,89
Phosphatidylserine Metabolic Process (GO:0006658),-1.3165562089845344,0.4905821979045868,20
Positive Regulation Of Protein Localization To Cajal Body (GO:1904871),-1.3166944075766625,0.4702087640762329,10
Regulation Of Protein Localization To Cajal Body (GO:1904869),-1.3166944075766625,0.4702087640762329,10
Negative Regulation Of Glycoprotein Biosynthetic Process (GO:0010561),-1.31672298050219,0.5469740629196167,8
Regulation Of Podosome Assembly (GO:0071801),-1.3168190408550842,0.461830735206604,8
Positive Regulation Of T Cell Chemotaxis (GO:0010820),-1.3169841265797877,0.4905821979045868,12
"DNA Damage Response, Signal Transduction Resulting In Transcription (GO:0042772)",-1.3169866770246068,0.4905821979045868,9
Cellular Response To dsRNA (GO:0071359),-1.3171381316782522,0.4668579697608948,17
Amino Acid Import Across Plasma Membrane (GO:0089718),-1.3172031020846997,0.4905821979045868,27
Negative Regulation Of Cholesterol Storage (GO:0010887),-1.3174057415780072,0.4905821979045868,8
Regulation Of Lymphocyte Migration (GO:2000401),-1.3174686729282754,0.4960852563381195,12
"Protein Alpha-1,2-Demannosylation (GO:0036508)",-1.318028575632429,0.47893431782722473,16
Regulation Of Viral-Induced Cytoplasmic Pattern Recognition Receptor Signaling Pathway (GO:0039531),-1.3181428940789923,0.5123857259750366,9
Positive Regulation Of Potassium Ion Transport (GO:0043268),-1.3184383187104314,0.49924856424331665,15
Negative Regulation Of Toll-Like Receptor 2 Signaling Pathway (GO:0034136),-1.3185021082507498,0.47893431782722473,5
Regulation Of Entry Of Bacterium Into Host Cell (GO:2000535),-1.3185309501822493,0.4826458692550659,6
B Cell Mediated Immunity (GO:0019724),-1.318818160366691,0.4922979176044464,15
Hydrogen Peroxide Catabolic Process (GO:0042744),-1.319054310983935,0.476031094789505,20
Positive Regulation Of B Cell Activation (GO:0050871),-1.3192703134301835,0.4482634961605072,52
Negative Regulation Of Peptidyl-Lysine Acetylation (GO:2000757),-1.3192912087702722,0.4922979176044464,7
Regulation Of Natural Killer Cell Mediated Cytotoxicity (GO:0042269),-1.3193266632137766,0.4702264666557312,32
Regulation Of Amyloid Precursor Protein Catabolic Process (GO:1902991),-1.3198931369952203,0.4730503559112549,11
Membrane Protein Ectodomain Proteolysis (GO:0006509),-1.3203215726642332,0.4741491675376892,22
Response To Thyroid Hormone (GO:0097066),-1.3206560857031775,0.47893431782722473,12
Interleukin-3-Mediated Signaling Pathway (GO:0038156),-1.3208739607216766,0.4702264666557312,6
Extrinsic Apoptotic Signaling Pathway In Absence Of Ligand (GO:0097192),-1.3210788431047888,0.5152116417884827,16
HALLMARK_PANCREAS_BETA_CELLS,-1.321452337587588,0.4627259373664856,40
Regulation Of Cholesterol Transport (GO:0032374),-1.3215693872229552,0.47779861092567444,23
Acidic Amino Acid Transport (GO:0015800),-1.3215713562300637,0.47187569737434387,10
Cellular Response To Angiotensin (GO:1904385),-1.3218933165489806,0.5157339572906494,7
Negative Regulation Of Response To External Stimulus (GO:0032102),-1.322100896957644,0.23005804419517517,146
Cellular Response To Chemical Stress (GO:0062197),-1.3222519773446,0.3639413118362427,89
Peptide Metabolic Process (GO:0006518),-1.3227676239629065,0.42120441794395447,56
Cellular Response To Organonitrogen Compound (GO:0071417),-1.3229475429607964,0.31609925627708435,105
Regulation Of Cellular Catabolic Process (GO:0031329),-1.3229943577110543,0.4028632938861847,63
Regulation Of Immune Response (GO:0050776),-1.3233599237113052,0.4041255712509155,77
Negative Regulation Of Amyloid Precursor Protein Biosynthetic Process (GO:0042985),-1.323474970953308,0.5064713954925537,5
Positive Regulation Of Actin Filament Bundle Assembly (GO:0032233),-1.3239170607882866,0.41125375032424927,51
Protein Transmembrane Import Into Intracellular Organelle (GO:0044743),-1.3239958606126576,0.4406542181968689,32
Positive Regulation Of Unsaturated Fatty Acid Biosynthetic Process (GO:2001280),-1.3242512278430336,0.47187569737434387,6
Negative Regulation Of Cytokine Production (GO:0001818),-1.325159935399474,0.21345722675323486,178
"Regulation Of CD4-positive, Alpha-Beta T Cell Proliferation (GO:2000561)",-1.3251840541566096,0.4942812919616699,9
Negative Regulation Of Apoptotic Process (GO:0043066),-1.32532681186544,0.0,482
Positive Regulation Of Intrinsic Apoptotic Signaling Pathway (GO:2001244),-1.32547131004473,0.4589185118675232,39
Lactate Metabolic Process (GO:0006089),-1.3256306947011347,0.4775916337966919,7
Regulation Of Protein Dephosphorylation (GO:0035304),-1.325884943269041,0.44757819175720215,40
Heme Biosynthetic Process (GO:0006783),-1.3259494274578345,0.46816396713256836,19
Regulation Of Leukocyte Mediated Cytotoxicity (GO:0001910),-1.3261494992892175,0.4608517289161682,9
Polyamine Transport (GO:0015846),-1.3268021256979021,0.4636865556240082,5
Negative Regulation Of B Cell Activation (GO:0050869),-1.326957926848915,0.4608517289161682,20
"Positive Regulation Of Synaptic Transmission, GABAergic (GO:0032230)",-1.3274716482379478,0.46607017517089844,7
Lipid Catabolic Process (GO:0016042),-1.327882134523493,0.47187569737434387,21
Regulation Of Lysosomal Lumen pH (GO:0035751),-1.3279202970194255,0.43592312932014465,25
Type III Interferon-Mediated Signaling Pathway (GO:0038196),-1.3281036252456622,0.4636865556240082,10
Cellular Response To Type III Interferon (GO:0071358),-1.3281036252456622,0.4636865556240082,10
Positive Regulation Of Cysteine-Type Endopeptidase Activity (GO:2001056),-1.3281132448683384,0.39770567417144775,64
Cellular Response To Ionizing Radiation (GO:0071479),-1.328333563523136,0.4237746000289917,52
Glucose Metabolic Process (GO:0006006),-1.3285281048732587,0.42285946011543274,59
Regulation Of IRE1-mediated Unfolded Protein Response (GO:1903894),-1.3286129408006122,0.4775916337966919,13
Regulation Of Interleukin-1 Beta Production (GO:0032651),-1.3286369415467179,0.3737137019634247,84
Nucleoside Triphosphate Biosynthetic Process (GO:0009142),-1.3286450369909462,0.4751322865486145,5
Microvillus Assembly (GO:0030033),-1.3288276817416658,0.4905821979045868,14
Mononuclear Cell Differentiation (GO:1903131),-1.3288952924369453,0.4482634961605072,24
Mitochondrial Membrane Organization (GO:0007006),-1.3292421341146021,0.4608517289161682,32
Positive Regulation Of Cell Differentiation (GO:0045597),-1.329478755738165,0.08730858564376831,283
Interleukin-5-Mediated Signaling Pathway (GO:0038043),-1.3295205887762298,0.4349961578845978,5
Cellular Response To Acetylcholine (GO:1905145),-1.3298663014619196,0.47820159792900085,11
Negative Regulation Of Interleukin-10 Production (GO:0032693),-1.3299970267652963,0.4995364248752594,16
Positive Regulation Of Neutrophil Migration (GO:1902624),-1.3300249219808713,0.4766678512096405,23
Very Long-Chain Fatty Acid Biosynthetic Process (GO:0042761),-1.3300792394461933,0.46141982078552246,12
Regulation Of Lipid Metabolic Process (GO:0019216),-1.3303099373163518,0.4065554141998291,54
Positive Regulation Of Telomerase RNA Localization To Cajal Body (GO:1904874),-1.3304959277286312,0.47523438930511475,14
Intracellular Sterol Transport (GO:0032366),-1.3306098679578562,0.47187569737434387,15
Glycolipid Transport (GO:0046836),-1.330751716860288,0.4452603757381439,5
Negative Regulation Of T Cell Apoptotic Process (GO:0070233),-1.3310034335263734,0.4897878170013428,7
Bundle Of His cell-Purkinje Myocyte Adhesion Involved In Cell Communication (GO:0086073),-1.3310978135006315,0.45425623655319214,5
Regulation Of Cellular Response To Hypoxia (GO:1900037),-1.3313689761365672,0.48587387800216675,6
Regulation Of Protein Targeting To Mitochondrion (GO:1903214),-1.33190505637899,0.43525075912475586,39
Response To Unfolded Protein (GO:0006986),-1.3320322651564018,0.4237746000289917,44
Regulation Of Cell Adhesion Mediated By Integrin (GO:0033628),-1.33231366482642,0.47890403866767883,33
Negative Regulation Of Protein Kinase Activity (GO:0006469),-1.3325917447743907,0.3563367426395416,88
Rho Protein Signal Transduction (GO:0007266),-1.332695956799388,0.42120441794395447,52
Dendritic Cell Differentiation (GO:0097028),-1.3329411973109613,0.4482634961605072,22
Regulation Of G0 To G1 Transition (GO:0070316),-1.3329610568455776,0.4482634961605072,33
Extrinsic Apoptotic Signaling Pathway Via Death Domain Receptors (GO:0008625),-1.3329984233332755,0.44280916452407837,30
Positive Regulation Of Myeloid Leukocyte Differentiation (GO:0002763),-1.3330126189343223,0.4436149597167969,40
Regulation Of Release Of Cytochrome C From Mitochondria (GO:0090199),-1.3331227649582806,0.4452603757381439,41
Positive Regulation Of Tumor Necrosis Factor-Mediated Signaling Pathway (GO:1903265),-1.3332114428332469,0.461830735206604,8
Xenobiotic Transport (GO:0042908),-1.3332975608590045,0.46141982078552246,20
Positive Regulation Of Collagen Biosynthetic Process (GO:0032967),-1.3334429012512252,0.476031094789505,15
Regulation Of Angiotensin Levels In Blood (GO:0002002),-1.333633517777767,0.47163429856300354,8
Angiotensin Maturation (GO:0002003),-1.333633517777767,0.47163429856300354,8
Positive Regulation Of Interleukin-17 Production (GO:0032740),-1.3336614627063534,0.45976006984710693,24
Phosphatidylglycerol Acyl-Chain Remodeling (GO:0036148),-1.3337376473786564,0.48861807584762573,8
Protein Insertion Into Mitochondrial Outer Membrane (GO:0045040),-1.334120555134856,0.4730503559112549,13
Outer Mitochondrial Membrane Organization (GO:0007008),-1.334120555134856,0.4730503559112549,13
Ubiquitin-Dependent Protein Catabolic Process Via The C-end Degron Rule Pathway (GO:0140627),-1.334151068151433,0.46315234899520874,8
DNA Replication (GO:0006260),-1.3343201473697675,0.3737137019634247,73
Phagosome Acidification (GO:0090383),-1.3343969526744277,0.43831667304039,5
Early Endosome To Golgi Transport (GO:0034498),-1.3346838266317893,0.46331900358200073,12
Regulation Of MAPK Cascade (GO:0043408),-1.3349727214290326,0.17381049692630768,204
Negative Regulation Of Amyloid-Beta Formation (GO:1902430),-1.3351260508633602,0.47893431782722473,16
Magnesium Ion Transport (GO:0015693),-1.3351824222261666,0.4826458692550659,11
Post-Translational Protein Targeting To Endoplasmic Reticulum Membrane (GO:0006620),-1.335260806214492,0.4762577414512634,14
Negative Regulation Of Response To Biotic Stimulus (GO:0002832),-1.3354260524609096,0.4237746000289917,45
Negative Regulation Of Receptor-Mediated Endocytosis (GO:0048261),-1.3354434910834818,0.4636865556240082,26
Positive Regulation Of Membrane Depolarization (GO:1904181),-1.3364729921849923,0.4482634961605072,6
Epithelial Cell Migration (GO:0010631),-1.3365356062441907,0.4296381175518036,46
Negative Regulation Of Immune System Process (GO:0002683),-1.3368737873638152,0.42120441794395447,44
Negative Regulation Of Inclusion Body Assembly (GO:0090084),-1.3371569251421838,0.4636865556240082,10
Negative Regulation Of Cholesterol Transport (GO:0032375),-1.3376086756909602,0.4730503559112549,10
Sphingoid Metabolic Process (GO:0046519),-1.3377492254548016,0.4768211841583252,11
Glutamine Transport (GO:0006868),-1.338110581699759,0.46315234899520874,8
Phagocytosis (GO:0006909),-1.3381522042105762,0.37722280621528625,69
Positive Regulation Of Platelet Aggregation (GO:1901731),-1.3382026609752793,0.45756861567497253,11
Regulation Of Transforming Growth Factor Beta Activation (GO:1901388),-1.3384400957988547,0.4482634961605072,7
Zymogen Activation (GO:0031638),-1.3388087012968313,0.4028632938861847,45
Regulation Of Type I Interferon Production (GO:0032479),-1.3388246207188361,0.40105196833610535,59
Intracellular Protein Transmembrane Transport (GO:0065002),-1.3389614594723913,0.4309559464454651,46
Regulation Of Trophoblast Cell Migration (GO:1901163),-1.3395398922654915,0.4688079357147217,13
Negative Regulation Of Epidermal Growth Factor-Activated Receptor Activity (GO:0007175),-1.339642616271936,0.4482634961605072,12
Membrane Lipid Catabolic Process (GO:0046466),-1.3399439176842545,0.4688079357147217,8
Receptor Signaling Pathway Via STAT (GO:0097696),-1.3406327934531992,0.4482634961605072,31
MAPK Cascade (GO:0000165),-1.3407500642672163,0.31609925627708435,98
Gluconeogenesis (GO:0006094),-1.341396269342697,0.4436149597167969,32
Positive Regulation Of Granulocyte Chemotaxis (GO:0071624),-1.341594256225648,0.4589185118675232,21
Amino Acid Transmembrane Transport (GO:0003333),-1.3420372044024906,0.44280916452407837,42
Negative Regulation Of Biosynthetic Process (GO:0009890),-1.34216376792498,0.476031094789505,16
"Post-Translational Protein Targeting To Membrane, Translocation (GO:0031204)",-1.3423708170032822,0.461830735206604,7
Positive Regulation Of Blood Vessel Endothelial Cell Migration (GO:0043536),-1.3425528693307875,0.41123655438423157,46
"Blood Coagulation, Fibrin Clot Formation (GO:0072378)",-1.3428827843924702,0.46266311407089233,14
Protein Activation Cascade (GO:0072376),-1.3428827843924702,0.46266311407089233,14
Positive Regulation Of Nucleocytoplasmic Transport (GO:0046824),-1.3430987048450214,0.3958072364330292,44
Regulation Of T Cell Migration (GO:2000404),-1.343428959104021,0.461830735206604,23
Amide Transport (GO:0042886),-1.3434675642422045,0.43525075912475586,32
Positive Regulation Of Receptor Binding (GO:1900122),-1.3436139267451546,0.39908257126808167,5
Negative Regulation Of Kinase Activity (GO:0033673),-1.343938426315591,0.3737137019634247,62
Negative Regulation Of Receptor Signaling Pathway Via JAK-STAT (GO:0046426),-1.3443347064343216,0.4730503559112549,16
HALLMARK_BILE_ACID_METABOLISM,-1.3444198737514812,0.3083605468273163,112
Leukocyte Chemotaxis Involved In Inflammatory Response (GO:0002232),-1.3445931034552703,0.4482634961605072,5
Protein K63-linked Ubiquitination (GO:0070534),-1.3446037702390723,0.37722280621528625,54
Intermembrane Lipid Transfer (GO:0120009),-1.3448487053907163,0.4636865556240082,8
Negative Regulation Of Interleukin-6 Production (GO:0032715),-1.3448965333520593,0.4436149597167969,34
Keratinocyte Differentiation (GO:0030216),-1.3449652475127676,0.42120441794395447,42
Endosomal Lumen Acidification (GO:0048388),-1.3450583728312058,0.47163429856300354,11
Positive Regulation Of Execution Phase Of Apoptosis (GO:1900119),-1.3452944446826918,0.47163429856300354,7
B Cell Homeostasis (GO:0001782),-1.3459964918063858,0.4702087640762329,9
Negative Regulation Of Protein Catabolic Process (GO:0042177),-1.3460283551775998,0.41123655438423157,54
Positive Regulation Of Natural Killer Cell Mediated Cytotoxicity (GO:0045954),-1.346049772471641,0.47163429856300354,21
Purine Deoxyribonucleotide Catabolic Process (GO:0009155),-1.3460592918020728,0.43525075912475586,5
Immunological Synapse Formation (GO:0001771),-1.34632347294564,0.4617244303226471,7
Positive Regulation Of Protein Metabolic Process (GO:0051247),-1.3467557358362636,0.1992466002702713,196
Blood Circulation (GO:0008015),-1.3472392579920265,0.40515151619911194,50
"Positive Regulation Of CD4-positive, Alpha-Beta T Cell Differentiation (GO:0043372)",-1.347689782200612,0.42120441794395447,7
Protein Processing (GO:0016485),-1.3477872848620875,0.28062790632247925,117
Response To Organic Cyclic Compound (GO:0014070),-1.3478279575412737,0.39770567417144775,58
Negative Regulation Of Response To Stimulus (GO:0048585),-1.3482515665996695,0.3998650908470154,52
Positive Regulation Of Natural Killer Cell Mediated Immunity (GO:0002717),-1.3487294203559597,0.4636865556240082,24
Interleukin-1-Mediated Signaling Pathway (GO:0070498),-1.3487946772068322,0.4482634961605072,19
Maintenance Of Protein Localization In Organelle (GO:0072595),-1.3491907885498768,0.4608517289161682,18
Mitochondrial Genome Maintenance (GO:0000002),-1.3493634735091584,0.461830735206604,11
Fatty Acid Elongation (GO:0030497),-1.3494189678221944,0.4482634961605072,12
Negative Regulation Of Fibroblast Proliferation (GO:0048147),-1.3497093097822637,0.46042588353157043,17
Protein Acylation (GO:0043543),-1.349796587381514,0.4144432544708252,37
Mitotic Nuclear Membrane Organization (GO:0101024),-1.3498836128138014,0.46315234899520874,9
Mitotic Nuclear Membrane Reassembly (GO:0007084),-1.3498836128138014,0.46315234899520874,9
Regulation Of Potassium Ion Transmembrane Transport (GO:1901379),-1.3501917761357194,0.4231955111026764,33
Negative Regulation Of Glucose Transmembrane Transport (GO:0010829),-1.3507899765334423,0.4436149597167969,11
rRNA Modification (GO:0000154),-1.3511053134578042,0.45256832242012024,17
Regulation Of Homotypic Cell-Cell Adhesion (GO:0034110),-1.3515022012879991,0.4482634961605072,11
Regulation Of Endothelial Cell Chemotaxis (GO:2001026),-1.3515842163734497,0.45867177844047546,14
Regulation Of Chemokine Production (GO:0032642),-1.3518516898689383,0.4161219894886017,41
Regulation Of Immune Effector Process (GO:0002697),-1.3520506246496857,0.47187569737434387,13
Regulation Of Cell Development (GO:0060284),-1.3521500025589814,0.4023393392562866,52
Intracellular Monoatomic Cation Homeostasis (GO:0030003),-1.3523652644537671,0.1456569880247116,190
Regulation Of Proteolysis (GO:0030162),-1.3525699619223088,0.3870820999145508,52
Microvillus Organization (GO:0032528),-1.3526428749158994,0.4418211877346039,13
Intrinsic Apoptotic Signaling Pathway In Response To DNA Damage (GO:0008630),-1.352760147362908,0.40837788581848145,49
Signal Peptide Processing (GO:0006465),-1.3529448270988416,0.4436149597167969,13
Retinal Metabolic Process (GO:0042574),-1.353015410002817,0.4636865556240082,16
Negative Regulation Of Leukocyte Apoptotic Process (GO:2000107),-1.3531927434568252,0.47820159792900085,11
Regulation Of Transmembrane Transporter Activity (GO:0022898),-1.353232300369723,0.4482634961605072,9
Negative Regulation Of Alpha-Beta T Cell Differentiation (GO:0046639),-1.3532333208340674,0.46331900358200073,8
Cellular Response To Thyroid Hormone Stimulus (GO:0097067),-1.3538183316021555,0.4688079357147217,11
Leukocyte Tethering Or Rolling (GO:0050901),-1.3538585829274339,0.46315234899520874,17
Regulation Of Reactive Oxygen Species Metabolic Process (GO:2000377),-1.3540020143859308,0.3809513747692108,56
Phagosome Maturation (GO:0090382),-1.3541483202127218,0.4589185118675232,15
Negative Regulation Of Substrate Adhesion-Dependent Cell Spreading (GO:1900025),-1.3548721218116602,0.4315032958984375,12
Negative Regulation Of Intrinsic Apoptotic Signaling Pathway In Response To DNA Damage By P53 Class Mediator (GO:1902166),-1.3549558618883728,0.43525075912475586,12
Regulation Of Intrinsic Apoptotic Signaling Pathway In Response To DNA Damage By P53 Class Mediator (GO:1902165),-1.3549558618883728,0.43525075912475586,13
Nucleosome Disassembly (GO:0006337),-1.355021694441137,0.4668579697608948,18
Positive Regulation Of Macrophage Migration (GO:1905523),-1.355124043546571,0.44531193375587463,18
U2-type Prespliceosome Assembly (GO:1903241),-1.355149059271403,0.44757819175720215,23
Cellular Response To Histamine (GO:0071420),-1.3554771293726693,0.45256832242012024,6
Extracellular Matrix Organization (GO:0030198),-1.3555880474907982,0.17381049692630768,176
Positive Regulation Of Protein Localization To Nucleus (GO:1900182),-1.3558207442221635,0.341816246509552,72
Positive Regulation Of Macrophage Derived Foam Cell Differentiation (GO:0010744),-1.3558691509534715,0.46669110655784607,17
Regulation Of Receptor Signaling Pathway Via STAT (GO:1904892),-1.35621225485572,0.47820159792900085,17
Alcohol Catabolic Process (GO:0046164),-1.3564278529957916,0.43592312932014465,8
Positive Regulation Of Purine Nucleotide Biosynthetic Process (GO:1900373),-1.3567766923783038,0.461830735206604,12
Negative Regulation Of Locomotion (GO:0040013),-1.3568081019523954,0.4608517289161682,12
Leukocyte Aggregation (GO:0070486),-1.3568677145075172,0.4482634961605072,7
Vesicle Budding From Membrane (GO:0006900),-1.357003338062423,0.4482634961605072,32
Regulation Of Stem Cell Proliferation (GO:0072091),-1.3579025238682827,0.4482634961605072,16
Regulation Of Protein Kinase Activity (GO:0045859),-1.3580894874023546,0.28062790632247925,119
Glucose 6-Phosphate Metabolic Process (GO:0051156),-1.3586448277458811,0.4314846694469452,18
Proteolysis Involved In Protein Catabolic Process (GO:0051603),-1.3586456739692194,0.34480980038642883,78
HALLMARK_APICAL_JUNCTION,-1.3586626808953146,0.16486158967018127,200
Negative Regulation Of Endocytosis (GO:0045806),-1.3592944167815562,0.41125375032424927,33
Negative Regulation Of Reproductive Process (GO:2000242),-1.3599182208671763,0.41123655438423157,20
Positive Regulation Of Cholesterol Efflux (GO:0010875),-1.3599579521013474,0.4604882001876831,22
Regulation Of Response To Endoplasmic Reticulum Stress (GO:1905897),-1.3599669363345368,0.476031094789505,13
Positive Regulation Of Translation (GO:0045727),-1.3604613300312067,0.2877744436264038,108
Regulation Of Cell-Cell Adhesion Mediated By Integrin (GO:0033632),-1.3604810716032942,0.45756861567497253,9
Nuclear Membrane Reassembly (GO:0031468),-1.3607558480939674,0.45842620730400085,23
Dicarboxylic Acid Catabolic Process (GO:0043649),-1.36079972035512,0.4544699192047119,16
Positive Regulation Of Interleukin-1 Beta Production (GO:0032731),-1.3611491936142794,0.3737137019634247,57
Positive Regulation Of Amide Metabolic Process (GO:0034250),-1.3611597504073116,0.3269748091697693,85
Positive Regulation Of Dephosphorylation (GO:0035306),-1.3614674147997172,0.41125375032424927,29
Positive Regulation Of Protein Deacetylation (GO:0090312),-1.3621821356915522,0.46141982078552246,13
Negative Regulation Of Plasma Membrane Bounded Cell Projection Assembly (GO:0120033),-1.3624809437590446,0.4296381175518036,29
Renal Absorption (GO:0070293),-1.3629998351976376,0.43592312932014465,18
Neuron Maturation (GO:0042551),-1.363091600997634,0.4609041213989258,17
Arginine Metabolic Process (GO:0006525),-1.363128672954537,0.43663012981414795,10
Leukocyte Cell-Cell Adhesion (GO:0007159),-1.363427168401763,0.42120441794395447,31
Response To Interleukin-1 (GO:0070555),-1.3635116810749985,0.31032732129096985,85
T Cell Differentiation In Thymus (GO:0033077),-1.3639844738191864,0.43553468585014343,13
Hexose Biosynthetic Process (GO:0019319),-1.363987797277003,0.41123655438423157,35
Regulation Of B Cell Proliferation (GO:0030888),-1.3640129962572012,0.34480980038642883,44
Negative Regulation Of Tumor Necrosis Factor-Mediated Signaling Pathway (GO:0010804),-1.3643329988620814,0.43592312932014465,21
Icosanoid Biosynthetic Process (GO:0046456),-1.3650491074486804,0.45256832242012024,18
Positive Regulation Of Sodium Ion Transport (GO:0010765),-1.3653008499440469,0.4482634961605072,12
Defense Response To Bacterium (GO:0042742),-1.3656712553652863,0.1456569880247116,204
"Regulation Of Retrograde Protein Transport, ER To Cytosol (GO:1904152)",-1.3658650726626989,0.43553468585014343,12
Sphingosine Metabolic Process (GO:0006670),-1.365890918590324,0.4482634961605072,19
Regulation Of Neurotransmitter Secretion (GO:0046928),-1.3661104479737336,0.39027541875839233,38
Negative Regulation Of Programmed Cell Death (GO:0043069),-1.366121354538894,0.0,381
Protein Exit From Endoplasmic Reticulum (GO:0032527),-1.3662522782676756,0.4144597351551056,24
Positive Regulation Of MHC Class II Biosynthetic Process (GO:0045348),-1.3665195336150295,0.42709723114967346,10
Positive Regulation Of Multicellular Organism Growth (GO:0040018),-1.3666786440330605,0.4028632938861847,6
Atrial Cardiac Muscle Cell Action Potential (GO:0086014),-1.3667266994064065,0.41700151562690735,12
Negative Regulation Of T Cell Receptor Signaling Pathway (GO:0050860),-1.3671141316831956,0.44757819175720215,18
Response To Histamine (GO:0034776),-1.3671252296867449,0.4237746000289917,9
Toll-Like Receptor Signaling Pathway (GO:0002224),-1.3671576679299309,0.4030902683734894,31
Establishment Of Skin Barrier (GO:0061436),-1.3677381696016233,0.44519269466400146,19
Regulation Of Keratinocyte Differentiation (GO:0045616),-1.367919472348288,0.41123655438423157,26
Polyamine Biosynthetic Process (GO:0006596),-1.368598046336256,0.41125375032424927,6
Intracellular Phosphate Ion Homeostasis (GO:0030643),-1.3686357689569688,0.4083234667778015,5
Modulation By Symbiont Of Entry Into Host (GO:0052372),-1.3689252066267212,0.4314846694469452,21
Negative Regulation Of Blood Vessel Endothelial Cell Proliferation Involved In Sprouting Angiogenesis (GO:1903588),-1.3689642256837873,0.39905598759651184,6
Medium-Chain Fatty Acid Biosynthetic Process (GO:0051792),-1.3690147901686065,0.4161219894886017,5
Positive Regulation Of B Cell Proliferation (GO:0030890),-1.3692189109621002,0.4028632938861847,29
Regulation Of Integrin-Mediated Signaling Pathway (GO:2001044),-1.3692920059128146,0.39223340153694153,19
Positive Regulation Of Lipid Transport (GO:0032370),-1.3693671255500204,0.4357050061225891,11
Polyamine Metabolic Process (GO:0006595),-1.3693945833655423,0.41125375032424927,11
Negative Regulation Of Type I Interferon-Mediated Signaling Pathway (GO:0060339),-1.3694101198857276,0.4482634961605072,15
Gamma-Aminobutyric Acid Metabolic Process (GO:0009448),-1.3696394339614817,0.3840935230255127,5
Carboxylic Acid Transport (GO:0046942),-1.3703540190147017,0.3739732801914215,53
Positive Regulation Of Aspartic-Type Endopeptidase Activity Involved In Amyloid Precursor Protein Catabolic Process (GO:1902961),-1.3706185543939093,0.4028632938861847,6
Sterol Homeostasis (GO:0055092),-1.3713629258426245,0.32788583636283875,73
Regulation Of T Cell Chemotaxis (GO:0010819),-1.3717194494967104,0.442994087934494,13
Positive Regulation Of Epithelial Cell Proliferation Involved In Wound Healing (GO:0060054),-1.3717283033946148,0.42120441794395447,8
Positive Regulation Of T Cell Cytokine Production (GO:0002726),-1.3718051705217587,0.40105196833610535,21
Positive Regulation Of Cation Channel Activity (GO:2001259),-1.3721888374543147,0.42120441794395447,38
Endoplasmic Reticulum Membrane Organization (GO:0090158),-1.37296391932484,0.4237746000289917,11
Negative Regulation Of Interleukin-2 Production (GO:0032703),-1.3730859194001466,0.41123655438423157,21
Positive Regulation Of Receptor Catabolic Process (GO:2000646),-1.373224067521289,0.42709723114967346,6
TORC1 Signaling (GO:0038202),-1.3735109339191665,0.42120441794395447,10
Negative Regulation Of Interleukin-1 Beta Production (GO:0032691),-1.3737214043978496,0.43592312932014465,26
Alpha-Linolenic Acid Metabolic Process (GO:0036109),-1.3741941422258594,0.4406542181968689,9
Positive Regulation Of Apoptotic Signaling Pathway (GO:2001235),-1.374383687622818,0.34480980038642883,62
Endoplasmic Reticulum Organization (GO:0007029),-1.3748264929226608,0.37671959400177,54
Cardiac Muscle Cell-Cardiac Muscle Cell Adhesion (GO:0086042),-1.3748803836458556,0.40741652250289917,6
Regulation Of Mesenchymal Cell Proliferation (GO:0010464),-1.3749673298925136,0.4436149597167969,11
Regulation Of Type 2 Immune Response (GO:0002828),-1.3750429721258806,0.3737137019634247,5
Establishment Of Epithelial Cell Apical/Basal Polarity (GO:0045198),-1.3750886171604173,0.4144597351551056,10
Regulation Of Macrophage Cytokine Production (GO:0010935),-1.3752706227711091,0.42120441794395447,13
T Cell Activation (GO:0042110),-1.3754000394204735,0.2667597830295563,111
Lymphocyte Chemotaxis (GO:0048247),-1.3756231723627086,0.3737137019634247,44
Fructose 6-Phosphate Metabolic Process (GO:0006002),-1.375635440192359,0.4083234667778015,9
Positive Regulation Of Protein Exit From Endoplasmic Reticulum (GO:0070863),-1.3765166147709311,0.3737137019634247,11
Positive Regulation Of Interleukin-1 Production (GO:0032732),-1.3765366074753154,0.33006152510643005,64
Cellular Response To Cold (GO:0070417),-1.3766854498473613,0.38145506381988525,5
MyD88-dependent Toll-Like Receptor Signaling Pathway (GO:0002755),-1.3767461548007756,0.42120441794395447,12
Positive Regulation Of Leukocyte Degranulation (GO:0043302),-1.3767580464971019,0.3905498683452606,13
Regulation Of Response To Wounding (GO:1903034),-1.3769807765453295,0.4261860251426697,7
Positive Regulation Of Activation Of Janus Kinase Activity (GO:0010536),-1.3770419703662107,0.3893018662929535,6
Positive Regulation Of Superoxide Anion Generation (GO:0032930),-1.3772386948163224,0.4088074862957001,13
Positive Regulation Of Type I Interferon Production (GO:0032481),-1.3772937244052075,0.3555956184864044,64
Regulation Of Phospholipid Transport (GO:2001138),-1.3775336102441196,0.36710506677627563,6
Regulation Of Protein Catabolic Process (GO:0042176),-1.3776502245086717,0.223272904753685,122
Cellular Response To Growth Hormone Stimulus (GO:0071378),-1.3777045460947632,0.4144597351551056,11
Positive Regulation Of Tyrosine Phosphorylation Of STAT Protein (GO:0042531),-1.3778891384152183,0.34480980038642883,55
Negative Regulation Of Endoplasmic Reticulum Stress-Induced Intrinsic Apoptotic Signaling Pathway (GO:1902236),-1.378202641689373,0.41125375032424927,15
Eosinophil Migration (GO:0072677),-1.3785357297090155,0.4347810447216034,24
Eosinophil Chemotaxis (GO:0048245),-1.3785357297090155,0.4347810447216034,24
Regulation Of Adaptive Immune Response (GO:0002819),-1.3785865509811956,0.42120441794395447,18
Protein-Containing Complex Disassembly (GO:0032984),-1.3789147789377114,0.33726125955581665,62
Antigen Processing And Presentation Of Endogenous Peptide Antigen Via MHC Class I (GO:0019885),-1.378956113045836,0.3549337685108185,6
"Retrograde Vesicle-Mediated Transport, Golgi To Endoplasmic Reticulum (GO:0006890)",-1.378965698923447,0.37122875452041626,48
Cellular Response To Steroid Hormone Stimulus (GO:0071383),-1.3790651654256667,0.42120441794395447,25
Morphogenesis Of An Epithelium (GO:0002009),-1.3796979913922773,0.39770567417144775,29
Regulation Of T Cell Activation (GO:0050863),-1.379780774994928,0.3643917441368103,62
Phospholipid Metabolic Process (GO:0006644),-1.3799633147608878,0.2679375410079956,69
Regulation Of Amyloid-Beta Clearance (GO:1900221),-1.3800055376131952,0.4023393392562866,15
Type II Interferon-Mediated Signaling Pathway (GO:0060333),-1.3802328257950804,0.38109347224235535,9
Positive Regulation Of Viral Life Cycle (GO:1903902),-1.381319035808057,0.40515151619911194,22
Glutamine Family Amino Acid Catabolic Process (GO:0009065),-1.3813482233621293,0.4053729176521301,15
Lysosomal Lumen Acidification (GO:0007042),-1.382378163754359,0.4357050061225891,18
Axonal Transport Of Mitochondrion (GO:0019896),-1.3824153859410484,0.4347810447216034,12
Regulation Of Plasma Membrane Repair (GO:1905684),-1.3824581478972553,0.41125375032424927,5
Regulation Of Vesicle Size (GO:0097494),-1.3828883651548587,0.42120441794395447,14
Nucleotide-Binding Oligomerization Domain Containing Signaling Pathway (GO:0070423),-1.38347513617809,0.41700151562690735,11
Cellular Response To Interleukin-1 (GO:0071347),-1.3837124815704755,0.24889551103115082,81
Negative Regulation Of Protein Autophosphorylation (GO:0031953),-1.3837807159480755,0.4065554141998291,9
Endoplasmic Reticulum Tubular Network Organization (GO:0071786),-1.3838621809368856,0.40515151619911194,16
Diol Biosynthetic Process (GO:0034312),-1.3840382589380402,0.4053729176521301,17
Negative Regulation Of Mitochondrial Outer Membrane Permeabilization Involved In Apoptotic Signaling Pathway (GO:1901029),-1.3844059146374426,0.4028632938861847,10
Pyruvate Metabolic Process (GO:0006090),-1.385005991599938,0.3737137019634247,50
Transcription Preinitiation Complex Assembly (GO:0070897),-1.385008029595085,0.37122875452041626,59
Positive Regulation Of Leukocyte Chemotaxis (GO:0002690),-1.385266748610702,0.3187398910522461,54
Respiratory Chain Complex IV Assembly (GO:0008535),-1.3854145167014922,0.41123655438423157,26
Negative Regulation Of Tumor Necrosis Factor Production (GO:0032720),-1.3854891094672634,0.3893018662929535,47
Negative Regulation Of Immune Response (GO:0050777),-1.3855329120119866,0.3535502552986145,66
Negative Regulation Of Stress-Activated Protein Kinase Signaling Cascade (GO:0070303),-1.3856872383768628,0.3624124825000763,6
Positive Regulation Of Cytosolic Calcium Ion Concentration Involved In Phospholipase C-activating G Protein-Coupled Signaling Pathway (GO:0051482),-1.386025174244708,0.37046951055526733,27
Positive Regulation Of ATP Metabolic Process (GO:1903580),-1.3860554170248733,0.41700151562690735,9
Cytoplasmic Translational Initiation (GO:0002183),-1.3860660087601255,0.4144597351551056,30
Regulation Of Thymocyte Apoptotic Process (GO:0070243),-1.3861934359341028,0.42088815569877625,5
Positive Regulation Of Cytokine Production (GO:0001819),-1.386259992606413,0.053749825805425644,320
Tricarboxylic Acid Metabolic Process (GO:0072350),-1.3865449729890122,0.39808374643325806,8
Negative Regulation Of Phagocytosis (GO:0050765),-1.3865669229704924,0.4028632938861847,15
Chaperone-Mediated Protein Complex Assembly (GO:0051131),-1.3867913641157463,0.4023393392562866,21
Regulation Of Microglial Cell Activation (GO:1903978),-1.3868532928595905,0.41094204783439636,14
Negative Regulation Of Oxidative Stress-Induced Cell Death (GO:1903202),-1.3875940077231916,0.4161219894886017,23
Transcription By RNA Polymerase III (GO:0006383),-1.388060948948808,0.39905598759651184,28
Regulation Of Interleukin-12 Production (GO:0032655),-1.3881273983330078,0.3022986948490143,50
Water Transport (GO:0006833),-1.3881658991176107,0.41700151562690735,19
Regulation Of Viral Transcription (GO:0046782),-1.38825830965527,0.42120441794395447,17
Regulation Of Cytokine-Mediated Signaling Pathway (GO:0001959),-1.388540000793433,0.37122875452041626,40
Positive Regulation Of Translational Initiation (GO:0045948),-1.3886568576155003,0.38348060846328735,21
Negative Regulation Of Interleukin-8 Production (GO:0032717),-1.388932298257646,0.41125375032424927,17
Negative Regulation Of Oxidative Stress-Induced Intrinsic Apoptotic Signaling Pathway (GO:1902176),-1.3889911188810828,0.43592312932014465,17
Macrophage Migration (GO:1905517),-1.3893083634598047,0.4237746000289917,12
Mesonephros Development (GO:0001823),-1.3909926247605757,0.398509681224823,10
Negative Regulation Of Transcription By RNA Polymerase I (GO:0016479),-1.3910650631264865,0.3639413118362427,9
Negative Regulation Of Plasminogen Activation (GO:0010757),-1.392002674982898,0.32719987630844116,6
Amine Transport (GO:0015837),-1.3921301535388333,0.3737137019634247,7
Reverse Cholesterol Transport (GO:0043691),-1.3930517832015548,0.37122875452041626,16
Lipid Biosynthetic Process (GO:0008610),-1.3930603850192156,0.2823057472705841,71
Cholesterol Homeostasis (GO:0042632),-1.393528363787348,0.30216550827026367,72
Response To Amino Acid (GO:0043200),-1.3943438320290653,0.3893018662929535,30
Regulation Of Transforming Growth Factor Beta1 Production (GO:0032908),-1.3948387193606184,0.41125375032424927,6
Enamel Mineralization (GO:0070166),-1.3948429146027452,0.3840935230255127,5
HALLMARK_PROTEIN_SECRETION,-1.3949737358968783,0.2259766012430191,96
Negative Regulation Of Intrinsic Apoptotic Signaling Pathway In Response To DNA Damage (GO:1902230),-1.3953720802526783,0.3707210421562195,25
Golgi To Lysosome Transport (GO:0090160),-1.3954343486947616,0.40515151619911194,11
Regulation Of Cyclic-Nucleotide Phosphodiesterase Activity (GO:0051342),-1.3954388775979518,0.3698887825012207,7
Proton Transmembrane Transport (GO:1902600),-1.3955888181849452,0.35740572214126587,49
Regulation Of Dendritic Cell Differentiation (GO:2001198),-1.395685083707957,0.35740572214126587,10
Chaperone Cofactor-Dependent Protein Refolding (GO:0051085),-1.3957549392362592,0.3737137019634247,27
Positive Regulation Of Innate Immune Response (GO:0045089),-1.3959537285219348,0.3698887825012207,45
Mitochondrial Cytochrome C Oxidase Assembly (GO:0033617),-1.3961562879207747,0.4028632938861847,22
Membrane Assembly (GO:0071709),-1.3964821820515516,0.35267174243927,38
Negative Regulation Of Glucose Import (GO:0046325),-1.3968775152921282,0.38065749406814575,7
Negative Regulation Of Growth (GO:0045926),-1.3970345695009878,0.08798368275165558,124
Regulation Of Angiogenesis (GO:0045765),-1.3980035411075882,0.0,205
Cholesterol Metabolic Process (GO:0008203),-1.398435751387026,0.2976667582988739,67
Negative Regulation Of Amyloid Precursor Protein Catabolic Process (GO:1902992),-1.3986611430252027,0.4065554141998291,18
Response To Cocaine (GO:0042220),-1.3991133003220413,0.4028632938861847,6
Regulation Of Prostaglandin Biosynthetic Process (GO:0031392),-1.3992487863769256,0.34480980038642883,6
'De Novo' Post-Translational Protein Folding (GO:0051084),-1.399420137582011,0.3737137019634247,32
Sphingoid Biosynthetic Process (GO:0046520),-1.3996182056448436,0.3870820999145508,13
Sphingosine Biosynthetic Process (GO:0046512),-1.3996182056448436,0.3870820999145508,13
Phosphatidylinositol Phosphate Biosynthetic Process (GO:0046854),-1.4001067134267828,0.35740572214126587,44
Regulation Of Superoxide Anion Generation (GO:0032928),-1.4001941164684433,0.39808374643325806,14
Positive Regulation Of Myeloid Leukocyte Mediated Immunity (GO:0002888),-1.4002682684612677,0.3862673342227936,12
Negative Regulation By Host Of Viral Transcription (GO:0043922),-1.4004086451311628,0.41125375032424927,12
Proline Transport (GO:0015824),-1.4005248149708565,0.41125375032424927,8
Regulation Of Vascular Endothelial Growth Factor Production (GO:0010574),-1.4008558225721786,0.40105196833610535,26
Negative Regulation Of Binding (GO:0051100),-1.4014106322025732,0.29794663190841675,86
Negative Regulation Of Extrinsic Apoptotic Signaling Pathway Via Death Domain Receptors (GO:1902042),-1.4019703232444904,0.3737137019634247,23
Acute Inflammatory Response (GO:0002526),-1.4019733906772316,0.38262155652046204,26
Immunoglobulin Mediated Immune Response (GO:0016064),-1.4021461781327123,0.40837788581848145,30
Positive Regulation Of Amyloid Precursor Protein Catabolic Process (GO:1902993),-1.4023130509214925,0.3737137019634247,21
Protein Targeting (GO:0006605),-1.402509446326068,0.19067737460136414,129
Acute-Phase Response (GO:0006953),-1.402543899832988,0.37671959400177,13
Skin Morphogenesis (GO:0043589),-1.4025492867272753,0.42120441794395447,8
Regulation Of Monocyte Differentiation (GO:0045655),-1.4027621410932638,0.39223340153694153,15
HALLMARK_PI3K_AKT_MTOR_SIGNALING,-1.402865445933219,0.21167099475860596,105
Negative Regulation Of Cell Division (GO:0051782),-1.403078091410334,0.4032917320728302,11
Regulation Of Leukocyte Activation (GO:0002694),-1.4031294951754427,0.4047681987285614,14
Regulation Of Receptor Binding (GO:1900120),-1.4034201486886906,0.4065554141998291,9
Negative Regulation Of Interleukin-12 Production (GO:0032695),-1.4039481462146643,0.38145506381988525,13
Protein Targeting To Lysosome (GO:0006622),-1.4045057782046715,0.3840935230255127,26
Choline Transport (GO:0015871),-1.4045414714227658,0.3737137019634247,6
Extrinsic Apoptotic Signaling Pathway (GO:0097191),-1.40457106057744,0.2833622395992279,67
Protein N-linked Glycosylation Via Asparagine (GO:0018279),-1.4046883220355602,0.35393857955932617,23
Cytoplasmic Sequestering Of Transcription Factor (GO:0042994),-1.4048245430097501,0.35112106800079346,13
Negative Regulation Of Viral Transcription (GO:0032897),-1.4048378080383868,0.4023393392562866,13
Autocrine Signaling (GO:0035425),-1.4048647756129184,0.35393857955932617,5
Positive Regulation By Host Of Viral Process (GO:0044794),-1.405044695816067,0.3759966790676117,17
Regulation Of Peptidase Activity (GO:0052547),-1.40551336287291,0.34480980038642883,27
Protein N-linked Glycosylation (GO:0006487),-1.4061073084574676,0.2727261781692505,64
Androgen Biosynthetic Process (GO:0006702),-1.4065063357036458,0.34480980038642883,8
Intracellular pH Reduction (GO:0051452),-1.4066423624796383,0.3398267924785614,32
Activation Of Protein Kinase B Activity (GO:0032148),-1.4066828636640472,0.35389742255210876,25
Regulation Of Tumor Necrosis Factor-Mediated Signaling Pathway (GO:0010803),-1.4073351261492966,0.3335956335067749,48
Synapse Pruning (GO:0098883),-1.4073943975938097,0.3563367426395416,8
Regulation Of Tumor Necrosis Factor Production (GO:0032680),-1.407893088167837,0.16591520607471466,127
NIK/NF-kappaB Signaling (GO:0038061),-1.4079828699055772,0.3581584393978119,32
Cellular Response To Radiation (GO:0071478),-1.4080132451197962,0.3398267924785614,48
Negative Regulation Of Protein Phosphorylation (GO:0001933),-1.4080633286687727,0.10908794403076172,149
Positive Regulation Of Interleukin-8 Production (GO:0032757),-1.4092393259109763,0.26263749599456787,61
Regulation Of Receptor Signaling Pathway Via JAK-STAT (GO:0046425),-1.40928401531318,0.325349360704422,53
Negative Regulation Of Coagulation (GO:0050819),-1.4096448973757443,0.41123655438423157,12
Regulation Of Aspartic-Type Endopeptidase Activity Involved In Amyloid Precursor Protein Catabolic Process (GO:1902959),-1.409899150628801,0.35740572214126587,8
Response To Hydrogen Peroxide (GO:0042542),-1.411183647589255,0.34606674313545227,46
Ventricular Cardiac Muscle Cell Membrane Repolarization (GO:0099625),-1.4120821164091686,0.37122875452041626,7
Regulation Of Blood Coagulation (GO:0030193),-1.4121026499182427,0.29823604226112366,29
Positive Regulation Of Ligase Activity (GO:0051351),-1.4127578173240707,0.37691500782966614,8
Nicotinamide Nucleotide Metabolic Process (GO:0046496),-1.412762014810101,0.3737137019634247,17
Glutamine Family Amino Acid Metabolic Process (GO:0009064),-1.4129197211347653,0.3561106026172638,31
Negative Regulation Of Mitochondrial Membrane Permeability (GO:0035795),-1.4130252359008824,0.38262155652046204,12
Positive Regulation Of Respiratory Burst (GO:0060267),-1.4132050961898113,0.38145506381988525,8
Regulation Of Cell Killing (GO:0031341),-1.4141677406696234,0.33926770091056824,8
Positive Regulation Of Myeloid Cell Differentiation (GO:0045639),-1.4143819250373446,0.35639894008636475,36
Cellular Response To Low-Density Lipoprotein Particle Stimulus (GO:0071404),-1.4143883533819899,0.37691500782966614,22
Positive Regulation Of Aspartic-Type Peptidase Activity (GO:1905247),-1.4144656551338382,0.36435481905937195,7
Positive Regulation Of Steroid Metabolic Process (GO:0045940),-1.4145759658713035,0.34480980038642883,6
Neutrophil Migration (GO:1990266),-1.4146929060129891,0.26112961769104004,77
Cotranslational Protein Targeting To Membrane (GO:0006613),-1.4148258019603568,0.37122875452041626,13
Regulation Of Fibroblast Apoptotic Process (GO:2000269),-1.4148348759265346,0.37691500782966614,8
Granulocyte Differentiation (GO:0030851),-1.4150747480569867,0.37691500782966614,12
Neutrophil Chemotaxis (GO:0030593),-1.416006422068018,0.2679375410079956,70
Very Long-Chain Fatty Acid Metabolic Process (GO:0000038),-1.416733064135752,0.33006152510643005,32
Membrane Protein Proteolysis (GO:0033619),-1.4167569108586642,0.310253381729126,34
Negative Regulation Of Receptor Binding (GO:1900121),-1.417090572281544,0.3893018662929535,9
Negative Regulation Of I-kappaB kinase/NF-kappaB Signaling (GO:0043124),-1.4172302971517898,0.30837327241897583,42
HALLMARK_UNFOLDED_PROTEIN_RESPONSE,-1.4180364593046388,0.1910528838634491,113
Positive Regulation Of Leukocyte Migration (GO:0002687),-1.4182123003895188,0.2877744436264038,31
Negative Regulation Of Antigen Receptor-Mediated Signaling Pathway (GO:0050858),-1.4184754445213699,0.3737137019634247,24
Renal Water Homeostasis (GO:0003091),-1.4185933104559914,0.37122875452041626,14
HALLMARK_IL2_STAT5_SIGNALING,-1.4187417097096624,0.053749825805425644,199
Macrophage Chemotaxis (GO:0048246),-1.4189982840349786,0.3553330898284912,11
Positive Regulation Of Vascular Associated Smooth Muscle Cell Differentiation (GO:1905065),-1.4190876176721965,0.3269748091697693,5
Ethanol Oxidation (GO:0006069),-1.4190960244475777,0.36630508303642273,7
Positive Regulation Of NIK/NF-kappaB Signaling (GO:1901224),-1.4191793026713568,0.3187398910522461,53
Phosphate Ion Homeostasis (GO:0055062),-1.4195729328258717,0.39770567417144775,12
Negative Regulation Of Neuron Migration (GO:2001223),-1.4197429130428736,0.26245033740997314,5
Positive Regulation Of Natural Killer Cell Activation (GO:0032816),-1.4197453458156148,0.41700151562690735,18
Lipoxygenase Pathway (GO:0019372),-1.4198770392981528,0.33926770091056824,7
Stress-Induced Premature Senescence (GO:0090400),-1.4200536954634126,0.3545694947242737,7
Regulation Of Interleukin-8 Production (GO:0032677),-1.4201671628885657,0.20553156733512878,81
Protein Deneddylation (GO:0000338),-1.4203394173450556,0.3553330898284912,10
Leukocyte Adhesion To Vascular Endothelial Cell (GO:0061756),-1.420387043442887,0.3737137019634247,19
Regulation Of Execution Phase Of Apoptosis (GO:1900117),-1.4206172577305065,0.3563367426395416,24
Phosphate Ion Transport (GO:0006817),-1.4209003806069311,0.34480980038642883,19
RNA Polymerase II Preinitiation Complex Assembly (GO:0051123),-1.4213018682583478,0.2727261781692505,56
Granulocyte Chemotaxis (GO:0071621),-1.4213610931515126,0.25147828459739685,73
Membrane Raft Organization (GO:0031579),-1.4215223267678871,0.35393857955932617,14
Myeloid Cell Differentiation (GO:0030099),-1.4219028057342316,0.2976667582988739,57
Biogenic Amine Metabolic Process (GO:0006576),-1.4222951236094923,0.35393857955932617,12
Regulation Of Skeletal Muscle Fiber Development (GO:0048742),-1.422440406097489,0.3555956184864044,7
Amyloid Fibril Formation (GO:1990000),-1.4227517237571787,0.35740572214126587,24
Positive Regulation Of Plasminogen Activation (GO:0010756),-1.4227724785862756,0.35393857955932617,7
Positive Regulation Of DNA-templated Transcription Initiation (GO:2000144),-1.4231616316443867,0.24095100164413452,56
Regulation Of Type I Interferon-Mediated Signaling Pathway (GO:0060338),-1.423689135838428,0.31940463185310364,33
Negative Regulation Of Receptor Signaling Pathway Via STAT (GO:1904893),-1.4247032500224441,0.3563367426395416,14
Positive Regulation Of Leukocyte Adhesion To Vascular Endothelial Cell (GO:1904996),-1.4248311886887761,0.3639413118362427,17
Positive Regulation Of I-kappaB kinase/NF-kappaB Signaling (GO:0043123),-1.424842162616968,0.0,175
Cellular Response To Organic Substance (GO:0071310),-1.425201830978749,0.22005760669708252,82
Negative Regulation Of Bone Resorption (GO:0045779),-1.4255998443384246,0.32212114334106445,9
HALLMARK_APOPTOSIS,-1.4257902204304609,0.053749825805425644,161
Negative Regulation Of Viral Process (GO:0048525),-1.42629801584978,0.28062790632247925,61
Maintenance Of Protein Localization In Endoplasmic Reticulum (GO:0035437),-1.4263528448338612,0.3398267924785614,11
HALLMARK_EPITHELIAL_MESENCHYMAL_TRANSITION,-1.4265011762038058,0.053749825805425644,200
Negative Regulation Of Fibrinolysis (GO:0051918),-1.4273773126311005,0.32733315229415894,11
ncRNA Transcription (GO:0098781),-1.427488314259415,0.3398267924785614,13
Carbohydrate Catabolic Process (GO:0016052),-1.4275036818506512,0.29823604226112366,41
Positive Regulation Of Exosomal Secretion (GO:1903543),-1.4279812422179254,0.34480980038642883,14
Positive Regulation Of T Cell Migration (GO:2000406),-1.4286156371875538,0.37722280621528625,25
Regulation Of Oxidative Stress-Induced Intrinsic Apoptotic Signaling Pathway (GO:1902175),-1.4288085435460929,0.34908363223075867,18
Positive Regulation Of Transcription Initiation By RNA Polymerase II (GO:0060261),-1.4290423770135026,0.2406674027442932,52
Actin Nucleation (GO:0045010),-1.4291422985194988,0.3704691529273987,23
Response To Tumor Necrosis Factor (GO:0034612),-1.4292848429297487,0.16681483387947083,108
Regulation Of RNA Polymerase II Regulatory Region Sequence-Specific DNA Binding (GO:1903025),-1.429403923641975,0.35393857955932617,9
Positive Regulation Of Cytokine Production Involved In Inflammatory Response (GO:1900017),-1.429873356090581,0.35740572214126587,18
tRNA Transcription (GO:0009304),-1.4298947139821412,0.32733315229415894,8
Polarized Epithelial Cell Differentiation (GO:0030859),-1.429983629694902,0.3187398910522461,14
Negative Regulation Of Trophoblast Cell Migration (GO:1901164),-1.430242344891245,0.29778388142585754,5
Arp2/3 Complex-Mediated Actin Nucleation (GO:0034314),-1.430317185136239,0.3555956184864044,19
"Positive Regulation Of Nuclear-Transcribed mRNA Catabolic Process, Deadenylation-Dependent Decay (GO:1900153)",-1.4303610799999094,0.31940463185310364,14
Negative Regulation Of Bone Remodeling (GO:0046851),-1.4310576266994905,0.35755035281181335,11
Regulation Of Fibrinolysis (GO:0051917),-1.431247884404273,0.35755035281181335,16
"Positive Regulation Of CD4-positive, Alpha-Beta T Cell Activation (GO:2000516)",-1.4314261712222316,0.38065749406814575,12
Regulation Of Protein Import Into Nucleus (GO:0042306),-1.4316150326144024,0.2823057472705841,38
Apoptotic Cell Clearance (GO:0043277),-1.432032718987246,0.3670479655265808,28
Negative Regulation Of Hemostasis (GO:1900047),-1.432194422685115,0.34321653842926025,10
Intracellular Iron Ion Homeostasis (GO:0006879),-1.4323700995965745,0.30169641971588135,50
Positive Regulation Of T Cell Apoptotic Process (GO:0070234),-1.4329466384914975,0.37122875452041626,9
Growth Hormone Receptor Signaling Pathway Via JAK-STAT (GO:0060397),-1.4331311977471723,0.34346267580986023,7
Negative Regulation Of Cell Communication (GO:0010648),-1.433342567845112,0.3081461787223816,22
Regulation Of Acute Inflammatory Response (GO:0002673),-1.4347251525743943,0.35112106800079346,19
Inner Mitochondrial Membrane Organization (GO:0007007),-1.434853377886028,0.3022986948490143,34
Protein Targeting To ER (GO:0045047),-1.4349236493938657,0.35112106800079346,23
Negative Regulation Of Epidermal Growth Factor Receptor Signaling Pathway (GO:0042059),-1.4350844034803951,0.341816246509552,23
Positive Regulation Of Endocytosis (GO:0045807),-1.4353813390738464,0.22709129750728607,79
Positive Regulation Of Vascular Endothelial Growth Factor Production (GO:0010575),-1.435628198626838,0.3563367426395416,24
Positive Regulation Of Interleukin-12 Production (GO:0032735),-1.4357449449962862,0.2679375410079956,33
Regulation Of I-kappaB kinase/NF-kappaB Signaling (GO:0043122),-1.436481304232656,0.0,232
Receptor-Mediated Virion Attachment To Host Cell (GO:0046813),-1.4370935074918072,0.32390010356903076,6
Cellular Response To Interleukin-9 (GO:0071355),-1.4374117811829388,0.31442177295684814,6
Interleukin-9-Mediated Signaling Pathway (GO:0038113),-1.4374117811829388,0.31442177295684814,6
Positive Regulation Of Mitochondrial Calcium Ion Concentration (GO:0051561),-1.438345381583762,0.3398267924785614,8
Tail-Anchored Membrane Protein Insertion Into ER Membrane (GO:0071816),-1.4383669159424934,0.3028339743614197,16
Regulation Of Macrophage Chemotaxis (GO:0010758),-1.438531676908764,0.32733315229415894,20
Central Nervous System Neuron Axonogenesis (GO:0021955),-1.4385888889476273,0.3398267924785614,11
Cellular Response To Hydrogen Peroxide (GO:0070301),-1.438641787912459,0.2679375410079956,34
Protein Localization To Mitochondrion (GO:0070585),-1.4387866654531305,0.3263028562068939,16
Negative Regulation Of Acute Inflammatory Response (GO:0002674),-1.4388368972188632,0.29926416277885437,6
Heterotypic Cell-Cell Adhesion (GO:0034113),-1.4392015068902158,0.278095543384552,29
Protein Kinase A Signaling (GO:0010737),-1.4392350180561029,0.3410366177558899,16
Positive Regulation Of Cholesterol Transport (GO:0032376),-1.4405526291309032,0.3269748091697693,31
Dense Core Granule Cytoskeletal Transport (GO:0099519),-1.4409137284335194,0.33590754866600037,6
Macromolecule Biosynthetic Process (GO:0009059),-1.441013379616787,0.24314701557159424,183
Tyrosine Phosphorylation Of STAT Protein (GO:0007260),-1.4415104408670711,0.30635687708854675,8
Regulation Of B Cell Activation (GO:0050864),-1.4416137470360864,0.29794663190841675,25
Positive Regulation Of Protein Import Into Nucleus (GO:0042307),-1.4417055316491678,0.2985883355140686,28
Protein Retention In ER Lumen (GO:0006621),-1.4420354624820146,0.2877744436264038,7
Positive Regulation Of Cellular Metabolic Process (GO:0031325),-1.4420739230704982,0.21345722675323486,56
Cellular Response To Virus (GO:0098586),-1.4425069913302377,0.21167099475860596,64
Negative Regulation Of Cell Adhesion Mediated By Integrin (GO:0033629),-1.4427024160315132,0.2643631398677826,9
Hepoxilin Metabolic Process (GO:0051121),-1.4428576468318233,0.3031473159790039,7
Hepoxilin Biosynthetic Process (GO:0051122),-1.4428576468318233,0.3031473159790039,7
Positive Regulation Of Homotypic Cell-Cell Adhesion (GO:0034112),-1.4432262696302371,0.3187398910522461,16
Positive Regulation Of Receptor-Mediated Endocytosis (GO:0048260),-1.44335141357165,0.2727261781692505,43
Regulation Of Interleukin-6 Production (GO:0032675),-1.4435013532492373,0.16591520607471466,114
Mesenchymal Cell Differentiation Involved In Kidney Development (GO:0072161),-1.4438361744287378,0.2919299006462097,5
Amino Acid Transport (GO:0006865),-1.4441766097307487,0.2823057472705841,46
Negative Regulation Of Protein Localization To Cell Periphery (GO:1904376),-1.444639512532178,0.3563367426395416,20
Golgi Vesicle Transport (GO:0048193),-1.445572040192269,0.0,197
Regulation Of Protein Deubiquitination (GO:0090085),-1.4467360769612836,0.2861948311328888,5
"Mitochondrial Electron Transport, Ubiquinol To Cytochrome C (GO:0006122)",-1.4469546747471769,0.3022986948490143,12
Regulation Of Exosomal Secretion (GO:1903541),-1.4470927844568866,0.3028339743614197,18
Negative Regulation Of Interleukin-1 Production (GO:0032692),-1.447138097018343,0.35393857955932617,30
Positive Regulation Of Extrinsic Apoptotic Signaling Pathway (GO:2001238),-1.4472755623066662,0.3083605468273163,31
Negative Regulation Of Protein Localization To Membrane (GO:1905476),-1.4478963636878548,0.34222060441970825,25
Mitochondrion Transport Along Microtubule (GO:0047497),-1.448191009300004,0.325349360704422,14
Regulation Of Translational Initiation (GO:0006446),-1.4483600579721794,0.22817571461200714,65
Positive Regulation Of Response To Cytokine Stimulus (GO:0060760),-1.4485504209179438,0.3398267924785614,14
HALLMARK_XENOBIOTIC_METABOLISM,-1.4487193896793606,0.0,200
fatty-acyl-CoA Biosynthetic Process (GO:0046949),-1.4487834124636125,0.30985963344573975,25
"Wound Healing, Spreading Of Cells (GO:0044319)",-1.448902432098027,0.3269748091697693,25
Negative Regulation Of Hydrogen Peroxide-Induced Cell Death (GO:1903206),-1.4494451853978756,0.30635687708854675,10
Protein Neddylation (GO:0045116),-1.449695651550168,0.28062790632247925,22
Positive Regulation Of Amyloid-Beta Formation (GO:1902004),-1.4498099659745718,0.29823604226112366,17
Positive Regulation Of Reactive Oxygen Species Metabolic Process (GO:2000379),-1.4499393051146254,0.20672594010829926,48
Prostanoid Metabolic Process (GO:0006692),-1.4500872740216824,0.3563367426395416,16
Defense Response To Virus (GO:0051607),-1.4501238031594479,0.0,189
protein-DNA Complex Disassembly (GO:0032986),-1.4506748703654055,0.31609925627708435,20
I-kappaB kinase/NF-kappaB Signaling (GO:0007249),-1.4513721686878345,0.278095543384552,45
T-helper 17 Cell Differentiation (GO:0072539),-1.4519681992327742,0.30032140016555786,8
Positive Regulation Of Alpha-Beta T Cell Differentiation (GO:0046638),-1.45232570688831,0.3106260597705841,13
peptidyl-S-diacylglycerol-L-cysteine Biosynthetic Process From Peptidyl-Cysteine (GO:0018231),-1.4526653773557716,0.33006152510643005,22
peptidyl-L-cysteine S-palmitoylation (GO:0018230),-1.4526653773557716,0.33006152510643005,22
Regulation Of Cholesterol Efflux (GO:0010874),-1.4527105618630676,0.30584967136383057,32
Defense Response To Protozoan (GO:0042832),-1.453349431836662,0.341816246509552,15
Peptide Transport (GO:0015833),-1.454009254262526,0.29823604226112366,6
Defense Response To Symbiont (GO:0140546),-1.4540570924868765,0.053749825805425644,148
Medium-Chain Fatty Acid Metabolic Process (GO:0051791),-1.4546912453156715,0.3373502790927887,14
Interleukin-6-Mediated Signaling Pathway (GO:0070102),-1.4549340749238202,0.32733315229415894,13
Regulation Of Tyrosine Phosphorylation Of STAT Protein (GO:0042509),-1.4553752786486893,0.2065822035074234,65
Facultative Heterochromatin Formation (GO:0140718),-1.4554279768619782,0.31609925627708435,17
Regulation Of Granulocyte Chemotaxis (GO:0071622),-1.4562597989328638,0.3269748091697693,19
Regulation Of Toll-Like Receptor 2 Signaling Pathway (GO:0034135),-1.4565070710266468,0.34321653842926025,10
Positive Regulation Of Response To External Stimulus (GO:0032103),-1.4565761525386807,0.0,155
Cellular Component Disassembly (GO:0022411),-1.4571844702304633,0.1992466002702713,46
Negative Regulation Of Defense Response (GO:0031348),-1.4583200495846889,0.10960813611745834,112
Unsaturated Fatty Acid Biosynthetic Process (GO:0006636),-1.45834512830414,0.2699751555919647,8
Regulation Of Endothelial Cell Apoptotic Process (GO:2000351),-1.458461280654616,0.21345722675323486,43
Actin Polymerization Or Depolymerization (GO:0008154),-1.459408986564976,0.2299819439649582,53
Negative Regulation Of Intrinsic Apoptotic Signaling Pathway (GO:2001243),-1.4598413772035603,0.2213539481163025,61
Intrinsic Apoptotic Signaling Pathway In Response To DNA Damage By P53 Class Mediator (GO:0042771),-1.4605125385030358,0.28062790632247925,19
Cellular Response To Interferon-Beta (GO:0035458),-1.4610216966287541,0.3563367426395416,22
Positive Regulation Of Cholesterol Storage (GO:0010886),-1.4617364104535202,0.2141437828540802,5
Negative Regulation Of Endothelial Cell Proliferation (GO:0001937),-1.4625321913265847,0.2727261781692505,37
Positive Regulation Of T Cell Activation (GO:0050870),-1.4627370222166582,0.08798368275165558,107
Extracellular Matrix Disassembly (GO:0022617),-1.464069735857256,0.18938060104846954,44
Regulation Of Receptor-Mediated Endocytosis (GO:0048259),-1.4649254658171353,0.2727261781692505,39
Positive Regulation Of Lymphocyte Activation (GO:0051251),-1.4649857423625434,0.21167099475860596,47
Regulation Of Stress-Activated Protein Kinase Signaling Cascade (GO:0070302),-1.4651410044522062,0.3187398910522461,11
T-helper 17 Cell Lineage Commitment (GO:0072540),-1.465449151235368,0.29794663190841675,7
Regulation Of Collagen Biosynthetic Process (GO:0032965),-1.4656921209854268,0.3398267924785614,18
Cellular Response To Cytokine Stimulus (GO:0071345),-1.4664566645274222,0.0,308
Cytokine-Mediated Signaling Pathway (GO:0019221),-1.4668738121171847,0.0,257
Barbed-End Actin Filament Capping (GO:0051016),-1.467229650676487,0.2823057472705841,18
Actin Filament Capping (GO:0051693),-1.467229650676487,0.2823057472705841,18
Cellular Nitrogen Compound Biosynthetic Process (GO:0044271),-1.4678167259706099,0.2679375410079956,32
Glycosaminoglycan Catabolic Process (GO:0006027),-1.4681932214849058,0.31442177295684814,15
Golgi Lumen Acidification (GO:0061795),-1.4684484436943765,0.3333219885826111,9
Tooth Mineralization (GO:0034505),-1.469840136053177,0.2679375410079956,7
Cellular Response To Interleukin-2 (GO:0071352),-1.469891447317562,0.31609925627708435,7
Interleukin-2-Mediated Signaling Pathway (GO:0038110),-1.469891447317562,0.31609925627708435,7
Positive Regulation Of Macrophage Chemotaxis (GO:0010759),-1.4702113502979832,0.2720797657966614,13
Negative Regulation Of Cytokine-Mediated Signaling Pathway (GO:0001960),-1.4702136033338948,0.207439586520195,59
Fluid Transport (GO:0042044),-1.4708754792469452,0.29823604226112366,19
Regulation Of Defense Response To Virus By Host (GO:0050691),-1.4713736234123875,0.21077246963977814,37
Response To Lipopolysaccharide (GO:0032496),-1.4716589303003178,0.0,159
Cell Differentiation Involved In Metanephros Development (GO:0072202),-1.4718934687234229,0.29794663190841675,9
Negative Regulation Of Innate Immune Response (GO:0045824),-1.4727396046417656,0.20672594010829926,52
Negative Regulation Of Transforming Growth Factor Beta Production (GO:0071635),-1.472804180065555,0.3187398910522461,9
Negative Regulation Of Protein Localization To Plasma Membrane (GO:1903077),-1.4742176148711692,0.29794663190841675,20
Positive Regulation Of Embryonic Development (GO:0040019),-1.4745705851391346,0.29823604226112366,20
Translation (GO:0006412),-1.4756567554353546,0.15499652922153473,234
Cellular Response To Lipid (GO:0071396),-1.4765735188521019,0.0,228
Regulation Of Leukocyte Adhesion To Vascular Endothelial Cell (GO:1904994),-1.4771700736162388,0.29823604226112366,12
HALLMARK_PEROXISOME,-1.4772579116565296,0.053749825805425644,104
Regulation Of Fat Cell Differentiation (GO:0045598),-1.4779428182511505,0.1672295182943344,75
Mitochondrial Respirasome Assembly (GO:0097250),-1.4785385407949945,0.26112961769104004,10
Regulation Of MHC Class II Biosynthetic Process (GO:0045346),-1.479475821488051,0.3269748091697693,14
Negative Regulation Of Amino Acid Transport (GO:0051956),-1.4802238016042917,0.19551429152488708,5
Negative Regulation Of miRNA Processing (GO:1903799),-1.484674540114062,0.2260907143354416,6
Response To Steroid Hormone (GO:0048545),-1.4867301573928584,0.19054745137691498,29
Regulation Of Lymphocyte Differentiation (GO:0045619),-1.4877565888634159,0.22424326837062836,19
Protein Palmitoylation (GO:0018345),-1.4879475234350887,0.20503972470760345,30
Regulation Of Atrial Cardiac Muscle Cell Membrane Repolarization (GO:0060372),-1.4889656995443519,0.2063715159893036,6
Prostaglandin Metabolic Process (GO:0006693),-1.4897054583864775,0.22817571461200714,30
Long-Chain fatty-acyl-CoA Biosynthetic Process (GO:0035338),-1.4897911110982436,0.2877744436264038,17
Long-Chain fatty-acyl-CoA Metabolic Process (GO:0035336),-1.4901780410757577,0.21167099475860596,23
Cytoplasmic Translation (GO:0002181),-1.4903008491160061,0.24470067024230957,93
Protein Targeting To Mitochondrion (GO:0006626),-1.490673095503726,0.1534506380558014,59
Regulation Of Protein Localization To Nucleolus (GO:1904749),-1.490947869646471,0.19054745137691498,7
Mitochondrial Calcium Ion Transmembrane Transport (GO:0006851),-1.4911350887936161,0.2833622395992279,14
HALLMARK_GLYCOLYSIS,-1.4911376668475504,0.0,200
"Nuclear-Transcribed mRNA Catabolic Process, Nonsense-Mediated Decay (GO:0000184)",-1.4936933951055467,0.2727261781692505,28
Acetylcholine Receptor Signaling Pathway (GO:0095500),-1.4941394328446773,0.25912976264953613,22
Regulation Of T Cell Differentiation (GO:0045580),-1.4946301339311825,0.2574026584625244,47
Positive Regulation By Symbiont Of Entry Into Host (GO:0075294),-1.4946875703429172,0.17023606598377228,12
Positive Regulation Of Viral Entry Into Host Cell (GO:0046598),-1.4946875703429172,0.17023606598377228,12
HALLMARK_ANDROGEN_RESPONSE,-1.4959434424810671,0.053749825805425644,100
Cellular Response To Interleukin-6 (GO:0071354),-1.4959535206371508,0.2679375410079956,23
Regulation Of Animal Organ Morphogenesis (GO:2000027),-1.4961687112270838,0.2799047529697418,9
Alanine Transport (GO:0032328),-1.4968285665498198,0.2679375410079956,12
Endoplasmic Reticulum To Golgi Vesicle-Mediated Transport (GO:0006888),-1.497586434284636,0.08798368275165558,115
Positive Regulation Of Monocyte Chemotaxis (GO:0090026),-1.499321974376388,0.1861792802810669,18
Cellular Response To Heat (GO:0034605),-1.4994185958831396,0.22817571461200714,40
Negative Regulation Of Actin Filament Polymerization (GO:0030837),-1.4995406935280677,0.1933388113975525,23
Response To Ethanol (GO:0045471),-1.4995450064764668,0.29823604226112366,18
Regulation Of NIK/NF-kappaB Signaling (GO:1901222),-1.5007039169668168,0.11012877523899078,83
Positive Regulation Of Angiogenesis (GO:0045766),-1.5009628254971499,0.053749825805425644,119
Estrogen Biosynthetic Process (GO:0006703),-1.5016675781372275,0.22996215522289276,7
Calcium Import Into The Mitochondrion (GO:0036444),-1.5022206193955943,0.2348085641860962,9
Purine Nucleotide Metabolic Process (GO:0006163),-1.502466848586266,0.14164167642593384,34
Negative Regulation Of Lipid Localization (GO:1905953),-1.5030430717847767,0.21176843345165253,9
Response To Interferon-Alpha (GO:0035455),-1.5039032534451247,0.20672594010829926,17
Sterol Biosynthetic Process (GO:0016126),-1.5040171484120886,0.21167099475860596,28
Regulation Of Inflammatory Response (GO:0050727),-1.505517047175022,0.0,240
Negative Regulation Of Catecholamine Secretion (GO:0033604),-1.506210684879198,0.17023606598377228,6
Long-Chain Fatty Acid Metabolic Process (GO:0001676),-1.5063569960534575,0.08798368275165558,78
Modulation By Host Of Viral Process (GO:0044788),-1.5075514675115742,0.2065822035074234,22
Intrinsic Apoptotic Signaling Pathway By P53 Class Mediator (GO:0072332),-1.5090802660579186,0.21547921001911163,35
Mitochondrion Organization (GO:0007005),-1.5097084972345955,0.0,162
Apoptotic Mitochondrial Changes (GO:0008637),-1.5098645913721445,0.14164167642593384,34
Regulation Of Monocyte Chemotaxis (GO:0090025),-1.510835212684991,0.23284386098384857,25
Positive Regulation Of Fibroblast Proliferation (GO:0048146),-1.5111865561189526,0.11917814612388611,28
Negative Regulation Of Leukocyte Activation (GO:0002695),-1.5111945194209344,0.2667597830295563,17
ERK1 And ERK2 Cascade (GO:0070371),-1.5117246382898533,0.2213539481163025,24
Protein Insertion Into Mitochondrial Membrane (GO:0051204),-1.5119583995921901,0.20503972470760345,28
Negative Regulation Of Endopeptidase Activity (GO:0010951),-1.5127395876347496,0.13946695625782013,66
Mitochondrial Transport (GO:0006839),-1.5133721646315066,0.14002199470996857,53
Regulation Of B Cell Differentiation (GO:0045577),-1.5136812076525785,0.1934736967086792,19
Negative Regulation Of Protein Processing (GO:0010955),-1.5138319169107868,0.19546782970428467,15
Positive Regulation Of Tumor Necrosis Factor Superfamily Cytokine Production (GO:1903557),-1.5141761538060736,0.11012877523899078,82
Steroid Hormone Biosynthetic Process (GO:0120178),-1.514444841408703,0.2727261781692505,19
Regulation Of CoA-transferase Activity (GO:1905918),-1.5147647033181797,0.21167099475860596,7
Positive Regulation Of CoA-transferase Activity (GO:1905920),-1.5147647033181797,0.21167099475860596,7
Regulation Of Mononuclear Cell Migration (GO:0071675),-1.5154231699604708,0.22008834779262543,22
Microglial Cell Activation (GO:0001774),-1.5156004823641893,0.21547921001911163,20
HALLMARK_COMPLEMENT,-1.5159757874098716,0.0,200
Response To Cytokine (GO:0034097),-1.5165677440163254,0.0,125
Positive Regulation Of G Protein-Coupled Receptor Signaling Pathway (GO:0045745),-1.5167626388385653,0.22397811710834503,18
Regulation Of Macrophage Activation (GO:0043030),-1.5175771813465315,0.17572836577892303,31
Protein Insertion Into ER Membrane (GO:0045048),-1.517668001687559,0.21167099475860596,29
Response To UV-A (GO:0070141),-1.5188815910698228,0.2699751555919647,13
Inorganic Anion Transport (GO:0015698),-1.5190852444925382,0.14002199470996857,58
Positive Regulation Of Mononuclear Cell Migration (GO:0071677),-1.5195766348216946,0.16486158967018127,31
Positive Regulation Of Monocyte Differentiation (GO:0045657),-1.519678957139445,0.20398755371570587,9
Regulation Of Defense Response To Virus (GO:0050688),-1.5198434470054438,0.19675302505493164,18
3'-UTR-mediated mRNA Destabilization (GO:0061158),-1.5208930380680943,0.1456569880247116,15
Positive Regulation Of Skeletal Muscle Fiber Development (GO:0048743),-1.52200320906527,0.10572199523448944,5
Copper Ion Homeostasis (GO:0055070),-1.522173010672034,0.2574026584625244,14
Protein Insertion Into ER Membrane By Stop-Transfer Membrane-Anchor Sequence (GO:0045050),-1.5225257708969018,0.17023606598377228,9
Positive Regulation Of Cytoplasmic Translation (GO:2000767),-1.5233507735841183,0.2181195318698883,14
Positive Regulation Of Endothelial Cell Apoptotic Process (GO:2000353),-1.5235443262189223,0.22008834779262543,15
T-helper Cell Lineage Commitment (GO:0002295),-1.525157360187392,0.22397811710834503,10
Humoral Immune Response Mediated By Circulating Immunoglobulin (GO:0002455),-1.5264426885156925,0.06353052705526352,5
Positive Regulation Of Cell Death (GO:0010942),-1.5265089195271435,0.18405836820602417,50
HALLMARK_FATTY_ACID_METABOLISM,-1.526870189685845,0.0,157
Atrial Cardiac Muscle Cell To AV Node Cell Signaling (GO:0086026),-1.5280114249234666,0.1566433608531952,7
Regulation Of cGMP-mediated Signaling (GO:0010752),-1.5290519684177564,0.06296060979366302,5
Positive Regulation Of Mesenchymal Cell Proliferation (GO:0002053),-1.529187103316497,0.2051287740468979,9
Regulation Of Lipid Biosynthetic Process (GO:0046890),-1.529496711611286,0.17526380717754364,28
Positive Regulation Of Defense Response (GO:0031349),-1.5310904921423936,0.0,124
Response To Interferon-Beta (GO:0035456),-1.5340624415025306,0.14493225514888763,29
Negative Regulation Of NIK/NF-kappaB Signaling (GO:1901223),-1.534283631711636,0.2549150586128235,27
Regulation Of Phagocytosis (GO:0050764),-1.534413695419132,0.11402012407779694,58
Positive Regulation Of Epithelial Cell Apoptotic Process (GO:1904037),-1.535200159156721,0.20672594010829926,23
Establishment Of Protein Localization To Endoplasmic Reticulum (GO:0072599),-1.5354764853807543,0.1672295182943344,16
HALLMARK_COAGULATION,-1.5357803486045178,0.053749825805425644,138
Response To Exogenous dsRNA (GO:0043330),-1.5360861805457628,0.09288350492715836,35
Positive Regulation Of Interleukin-6 Production (GO:0032755),-1.5364145690728308,0.08798368275165558,76
Positive Regulation Of Vasculature Development (GO:1904018),-1.536438640190407,0.0,104
HALLMARK_CHOLESTEROL_HOMEOSTASIS,-1.5368208804709917,0.08798368275165558,74
Positive Regulation Of Lymphocyte Differentiation (GO:0045621),-1.537669796625838,0.17023606598377228,39
Biogenic Amine Biosynthetic Process (GO:0042401),-1.5379919279491632,0.18872740864753723,11
Positive Regulation Of p38MAPK Cascade (GO:1900745),-1.5397841250170452,0.26112961769104004,24
Regulation Of Viral Life Cycle (GO:1903900),-1.54042720157865,0.21167099475860596,24
Positive Regulation Of Tumor Necrosis Factor Production (GO:0032760),-1.5411819334950034,0.05418439581990242,78
"Regulation Of Nuclear-Transcribed mRNA Catabolic Process, Deadenylation-Dependent Decay (GO:1900151)",-1.5416113318021736,0.14493225514888763,23
Positive Regulation Of Phagocytosis (GO:0050766),-1.542002026524743,0.14002199470996857,60
Monoatomic Anion Transport (GO:0006820),-1.5420756243712,0.08888740837574005,57
Unsaturated Fatty Acid Metabolic Process (GO:0033559),-1.5422528309410322,0.14119572937488556,49
Positive Regulation Of Chemokine Production (GO:0032722),-1.5423395305215877,0.17023606598377228,53
"Mitochondrial Electron Transport, Cytochrome C To Oxygen (GO:0006123)",-1.5427856899460854,0.20963506400585175,16
Regulation Of Erythrocyte Differentiation (GO:0045646),-1.5428547240194896,0.15961891412734985,36
Negative Regulation Of Response To Endoplasmic Reticulum Stress (GO:1903573),-1.5428867985846049,0.16570614278316498,25
Negative Regulation Of Leukocyte Proliferation (GO:0070664),-1.543023943271105,0.06296060979366302,7
Positive Regulation Of Erythrocyte Differentiation (GO:0045648),-1.5433652817212824,0.19193027913570404,26
Positive Regulation Of Blood Coagulation (GO:0030194),-1.543536475039675,0.14493225514888763,21
Biomineral Tissue Development (GO:0031214),-1.5435948994071196,0.10105820000171661,9
Cellular Response To Tumor Necrosis Factor (GO:0071356),-1.5437504692901591,0.0,119
Cellular Response To Copper Ion (GO:0071280),-1.544336250353608,0.1456569880247116,20
Regulation Of Amyloid-Beta Formation (GO:1902003),-1.5455994700438753,0.19054745137691498,33
Mitochondrial Calcium Ion Homeostasis (GO:0051560),-1.5471696103545305,0.1933388113975525,21
Regulation Of Fibroblast Proliferation (GO:0048145),-1.54843373389822,0.05488167703151703,46
Positive Regulation Of Defense Response To Virus By Host (GO:0002230),-1.55001091913062,0.19067737460136414,28
Response To dsRNA (GO:0043331),-1.5506654326993135,0.11917814612388611,25
Regulation Of Apoptotic Cell Clearance (GO:2000425),-1.5530029287129976,0.06296060979366302,7
Mitochondrial Respiratory Chain Complex Assembly (GO:0033108),-1.5536718172947965,0.08798368275165558,90
Negative Regulation Of NF-kappaB Transcription Factor Activity (GO:0032088),-1.5537163759035708,0.05418439581990242,81
Growth Hormone Receptor Signaling Pathway (GO:0060396),-1.5539827527459749,0.12319079786539078,17
Cellular Response To Interleukin-15 (GO:0071350),-1.5544665618212943,0.17023606598377228,10
Interleukin-15-Mediated Signaling Pathway (GO:0035723),-1.5544665618212943,0.17023606598377228,10
Cellular Response To UV-A (GO:0071492),-1.5544824503956707,0.21167099475860596,10
Epiboly Involved In Wound Healing (GO:0090505),-1.554829911118183,0.17955346405506134,15
Positive Regulation Of Fat Cell Differentiation (GO:0045600),-1.5554501385936559,0.1146925762295723,50
Intracellular Copper Ion Homeostasis (GO:0006878),-1.5555912388211055,0.21167099475860596,11
Keratinocyte Proliferation (GO:0043616),-1.555919448525691,0.13772855699062347,6
Cellular Response To Type II Interferon (GO:0071346),-1.5569442106506164,0.05488167703151703,66
HALLMARK_ADIPOGENESIS,-1.5576692447087896,0.0,200
Cytoplasmic Sequestering Of NF-kappaB (GO:0007253),-1.5579592870329515,0.10105820000171661,7
Sequestering Of Actin Monomers (GO:0042989),-1.560684101421437,0.10105820000171661,8
Glycolytic Process (GO:0006096),-1.560945870575468,0.11857304722070694,29
Cellular Response To Lipopolysaccharide (GO:0071222),-1.5624259115814032,0.0,124
Linoleic Acid Metabolic Process (GO:0043651),-1.566816343248545,0.17837171256542206,19
Positive Regulation Of Coagulation (GO:0050820),-1.56745708166281,0.15011508762836456,11
Positive Regulation Of Hemostasis (GO:1900048),-1.56745708166281,0.15011508762836456,11
HALLMARK_INFLAMMATORY_RESPONSE,-1.567636048753048,0.0,200
Establishment Of Protein Localization To Mitochondrion (GO:0072655),-1.5679380247596624,0.05488167703151703,44
Regulation Of Innate Immune Response (GO:0045088),-1.5702174955131603,0.08798368275165558,78
Zinc Ion Transmembrane Transport (GO:0071577),-1.570920661818047,0.14493225514888763,21
Response To Zinc Ion (GO:0010043),-1.571462719359339,0.0575629398226738,25
Release Of Cytochrome C From Mitochondria (GO:0001836),-1.5725532477318733,0.16481755673885345,19
HALLMARK_MTORC1_SIGNALING,-1.577310536925502,0.0,200
Antigen Processing And Presentation Of Endogenous Peptide Antigen (GO:0002483),-1.578019459768823,0.098159059882164,21
Regulation Of Extrinsic Apoptotic Signaling Pathway Via Death Domain Receptors (GO:1902041),-1.5791709938539873,0.11766431480646133,31
Negative Regulation Of Peptidase Activity (GO:0010466),-1.5803709991655566,0.05488167703151703,60
G Protein-Coupled Acetylcholine Receptor Signaling Pathway (GO:0007213),-1.580810625746578,0.18353620171546936,17
Positive Regulation Of Cytokine-Mediated Signaling Pathway (GO:0001961),-1.5808405541143122,0.05531078577041626,44
Zinc Ion Transport (GO:0006829),-1.5831048495405176,0.11917814612388611,23
Fatty Acid Biosynthetic Process (GO:0006633),-1.5832184518284562,0.0,65
Response To Copper Ion (GO:0046688),-1.5835040551725548,0.0930459126830101,24
Negative Regulation Of Viral Entry Into Host Cell (GO:0046597),-1.5847573410707905,0.06053197383880615,18
Tumor Necrosis Factor-Mediated Signaling Pathway (GO:0033209),-1.5875773621269573,0.0,38
Regulation Of Cysteine-Type Endopeptidase Activity (GO:2000116),-1.5885694058356905,0.05830280855298042,24
Cellular Response To Molecule Of Bacterial Origin (GO:0071219),-1.58919882721143,0.0,117
Regulation Of Macrophage Derived Foam Cell Differentiation (GO:0010743),-1.5925223874913788,0.16254132986068726,30
Positive Regulation Of Lipid Localization (GO:1905954),-1.5944053807501553,0.09956806898117065,10
Negative Regulation Of DNA Binding (GO:0043392),-1.5969858490671136,0.0,29
Antigen Processing And Presentation Of Peptide Antigen Via MHC Class I (GO:0002474),-1.5978936830307002,0.1674913913011551,18
NADH Dehydrogenase Complex Assembly (GO:0010257),-1.5979353042614104,0.08888740837574005,53
Mitochondrial Respiratory Chain Complex I Assembly (GO:0032981),-1.5979353042614104,0.08888740837574005,53
Regulation Of Intestinal Cholesterol Absorption (GO:0030300),-1.601703953492571,0.06296060979366302,6
Positive Regulation Of Endopeptidase Activity (GO:0010950),-1.603460622726124,0.14493225514888763,29
Secondary Alcohol Biosynthetic Process (GO:1902653),-1.6035671259566049,0.14493225514888763,24
Positive Regulation Of Apoptotic Cell Clearance (GO:2000427),-1.6070461691613371,0.06296060979366302,7
Intracellular Zinc Ion Homeostasis (GO:0006882),-1.60733930141088,0.09490682929754257,17
Omega-Hydroxylase P450 Pathway (GO:0097267),-1.6083033533053421,0.061389412730932236,10
HALLMARK_IL6_JAK_STAT3_SIGNALING,-1.6094155537473813,0.0,87
ATP Biosynthetic Process (GO:0006754),-1.6110110247957106,0.09490682929754257,25
Regulation Of Cholesterol Storage (GO:0010885),-1.6153924954422878,0.06071063503623009,14
Regulation Of Plasminogen Activation (GO:0010755),-1.61551777474911,0.0979505106806755,16
Response To Glucocorticoid (GO:0051384),-1.6216013835841014,0.0,26
Cholesterol Biosynthetic Process (GO:0006695),-1.6229198507343392,0.0930459126830101,25
Positive Regulation Of Inflammatory Response (GO:0050729),-1.6252020671386804,0.0,104
Peptide Cross-Linking (GO:0018149),-1.6276963513682263,0.14493225514888763,27
Cellular Response To Glucocorticoid Stimulus (GO:0071385),-1.6398936353298628,0.1243065670132637,17
Cellular Response To Type I Interferon (GO:0071357),-1.6413976026098447,0.0,38
Regulation Of Endopeptidase Activity (GO:0052548),-1.645035932849461,0.0,69
Positive Regulation Of Protein Processing (GO:0010954),-1.6461101729433205,0.0,20
Response To Type II Interferon (GO:0034341),-1.6484515361688539,0.0,80
Negative Regulation Of Lipid Storage (GO:0010888),-1.6485573508902396,0.0,18
Long-Chain Fatty Acid Biosynthetic Process (GO:0042759),-1.6486458277242677,0.0930459126830101,25
Cellular Respiration (GO:0045333),-1.6541284007104298,0.0,85
Negative Regulation Of Viral Life Cycle (GO:1903901),-1.6628745108918295,0.0,20
Type I Interferon-Mediated Signaling Pathway (GO:0060337),-1.6668797525469654,0.0,37
Cellular Response To Corticosteroid Stimulus (GO:0071384),-1.6673431625814081,0.06053197383880615,15
Negative Regulation Of Transcription Regulatory Region DNA Binding (GO:2000678),-1.6691079920918375,0.09737888723611832,14
"Mitochondrial Electron Transport, NADH To Ubiquinone (GO:0006120)",-1.6758818450990363,0.0,34
HALLMARK_MYC_TARGETS_V1,-1.678890572035567,0.0,200
Negative Regulation Of Macrophage Derived Foam Cell Differentiation (GO:0010745),-1.6846615257071489,0.0,12
Cellular Response To Zinc Ion (GO:0071294),-1.690673388776485,0.0,15
Sodium-Dependent Phosphate Transport (GO:0044341),-1.6914439513322026,0.0,7
HALLMARK_REACTIVE_OXYGEN_SPECIES_PATHWAY,-1.6945520371470948,0.0,49
Interferon-Mediated Signaling Pathway (GO:0140888),-1.712645324901642,0.0,49
Positive Regulation Of Lipid Storage (GO:0010884),-1.7168587329042975,0.0,20
HALLMARK_ALLOGRAFT_REJECTION,-1.7284667421639994,0.0,200
HALLMARK_INTERFERON_ALPHA_RESPONSE,-1.748701250566759,0.0,97
T Cell Activation Involved In Immune Response (GO:0002286),-1.7576890385805386,0.0,27
Regulation Of Lipid Storage (GO:0010883),-1.7589241054365081,0.0,21
Aerobic Respiration (GO:0009060),-1.7632915542286962,0.0,59
Lymphocyte Activation Involved In Immune Response (GO:0002285),-1.7651286208582886,0.0,23
Response To Fatty Acid (GO:0070542),-1.7752593053877634,0.0,19
Cellular Response To Fatty Acid (GO:0071398),-1.7753631215665902,0.0,16
Regulation Of Viral Entry Into Host Cell (GO:0046596),-1.7914389625879819,0.0,44
Proton Motive Force-Driven ATP Synthesis (GO:0015986),-1.8038394752479017,0.0,60
Proton Motive Force-Driven Mitochondrial ATP Synthesis (GO:0042776),-1.8193094853469458,0.0,53
Aerobic Electron Transport Chain (GO:0019646),-1.8196849685421013,0.0,68
Mitochondrial ATP Synthesis Coupled Electron Transport (GO:0042775),-1.833235585341545,0.0,70
HALLMARK_OXIDATIVE_PHOSPHORYLATION,-1.8351712971530052,0.0,200
Oxidative Phosphorylation (GO:0006119),-1.8420158700463052,0.0,63
HALLMARK_INTERFERON_GAMMA_RESPONSE,-1.8498097188735234,0.0,200
