pathway,NES,padj,size
Retina Homeostasis (GO:0001895),1.9279510546950962,0.0,39
HALLMARK_MYC_TARGETS_V1,1.9189924114208987,0.0,200
Lymphocyte Activation Involved In Immune Response (GO:0002285),1.9175721155370244,0.0,23
Proton Motive Force-Driven ATP Synthesis (GO:0015986),1.8962497081038194,0.0,60
Proton Motive Force-Driven Mitochondrial ATP Synthesis (GO:0042776),1.8803384540946244,0.0,53
Mitochondrial ATP Synthesis Coupled Electron Transport (GO:0042775),1.8762696030149744,0.0,70
Oxidative Phosphorylation (GO:0006119),1.8727783586324844,0.0,63
Aerobic Electron Transport Chain (GO:0019646),1.8694401592393555,0.0,68
Type I Interferon-Mediated Signaling Pathway (GO:0060337),1.8162188550261047,0.0,37
HALLMARK_OXIDATIVE_PHOSPHORYLATION,1.8076959056697899,0.0,200
Cellular Respiration (GO:0045333),1.8035033770829367,0.0,85
HALLMARK_INTERFERON_ALPHA_RESPONSE,1.7952484930057777,0.0,97
Aerobic Respiration (GO:0009060),1.7873548746384564,0.0,59
HALLMARK_INTERFERON_GAMMA_RESPONSE,1.7778390810374627,0.0,200
Cellular Response To Type I Interferon (GO:0071357),1.7728061550566843,0.0,38
Protein N-linked Glycosylation Via Asparagine (GO:0018279),1.766012360941482,0.0,23
Collagen Fibril Organization (GO:0030199),1.7577772084519483,0.0,42
Response To Ethanol (GO:0045471),1.750454981035512,0.0,18
HALLMARK_ALLOGRAFT_REJECTION,1.7453129245441812,0.0,200
"Mitochondrial Electron Transport, NADH To Ubiquinone (GO:0006120)",1.7392119555061256,0.0,34
T Cell Activation Involved In Immune Response (GO:0002286),1.732012587318852,0.0,27
Interferon-Mediated Signaling Pathway (GO:0140888),1.730641995065885,0.0,49
ATP Biosynthetic Process (GO:0006754),1.7257370743198057,0.0,25
B Cell Receptor Signaling Pathway (GO:0050853),1.715953604802292,0.0,46
HALLMARK_ANGIOGENESIS,1.6867829702328012,0.0,36
Cellular Response To Superoxide (GO:0071451),1.683985709271553,0.0,11
Superoxide Metabolic Process (GO:0006801),1.680505773114533,0.0,34
Mitochondrial Respiratory Chain Complex I Assembly (GO:0032981),1.6787785051420168,0.0,53
NADH Dehydrogenase Complex Assembly (GO:0010257),1.6787785051420168,0.0,53
Arp2/3 Complex-Mediated Actin Nucleation (GO:0034314),1.6750095526802355,0.0,19
Heterotypic Cell-Cell Adhesion (GO:0034113),1.6748352612502755,0.034008026123046875,29
Positive Regulation Of T Cell Activation (GO:0050870),1.6733795203657762,0.0,107
Regulation Of Respiratory Burst (GO:0060263),1.6670958872132258,0.03630266711115837,10
Endoplasmic Reticulum To Golgi Vesicle-Mediated Transport (GO:0006888),1.6652336049935892,0.0,115
Cellular Response To Virus (GO:0098586),1.662077374425169,0.0,64
HALLMARK_MTORC1_SIGNALING,1.6594209238038355,0.0,200
Maintenance Of Protein Localization In Endoplasmic Reticulum (GO:0035437),1.6577314350292822,0.03589599207043648,11
Protein Exit From Endoplasmic Reticulum (GO:0032527),1.6577213608552275,0.0,24
Protein Retention In ER Lumen (GO:0006621),1.6570556064127286,0.037138890475034714,7
Actin Nucleation (GO:0045010),1.6556654991199964,0.0,23
HALLMARK_UNFOLDED_PROTEIN_RESPONSE,1.6553026312853023,0.0,113
Protein Insertion Into ER Membrane (GO:0045048),1.6545697110214173,0.034008026123046875,29
Removal Of Superoxide Radicals (GO:0019430),1.6542988504966776,0.0,10
Negative Regulation Of Striated Muscle Cell Apoptotic Process (GO:0010664),1.6541430865462692,0.0,7
Establishment Of Protein Localization To Mitochondrion (GO:0072655),1.6505247452848224,0.0,44
HALLMARK_REACTIVE_OXYGEN_SPECIES_PATHWAY,1.6500610123185262,0.0,49
Regulation Of B Cell Differentiation (GO:0045577),1.6498578405916053,0.0,19
Extracellular Matrix Disassembly (GO:0022617),1.645606316141669,0.0,44
Regulation Of T Cell Differentiation (GO:0045580),1.637950663754414,0.0,47
Positive Regulation Of CoA-transferase Activity (GO:1905920),1.6370783207313921,0.0,7
Regulation Of CoA-transferase Activity (GO:1905918),1.6370783207313921,0.0,7
Mitochondrial Respiratory Chain Complex Assembly (GO:0033108),1.6370429106891629,0.0,90
Regulation Of Oxidative Stress-Induced Intrinsic Apoptotic Signaling Pathway (GO:1902175),1.6354186384739047,0.062335725873708725,18
HALLMARK_GLYCOLYSIS,1.6305399512802379,0.0,200
Regulation Of Lymphocyte Differentiation (GO:0045619),1.6237802219569102,0.03512874245643616,19
Cellular Component Disassembly (GO:0022411),1.6226898926350832,0.033502474427223206,46
Positive Regulation Of Lymphocyte Differentiation (GO:0045621),1.62107346674371,0.0,39
Mitochondrial Transport (GO:0006839),1.620719616092392,0.0,53
Response To Interferon-Beta (GO:0035456),1.6206271076432857,0.06050184369087219,29
Fatty Acid Homeostasis (GO:0055089),1.6159876435347806,0.09156227856874466,10
Ubiquitin-Dependent ERAD Pathway (GO:0030433),1.6142601339702818,0.0,73
Positive Regulation Of Telomerase RNA Localization To Cajal Body (GO:1904874),1.613626022877195,0.08789258450269699,14
"Mitochondrial Electron Transport, Cytochrome C To Oxygen (GO:0006123)",1.6102398629283148,0.08820231258869171,16
Sequestering Of Actin Monomers (GO:0042989),1.6063721956050043,0.0,8
ERAD Pathway (GO:0036503),1.6057047204170785,0.0,89
Antigen Processing And Presentation Of Peptide Antigen Via MHC Class I (GO:0002474),1.6020123600127685,0.06264422088861465,18
Skin Morphogenesis (GO:0043589),1.600663613612542,0.09347090125083923,8
Cytoplasmic Translational Initiation (GO:0002183),1.6005271184040435,0.06114970147609711,30
Regulation Of T Cell Activation (GO:0050863),1.599017994415337,0.0,62
Antigen Receptor-Mediated Signaling Pathway (GO:0050851),1.597920099402058,0.0,134
Regulation Of Translational Initiation (GO:0006446),1.5963899203567693,0.0,65
Positive Regulation Of Peptidase Activity (GO:0010952),1.5947991783476434,0.0,25
T Cell Activation (GO:0042110),1.5938392886988741,0.0,111
Intracellular Sequestering Of Iron Ion (GO:0006880),1.5937498067960811,0.0,6
Translation (GO:0006412),1.593306977658505,0.0,234
Negative Regulation Of Cardiac Muscle Cell Apoptotic Process (GO:0010667),1.592709805150337,0.0,5
Positive Regulation Of Lamellipodium Assembly (GO:0010592),1.590532295404727,0.06138518452644348,23
Noradrenergic Neuron Differentiation (GO:0003357),1.5866453259133293,0.0,6
Macromolecule Biosynthetic Process (GO:0009059),1.5825597277037073,0.0,183
Protein Targeting To Mitochondrion (GO:0006626),1.5821033541273708,0.03315972164273262,59
Regulation Of Viral Entry Into Host Cell (GO:0046596),1.5811258026022512,0.0,44
"Synaptic Transmission, Cholinergic (GO:0007271)",1.580383284012899,0.03513335809111595,16
Central Nervous System Neuron Axonogenesis (GO:0021955),1.578556483681361,0.11221267282962799,11
Natural Killer Cell Activation Involved In Immune Response (GO:0002323),1.5777220950267417,0.0347667820751667,22
Antimicrobial Humoral Response (GO:0019730),1.5764177053553756,0.0,100
Regulation Of Monocyte Differentiation (GO:0045655),1.575923616352665,0.10790960490703583,15
Protein N-linked Glycosylation (GO:0006487),1.574932405899356,0.0,64
Mitochondrial Respirasome Assembly (GO:0097250),1.5706015133069295,0.06661144644021988,10
Biomineral Tissue Development (GO:0031214),1.5701179135173626,0.0918143093585968,9
Protein Targeting To ER (GO:0045047),1.5690784586711273,0.0347667820751667,23
Establishment Of Protein Localization To Endoplasmic Reticulum (GO:0072599),1.568295921526483,0.10617747157812119,16
protein-DNA Complex Disassembly (GO:0032986),1.5675265085595254,0.14229460060596466,20
Positive Regulation Of Respiratory Burst (GO:0060267),1.5665843140240134,0.09351503103971481,8
Lactate Metabolic Process (GO:0006089),1.563913090388087,0.06661144644021988,7
Regulation Of Trophoblast Cell Migration (GO:1901163),1.5603452552445214,0.06342542171478271,13
Cotranslational Protein Targeting To Membrane (GO:0006613),1.5602735308213371,0.14259052276611328,13
Peptide Cross-Linking (GO:0018149),1.5581468070215376,0.13764065504074097,27
HALLMARK_EPITHELIAL_MESENCHYMAL_TRANSITION,1.55639399008128,0.0,200
Regulation Of T Cell Receptor Signaling Pathway (GO:0050856),1.5562667184121848,0.0831015482544899,34
Positive Regulation Of Monocyte Differentiation (GO:0045657),1.5546522322519183,0.0,9
Mitochondrion Transport Along Microtubule (GO:0047497),1.5539408566279345,0.10734644532203674,14
Proton Transmembrane Transport (GO:1902600),1.5499682423720944,0.05919530615210533,49
Regulation Of Telomerase RNA Localization To Cajal Body (GO:1904872),1.546485668502684,0.10478056222200394,17
Glycolytic Process (GO:0006096),1.5459963601502855,0.0,29
Positive Regulation Of Interleukin-12 Production (GO:0032735),1.5455412718796846,0.06009528785943985,33
U2-type Prespliceosome Assembly (GO:1903241),1.5428668043821856,0.08484220504760742,23
Regulation Of Endopeptidase Activity (GO:0052548),1.5385842176952274,0.0,69
Lipoprotein Catabolic Process (GO:0042159),1.537129086156584,0.1595139056444168,10
Protein Import Into Mitochondrial Matrix (GO:0030150),1.5358408903629923,0.14014920592308044,18
Protein Insertion Into Mitochondrial Membrane (GO:0051204),1.5333172962261556,0.1493854820728302,28
Adrenal Gland Development (GO:0030325),1.5324775590773512,0.15776218473911285,9
Positive Regulation Of Cytoplasmic Translation (GO:2000767),1.5316834250904303,0.06342542171478271,14
Lysosomal Lumen Acidification (GO:0007042),1.5316653019495088,0.06264422088861465,18
Leukocyte Tethering Or Rolling (GO:0050901),1.531596342327958,0.10617747157812119,17
HALLMARK_PI3K_AKT_MTOR_SIGNALING,1.5284135064472875,0.0,105
Regulation Of Leukocyte Migration (GO:0002685),1.5267894056782934,0.15409313142299652,13
Regulation Of B Cell Proliferation (GO:0030888),1.524466955596403,0.08171123266220093,44
Response To Unfolded Protein (GO:0006986),1.5218232029021537,0.033502474427223206,44
Positive Regulation By Symbiont Of Entry Into Host (GO:0075294),1.5215082336290426,0.14321784675121307,12
Positive Regulation Of Viral Entry Into Host Cell (GO:0046598),1.5215082336290426,0.14321784675121307,12
Regulation Of Cysteine-Type Endopeptidase Activity (GO:2000116),1.5211398527308961,0.10462170839309692,24
Intracellular Protein Transmembrane Transport (GO:0065002),1.5203097933896976,0.08102375268936157,46
Positive Regulation Of Amyloid-Beta Clearance (GO:1900223),1.519723581037537,0.1128704622387886,6
Hexose Biosynthetic Process (GO:0019319),1.518845821742515,0.06009528785943985,35
Nucleosome Disassembly (GO:0006337),1.516370344142805,0.1878265142440796,18
Antimicrobial Humoral Immune Response Mediated By Antimicrobial Peptide (GO:0061844),1.51607297906327,0.0,65
Modification-Dependent Macromolecule Catabolic Process (GO:0043632),1.5154183115531716,0.1495233029127121,8
Negative Regulation Of Viral Genome Replication (GO:0045071),1.5137995572074987,0.03315972164273262,53
Positive Regulation Of B Cell Activation (GO:0050871),1.5134193497821085,0.0,52
Endodermal Cell Differentiation (GO:0035987),1.5119437994165754,0.11905716359615326,31
Positive Regulation Of Viral Life Cycle (GO:1903902),1.5118105838703042,0.10478056222200394,22
Positive Regulation Of B Cell Differentiation (GO:0045579),1.5101112916571318,0.17759902775287628,10
Tail-Anchored Membrane Protein Insertion Into ER Membrane (GO:0071816),1.5100097687589054,0.16220806539058685,16
Pyruvate Metabolic Process (GO:0006090),1.5100036986877539,0.08131943643093109,50
Negative Regulation Of T Cell Apoptotic Process (GO:0070233),1.509332965491386,0.11321873217821121,7
Activation Of Cysteine-Type Endopeptidase Activity (GO:0097202),1.5088964464588919,0.12322580814361572,16
Ribosomal Large Subunit Biogenesis (GO:0042273),1.5060608247027183,0.10144013166427612,54
Positive Regulation Of Myoblast Differentiation (GO:0045663),1.503971465147944,0.11761083453893661,38
SRP-dependent Cotranslational Protein Targeting To Membrane (GO:0006614),1.5025221806116673,0.14351460337638855,10
Response To Endoplasmic Reticulum Stress (GO:0034976),1.501378535554044,0.0,114
Ribosome Biogenesis (GO:0042254),1.4999489695869912,0.0,155
Membrane Protein Intracellular Domain Proteolysis (GO:0031293),1.4992251614641587,0.16220806539058685,13
Negative Regulation Of Lymphocyte Differentiation (GO:0045620),1.4986990106013014,0.13764065504074097,6
Positive Regulation Of B Cell Proliferation (GO:0030890),1.4985890423717068,0.14842833578586578,29
rRNA Processing (GO:0006364),1.4977652414866707,0.03315972164273262,101
Positive Regulation Of Lamellipodium Organization (GO:1902745),1.4976534772943502,0.06065348908305168,31
Superoxide Anion Generation (GO:0042554),1.4971989205059564,0.17573317885398865,19
Response To UV-A (GO:0070141),1.497134521954522,0.19536904990673065,13
Humoral Immune Response Mediated By Circulating Immunoglobulin (GO:0002455),1.4965914733311363,0.1521984487771988,5
Response To Cytokine (GO:0034097),1.496338529966513,0.0,125
Regulation Of Superoxide Anion Generation (GO:0032928),1.4946122383439657,0.20189805328845978,14
Gluconeogenesis (GO:0006094),1.4944995065842754,0.1360398828983307,32
Nucleoside Triphosphate Metabolic Process (GO:0009141),1.494343650250633,0.17759902775287628,10
Interleukin-27-Mediated Signaling Pathway (GO:0070106),1.4939092955911675,0.15942084789276123,5
"Retrograde Protein Transport, ER To Cytosol (GO:0030970)",1.4938258082041476,0.1814061999320984,17
Positive Regulation Of Tumor Necrosis Factor Production (GO:0032760),1.4937203767512313,0.059027720242738724,78
Ribonucleoprotein Complex Biogenesis (GO:0022613),1.4936035449287592,0.0,118
Regulation Of Interleukin-12 Production (GO:0032655),1.4935060962857978,0.13414546847343445,50
Membrane Protein Proteolysis (GO:0033619),1.4934397804802866,0.03388391435146332,34
Endoplasmic Reticulum To Cytosol Transport (GO:1903513),1.4932561629419134,0.19536904990673065,15
Regulation Of Stress-Activated Protein Kinase Signaling Cascade (GO:0070302),1.4929144601664657,0.21885742247104645,11
Positive Regulation Of Intrinsic Apoptotic Signaling Pathway (GO:2001244),1.4915765700282255,0.15732303261756897,39
Negative Regulation Of Viral Process (GO:0048525),1.4911026718229186,0.07996252179145813,61
Cellular Response To Interferon-Beta (GO:0035458),1.4905342808526938,0.17830562591552734,22
"Mitochondrial Electron Transport, Ubiquinol To Cytochrome C (GO:0006122)",1.489575185220028,0.23019972443580627,12
Protein Insertion Into ER Membrane By Stop-Transfer Membrane-Anchor Sequence (GO:0045050),1.489311911980415,0.2063271552324295,9
Cellular Response To Interleukin-15 (GO:0071350),1.4888180319079494,0.20030149817466736,10
Interleukin-15-Mediated Signaling Pathway (GO:0035723),1.4888180319079494,0.20030149817466736,10
Regulation Of Viral Genome Replication (GO:0045069),1.4874774475514407,0.03315972164273262,67
"Positive Regulation Of Protein Localization To Chromosome, Telomeric Region (GO:1904816)",1.4868251804235184,0.18681468069553375,11
Zymogen Activation (GO:0031638),1.4868191703251943,0.11546067893505096,45
Positive Regulation Of Chemokine (C-X-C Motif) Ligand 2 Production (GO:2000343),1.4867477927680068,0.20229479670524597,6
Multi-Pass Transmembrane Protein Insertion Into ER Membrane (GO:0160063),1.4867232214212016,0.15776218473911285,8
Cellular Response To Interleukin-9 (GO:0071355),1.4863737686798189,0.17830562591552734,6
Interleukin-9-Mediated Signaling Pathway (GO:0038113),1.4863737686798189,0.17830562591552734,6
Golgi Vesicle Transport (GO:0048193),1.4861538649414674,0.0,197
Positive Regulation Of Leukocyte Differentiation (GO:1902107),1.4855724690929855,0.14647774398326874,7
Membrane Protein Ectodomain Proteolysis (GO:0006509),1.4854074163343496,0.18505510687828064,22
Immunoglobulin Mediated Immune Response (GO:0016064),1.4850649931079052,0.19450455904006958,30
Regulation Of Plasminogen Activation (GO:0010755),1.4844136465142508,0.2089814692735672,16
Protein-Containing Complex Disassembly (GO:0032984),1.4829573177905147,0.03315972164273262,62
Cellular Response To Interleukin-4 (GO:0071353),1.4823281797639465,0.15214955806732178,13
Regulation Of Hydrogen Peroxide Metabolic Process (GO:0010310),1.4817939624331256,0.17359690368175507,5
Endosomal Lumen Acidification (GO:0048388),1.4816184507262373,0.19822825491428375,11
Defense Response To Symbiont (GO:0140546),1.4805311789071742,0.0,148
Positive Regulation Of Establishment Of Protein Localization To Telomere (GO:1904851),1.4804618505214655,0.21738511323928833,9
Positive Regulation Of Endopeptidase Activity (GO:0010950),1.4800241348246808,0.1689268797636032,29
Positive Regulation Of Superoxide Anion Generation (GO:0032930),1.4793665232553275,0.22001439332962036,13
Positive Regulation Of Reactive Oxygen Species Metabolic Process (GO:2000379),1.4790346371300236,0.08102375268936157,48
Proteolysis Involved In Protein Catabolic Process (GO:0051603),1.4786905188521977,0.059027720242738724,78
Negative Regulation Of Viral Life Cycle (GO:1903901),1.4786513782257273,0.19329887628555298,20
Response To Interferon-Alpha (GO:0035455),1.4782882429922994,0.23520424962043762,17
Purine-Containing Compound Biosynthetic Process (GO:0072522),1.477826523522468,0.21520490944385529,17
Positive Regulation Of Defense Response To Virus By Host (GO:0002230),1.4766373654043423,0.16013175249099731,28
"Regulation Of Retrograde Protein Transport, ER To Cytosol (GO:1904152)",1.4765988853395664,0.20212286710739136,12
Positive Regulation Of Adaptive Immune Response (GO:0002821),1.4737353459670273,0.158314511179924,8
Microglial Cell Activation (GO:0001774),1.473673434868141,0.212947815656662,20
HALLMARK_PANCREAS_BETA_CELLS,1.472426371107597,0.10153787583112717,40
Regulation Of B Cell Activation (GO:0050864),1.4721483042691101,0.15776218473911285,25
Regulation Of Fibroblast Apoptotic Process (GO:2000269),1.4717983122129839,0.22621417045593262,8
Antibacterial Humoral Response (GO:0019731),1.4716854669366528,0.13622990250587463,49
Regulation Of Adaptive Immune Response (GO:0002819),1.4716660408705367,0.19329887628555298,18
Protein Targeting (GO:0006605),1.4715418784740104,0.0,129
Positive Regulation Of Multicellular Organism Growth (GO:0040018),1.4714887338664913,0.1497822403907776,6
Inner Mitochondrial Membrane Organization (GO:0007007),1.4708741038927216,0.1896722912788391,34
Regulation Of Protein Localization To Cajal Body (GO:1904869),1.4706505261184555,0.16902655363082886,10
Positive Regulation Of Protein Localization To Cajal Body (GO:1904871),1.4706505261184555,0.16902655363082886,10
Response To Type II Interferon (GO:0034341),1.470462191978348,0.059027720242738724,80
Cellular Response To Interleukin-2 (GO:0071352),1.4700189104858534,0.2288403958082199,7
Interleukin-2-Mediated Signaling Pathway (GO:0038110),1.4700189104858534,0.2288403958082199,7
Regulation Of Cyclic-Nucleotide Phosphodiesterase Activity (GO:0051342),1.4695987361335914,0.20189805328845978,7
Positive Regulation Of Establishment Of Protein Localization (GO:1904951),1.4690604474185704,0.23214323818683624,18
"Post-Translational Protein Targeting To Membrane, Translocation (GO:0031204)",1.4689526940626647,0.212947815656662,7
Signal Peptide Processing (GO:0006465),1.4685391373502665,0.22249726951122284,13
Regulation Of Defense Response To Virus (GO:0050688),1.4685154513631602,0.23631179332733154,18
Substantia Nigra Development (GO:0021762),1.467878893206446,0.15776218473911285,42
Regulation Of T-helper 1 Cell Differentiation (GO:0045625),1.4678708119969859,0.20030149817466736,6
Negative Regulation Of Neuron Migration (GO:2001223),1.4676753865973982,0.13764065504074097,5
Carbohydrate Catabolic Process (GO:0016052),1.4662676061918805,0.1463189721107483,41
CRD-mediated mRNA Stabilization (GO:0070934),1.466042289394132,0.23019972443580627,10
Positive Regulation Of Defense Response (GO:0031349),1.4659861414002724,0.0,124
Negative Regulation Of Fibroblast Proliferation (GO:0048147),1.465843556684823,0.23520424962043762,17
Tumor Necrosis Factor-Mediated Signaling Pathway (GO:0033209),1.4656720935907066,0.1174599826335907,38
Positive Regulation Of Interleukin-10 Production (GO:0032733),1.4654856513742582,0.18505510687828064,30
Positive Regulation Of Macrophage Chemotaxis (GO:0010759),1.4653068783502445,0.18151579797267914,13
Positive Regulation Of Cation Channel Activity (GO:2001259),1.464951832557314,0.15451902151107788,38
Energy Derivation By Oxidation Of Organic Compounds (GO:0015980),1.464587621994732,0.10101906955242157,43
Positive Regulation Of Embryonic Development (GO:0040019),1.4636981611847033,0.22176365554332733,20
Linoleic Acid Metabolic Process (GO:0043651),1.4633808327307052,0.212947815656662,19
ERK1 And ERK2 Cascade (GO:0070371),1.4626235161169405,0.2116064429283142,24
Positive Regulation Of Neutrophil Chemotaxis (GO:0090023),1.4623622665003637,0.17830562591552734,18
Neutrophil Chemotaxis (GO:0030593),1.4617213684848605,0.0,70
COPII-coated Vesicle Budding (GO:0090114),1.4612576273457276,0.14642255008220673,36
Alcohol Catabolic Process (GO:0046164),1.4601964280475739,0.23019972443580627,8
Leukocyte Chemotaxis Involved In Inflammatory Response (GO:0002232),1.4600267787446541,0.1825588345527649,5
Positive Regulation Of ATP Metabolic Process (GO:1903580),1.4598156091365142,0.26339638233184814,9
Positive Regulation Of Microglial Cell Activation (GO:1903980),1.459272293116026,0.212947815656662,5
Regulation Of Defense Response To Virus By Host (GO:0050691),1.4592657447223176,0.18945391476154327,37
Vitamin K Metabolic Process (GO:0042373),1.4591362778471824,0.2765602171421051,8
Establishment Of Protein Localization To Extracellular Region (GO:0035592),1.4590339038133147,0.16220806539058685,45
B Cell Proliferation (GO:0042100),1.4590270102510006,0.1579328179359436,31
Post-Translational Protein Targeting To Endoplasmic Reticulum Membrane (GO:0006620),1.458856045811052,0.2012738138437271,14
Leukocyte Cell-Cell Adhesion (GO:0007159),1.4578608543503195,0.13764065504074097,31
Golgi To Lysosome Transport (GO:0090160),1.4577792062015322,0.22032710909843445,11
Glomerular Filtration (GO:0003094),1.4570374048937065,0.26339638233184814,13
Regulation Of Amyloid Precursor Protein Biosynthetic Process (GO:0042984),1.456828830263318,0.20030149817466736,10
Negative Regulation Of Calcium Ion Import (GO:0090281),1.4567065425140922,0.20030149817466736,5
Positive Regulation Of I-kappaB kinase/NF-kappaB Signaling (GO:0043123),1.4563167355167421,0.0,175
Cytoplasmic Translation (GO:0002181),1.4562626046157978,0.2557589113712311,93
Amyloid Precursor Protein Catabolic Process (GO:0042987),1.4561187791198233,0.21761776506900787,13
Positive Regulation Of Production Of Molecular Mediator Of Immune Response (GO:0002702),1.4557946632704544,0.1463189721107483,38
Protein Insertion Into Membrane (GO:0051205),1.455524085898079,0.22176365554332733,19
Negative Regulation Of Trophoblast Cell Migration (GO:1901164),1.4547435446570895,0.16220806539058685,5
Regulation Of Thymocyte Apoptotic Process (GO:0070243),1.4540445412795187,0.1896722912788391,5
Protein Deneddylation (GO:0000338),1.4539151234046306,0.2734111249446869,10
Positive Regulation Of Lymphocyte Proliferation (GO:0050671),1.453645357565967,0.09734964370727539,74
Vesicle Budding From Membrane (GO:0006900),1.452871784261734,0.2193601280450821,32
Protein Neddylation (GO:0045116),1.4527622269412863,0.21885742247104645,22
Regulation Of Neutrophil Chemotaxis (GO:0090022),1.4522419895420515,0.15776218473911285,25
Macromolecule Modification (GO:0043412),1.4518125473743178,0.03315972164273262,81
Negative Regulation Of T Cell Receptor Signaling Pathway (GO:0050860),1.4503684943153288,0.20635899901390076,18
Extracellular Matrix Organization (GO:0030198),1.4498199765189193,0.0,176
Regulation Of Prostaglandin Biosynthetic Process (GO:0031392),1.4486551558086638,0.2611103653907776,6
Tooth Mineralization (GO:0034505),1.4483748923084783,0.17830562591552734,7
Positive Regulation Of Podosome Assembly (GO:0071803),1.448237162964466,0.24368423223495483,5
Maturation Of LSU-rRNA (GO:0000470),1.4476122748746487,0.22001439332962036,20
Negative Regulation Of Interleukin-12 Production (GO:0032695),1.447454241773975,0.21885742247104645,13
Protein Insertion Into Mitochondrial Inner Membrane (GO:0045039),1.4470005789544766,0.233735129237175,12
"Vesicle Targeting, Rough ER To cis-Golgi (GO:0048207)",1.446600472127643,0.2390851527452469,19
COPII Vesicle Coating (GO:0048208),1.446600472127643,0.2390851527452469,19
Angiotensin Maturation (GO:0002003),1.4462040343347475,0.2734111249446869,8
Regulation Of Angiotensin Levels In Blood (GO:0002002),1.4462040343347475,0.2734111249446869,8
Regulation Of Endoplasmic Reticulum Unfolded Protein Response (GO:1900101),1.4459586412608645,0.26655223965644836,9
Maturation Of SSU-rRNA (GO:0030490),1.4453569514622753,0.21404574811458588,38
High-Density Lipoprotein Particle Assembly (GO:0034380),1.445136701598258,0.2673116624355316,9
HALLMARK_DNA_REPAIR,1.4446754401989825,0.03315972164273262,150
Positive Regulation Of Mononuclear Cell Migration (GO:0071677),1.4438415176310293,0.20189805328845978,31
Membrane Lipid Catabolic Process (GO:0046466),1.4437396826919524,0.22621417045593262,8
Positive Regulation Of Release Of Cytochrome C From Mitochondria (GO:0090200),1.443162656199914,0.20229479670524597,25
Hepoxilin Metabolic Process (GO:0051121),1.4431590124450033,0.23631179332733154,7
Hepoxilin Biosynthetic Process (GO:0051122),1.4431590124450033,0.23631179332733154,7
Chaperone-Mediated Protein Complex Assembly (GO:0051131),1.4428373406245871,0.1869211196899414,21
Antigen Processing And Presentation Of Peptide Antigen Via MHC Class II (GO:0002495),1.4428301009235098,0.23727594316005707,28
Antigen Processing And Presentation Of Exogenous Peptide Antigen Via MHC Class II (GO:0019886),1.4428301009235098,0.23727594316005707,26
Negative Regulation Of Antigen Receptor-Mediated Signaling Pathway (GO:0050858),1.442420688944223,0.20229479670524597,24
rRNA Modification (GO:0000154),1.442375763546221,0.2193601280450821,17
Autophagosome Maturation (GO:0097352),1.4423542072289692,0.11644566059112549,44
Regulation Of Release Of Cytochrome C From Mitochondria (GO:0090199),1.4421637525489115,0.146125927567482,41
Negative Regulation Of Amyloid Precursor Protein Biosynthetic Process (GO:0042985),1.44187911238543,0.2193601280450821,5
Phosphate Ion Transport (GO:0006817),1.4416309615574485,0.24368423223495483,19
"Wound Healing, Spreading Of Cells (GO:0044319)",1.4404248355027602,0.19329887628555298,25
'De Novo' Post-Translational Protein Folding (GO:0051084),1.4401902397220958,0.2193601280450821,32
Positive Regulation Of Interleukin-6 Production (GO:0032755),1.4396120685593463,0.14321784675121307,76
Negative Regulation Of Innate Immune Response (GO:0045824),1.4395596987842565,0.19329887628555298,52
Granulocyte Chemotaxis (GO:0071621),1.4389523637906079,0.03315972164273262,73
Mitochondrial Membrane Organization (GO:0007006),1.4387968634864794,0.21095149219036102,32
Heme Biosynthetic Process (GO:0006783),1.4385149168017957,0.212947815656662,19
Receptor Clustering (GO:0043113),1.4376142801780043,0.21885742247104645,19
Regulation Of Cytokine-Mediated Signaling Pathway (GO:0001959),1.4375362343823972,0.1878265142440796,40
Negative Regulation Of Glycoprotein Biosynthetic Process (GO:0010561),1.4370469113545261,0.2503909468650818,8
Regulation Of Peptidase Activity (GO:0052547),1.4362073992324902,0.22513049840927124,27
Amine Transport (GO:0015837),1.4360542577616273,0.2621568739414215,7
Protein Maturation (GO:0051604),1.4359897849008751,0.0,117
Positive Regulation Of Activated T Cell Proliferation (GO:0042104),1.4357528302174596,0.23963794112205505,19
Formation Of Cytoplasmic Translation Initiation Complex (GO:0001732),1.4354291997395066,0.2734111249446869,14
Regulation Of Type 2 Immune Response (GO:0002828),1.4350391358847956,0.2611103653907776,5
Cap-Dependent Translational Initiation (GO:0002191),1.43494353840698,0.2390851527452469,5
HALLMARK_PROTEIN_SECRETION,1.434550600060579,0.059027720242738724,96
Positive Regulation Of Keratinocyte Proliferation (GO:0010838),1.4340306670289307,0.27224376797676086,11
Cellular Response To Heat (GO:0034605),1.4339948863105751,0.2010677456855774,40
Killing By Host Of Symbiont Cells (GO:0051873),1.4337784169768122,0.2491358518600464,13
Intrinsic Apoptotic Signaling Pathway In Response To DNA Damage By P53 Class Mediator (GO:0042771),1.4337590483048346,0.2390851527452469,19
Negative Regulation Of Myotube Differentiation (GO:0010832),1.4337319590271815,0.2910444438457489,11
Negative Regulation Of NLRP3 Inflammasome Complex Assembly (GO:1900226),1.4333495354715675,0.2682783305644989,13
Regulation Of Type I Interferon Production (GO:0032479),1.4331227064828143,0.14321784675121307,59
Regulation Of cGMP-mediated Signaling (GO:0010752),1.4327659612812562,0.2582375407218933,5
Positive Regulation Of Necrotic Cell Death (GO:0010940),1.4322180369340436,0.25235700607299805,6
Cellular Response To Glucose Starvation (GO:0042149),1.4321291085450232,0.17573317885398865,42
Glucose Metabolic Process (GO:0006006),1.432126244015889,0.05919530615210533,59
Endosome Transport Via Multivesicular Body Sorting Pathway (GO:0032509),1.4320555339689574,0.2336939573287964,24
Regulation Of MHC Class II Biosynthetic Process (GO:0045346),1.431405479092022,0.3019469678401947,14
Positive Regulation Of Cellular Metabolic Process (GO:0031325),1.4313317995498804,0.1335608810186386,56
Long-Chain Fatty Acid Biosynthetic Process (GO:0042759),1.4312708940627352,0.23727594316005707,25
Positive Regulation Of Type I Interferon Production (GO:0032481),1.4307597511145282,0.14321784675121307,64
Positive Regulation Of Leukocyte Cell-Cell Adhesion (GO:1903039),1.4304941996329397,0.2723425328731537,44
"Maturation Of LSU-rRNA From Tricistronic rRNA Transcript (SSU-rRNA, 5.8S rRNA, LSU-rRNA) (GO:0000463)",1.4303513363032072,0.30660662055015564,14
Regulation Of Receptor Binding (GO:1900120),1.430207105066909,0.25681906938552856,9
Positive Regulation Of T Cell Proliferation (GO:0042102),1.430072537359442,0.16194064915180206,65
Positive Regulation Of Leukocyte Adhesion To Vascular Endothelial Cell (GO:1904996),1.429930187143063,0.23248130083084106,17
Axonal Transport Of Mitochondrion (GO:0019896),1.4286666836046047,0.2734111249446869,12
Negative Regulation Of Type I Interferon-Mediated Signaling Pathway (GO:0060339),1.428504205405336,0.2781153917312622,15
Positive Regulation Of Leukocyte Migration (GO:0002687),1.4284594462542133,0.19125956296920776,31
Cellular Response To UV-A (GO:0071492),1.4283770529192337,0.26895129680633545,10
Endoplasmic Reticulum Calcium Ion Homeostasis (GO:0032469),1.428217124009301,0.23407374322414398,20
Synapse Pruning (GO:0098883),1.427428122101594,0.2835230231285095,8
Positive Regulation Of Granulocyte Chemotaxis (GO:0071624),1.4266462020141333,0.1854836642742157,21
Regulation Of Monocyte Chemotactic Protein-1 Production (GO:0071637),1.42635802868214,0.2952716052532196,11
Golgi Lumen Acidification (GO:0061795),1.425645039190385,0.2611103653907776,9
Regulation Of Establishment Of Protein Localization To Telomere (GO:0070203),1.4254018123843497,0.26807719469070435,10
Positive Regulation Of Fibroblast Apoptotic Process (GO:2000271),1.4251596408623468,0.2493644505739212,6
B Cell Activation (GO:0042113),1.4251489645456255,0.09734964370727539,92
Positive Regulation Of Interleukin-1 Production (GO:0032732),1.4245671049610389,0.05919530615210533,64
Regulation Of Cardiac Muscle Cell Apoptotic Process (GO:0010665),1.4245060315361937,0.2835230231285095,10
Positive Regulation Of Cysteine-Type Endopeptidase Activity (GO:2001056),1.424081400795355,0.14321784675121307,64
Positive Regulation Of Erythrocyte Differentiation (GO:0045648),1.423027127927522,0.22621417045593262,26
Ribosomal Small Subunit Biogenesis (GO:0042274),1.4230124280697296,0.19329887628555298,84
Regulation Of Dendritic Cell Chemotaxis (GO:2000508),1.4226688851430367,0.2678939402103424,7
Protein Insertion Into Mitochondrial Outer Membrane (GO:0045040),1.4226659882483106,0.2826685309410095,13
Outer Mitochondrial Membrane Organization (GO:0007008),1.4226659882483106,0.2826685309410095,13
Negative Regulation Of Protein Exit From Endoplasmic Reticulum (GO:0070862),1.4219726428079238,0.27925920486450195,9
ATP Metabolic Process (GO:0046034),1.4201850198390473,0.2493644505739212,34
HALLMARK_E2F_TARGETS,1.4191322849752617,0.0,200
Antigen Processing And Presentation Of Exogenous Peptide Antigen (GO:0002478),1.4190939347480802,0.23699867725372314,31
Positive Regulation Of Establishment Of Protein Localization To Mitochondrion (GO:1903749),1.418821701049458,0.24368423223495483,33
Positive Regulation Of T Cell Differentiation (GO:0045582),1.4185143210752453,0.17830562591552734,64
"Negative Regulation Of Nuclear-Transcribed mRNA Catabolic Process, Deadenylation-Dependent Decay (GO:1900152)",1.4179274828948587,0.27449625730514526,11
High-Density Lipoprotein Particle Remodeling (GO:0034375),1.4179148533969281,0.267764151096344,15
Mononuclear Cell Differentiation (GO:1903131),1.4171339565986978,0.2372971624135971,24
Nucleocytoplasmic Transport (GO:0006913),1.415896675888318,0.187761127948761,50
Epiboly Involved In Wound Healing (GO:0090505),1.4155543509341142,0.2979210913181305,15
Regulation Of Amyloid-Beta Clearance (GO:1900221),1.4154835623005795,0.30028074979782104,15
Regulation Of Macrophage Chemotaxis (GO:0010758),1.4152145718273192,0.2501126527786255,20
Protein Transmembrane Import Into Intracellular Organelle (GO:0044743),1.4149905360859103,0.19536904990673065,32
Regulation Of Receptor-Mediated Endocytosis (GO:0048259),1.4147493875355022,0.2010677456855774,39
Fat-Soluble Vitamin Metabolic Process (GO:0006775),1.414537855054657,0.2676815688610077,24
Lysosomal Membrane Organization (GO:0097212),1.4138638328760538,0.30435237288475037,11
Regulation Of Fibroblast Proliferation (GO:0048145),1.4135402573324403,0.21132075786590576,46
Positive Regulation Of Gastrulation (GO:2000543),1.4131409715549923,0.2933051288127899,6
Nucleotide Biosynthetic Process (GO:0009165),1.4131125497483814,0.2722134292125702,19
Nucleoside Phosphate Biosynthetic Process (GO:1901293),1.4129911984137091,0.27449625730514526,11
T-helper Cell Lineage Commitment (GO:0002295),1.4127310514584694,0.2653481662273407,10
Positive Regulation Of Cellular Senescence (GO:2000774),1.4124914417872036,0.2542187571525574,10
Intracellular Zinc Ion Homeostasis (GO:0006882),1.4123152892653101,0.28680408000946045,17
Regulation Of Leukocyte Adhesion To Vascular Endothelial Cell (GO:1904994),1.4122813390129618,0.31180211901664734,12
Positive Regulation Of Neutrophil Migration (GO:1902624),1.4119692948875902,0.22176365554332733,23
Nucleobase-Containing Small Molecule Interconversion (GO:0015949),1.4117877795216303,0.28040656447410583,7
Hormone Transport (GO:0009914),1.4112911339195597,0.2803571820259094,9
Chaperone Cofactor-Dependent Protein Refolding (GO:0051085),1.4109983181639303,0.2734111249446869,27
Protein Kinase A Signaling (GO:0010737),1.4107237895508495,0.2829841077327728,16
Glycolipid Transport (GO:0046836),1.4105259861530386,0.22369705140590668,5
Positive Regulation Of Translation (GO:0045727),1.4099513414034428,0.059027720242738724,108
Ribosome Assembly (GO:0042255),1.4099409794904763,0.26655223965644836,50
Zinc Ion Transport (GO:0006829),1.409549981400423,0.25951087474823,23
Negative Regulation Of Calcium Ion Transmembrane Transport (GO:1903170),1.4086627501027371,0.2636755704879761,19
HALLMARK_MYC_TARGETS_V2,1.4084330893530297,0.16220806539058685,58
Negative Regulation Of Protein Transport (GO:0051224),1.4083180499436008,0.3070892095565796,25
Regulation Of Tau-Protein Kinase Activity (GO:1902947),1.4081279400417523,0.295863538980484,9
Cell Morphogenesis Involved In Differentiation (GO:0000904),1.4070656972724072,0.27861571311950684,24
Vacuolar Acidification (GO:0007035),1.4069331920321955,0.216817706823349,29
L-aspartate Transmembrane Transport (GO:0070778),1.4069310200416092,0.2734111249446869,5
L-aspartate Import Across Plasma Membrane (GO:0140009),1.4069310200416092,0.2734111249446869,5
Activation Of Cysteine-Type Endopeptidase Activity Involved In Apoptotic Process (GO:0006919),1.4068700457281187,0.1335608810186386,67
Negative Regulation Of Actin Filament Polymerization (GO:0030837),1.4058399548423943,0.2636755704879761,23
Release Of Cytochrome C From Mitochondria (GO:0001836),1.4052294146203743,0.2803571820259094,19
Regulation Of Plasma Membrane Repair (GO:1905684),1.405058691994907,0.2722134292125702,5
Intracellular pH Reduction (GO:0051452),1.4049704621128014,0.2390851527452469,32
Regulation Of Ribonuclease Activity (GO:0060700),1.4041994973320546,0.30441364645957947,5
Regulation Of Cytoplasmic Translation (GO:2000765),1.4040296924835485,0.2636755704879761,24
Regulation Of Activated T Cell Proliferation (GO:0046006),1.4035375257650597,0.2193601280450821,33
Cellular Response To Exogenous dsRNA (GO:0071360),1.4029373314442188,0.3191074728965759,14
Regulation Of Lysosome Organization (GO:1905671),1.4019231976137032,0.2781153917312622,5
HALLMARK_COMPLEMENT,1.4018501794384788,0.0,200
Regulation Of Cellular Respiration (GO:0043457),1.401574123650902,0.3191074728965759,17
Mitochondrial Proton-Transporting ATP Synthase Complex Assembly (GO:0033615),1.4008190671787175,0.3119019865989685,7
Proton-Transporting ATP Synthase Complex Assembly (GO:0043461),1.4008190671787175,0.3119019865989685,7
T Cell Migration (GO:0072678),1.4001153365393415,0.30594292283058167,17
Negative Regulation Of Oxidative Stress-Induced Intrinsic Apoptotic Signaling Pathway (GO:1902176),1.3998988338618237,0.2739676237106323,17
Regulation Of Smooth Muscle Cell Migration (GO:0014910),1.399843893232746,0.2952716052532196,19
"Negative Regulation Of Retrograde Protein Transport, ER To Cytosol (GO:1904153)",1.398847709406341,0.31180211901664734,8
Positive Regulation Of Protein Targeting To Mitochondrion (GO:1903955),1.3985122471459521,0.2734111249446869,30
Regulation Of Granulocyte Differentiation (GO:0030852),1.3982801515201246,0.2871072292327881,9
Peptide Antigen Assembly With MHC Protein Complex (GO:0002501),1.3979563516275844,0.315095990896225,18
Positive Regulation Of ATP-dependent Activity (GO:0032781),1.3972219353694024,0.24854715168476105,39
Regulation Of Aerobic Respiration (GO:1903715),1.3968449883754959,0.2783242166042328,17
Positive Regulation Of Interleukin-1 Beta Production (GO:0032731),1.3955980094577791,0.1869211196899414,57
TORC1 Signaling (GO:0038202),1.3943498312981106,0.32118555903434753,10
Protein Localization To Vacuole (GO:0072665),1.3938683614743088,0.3272682726383209,14
B Cell Differentiation (GO:0030183),1.3932056963026351,0.17830562591552734,68
Defense Response To Virus (GO:0051607),1.3930783387521617,0.0,189
Maturation Of 5.8S rRNA (GO:0000460),1.3928130319082719,0.2790737450122833,16
Positive Regulation Of Monocyte Chemotactic Protein-1 Production (GO:0071639),1.3926847455789009,0.328227698802948,8
Positive Regulation Of Growth (GO:0045927),1.3921171912490027,0.15214955806732178,81
Nuclear Membrane Reassembly (GO:0031468),1.3920174402422671,0.30435237288475037,23
Regulation Of Interleukin-10 Production (GO:0032653),1.3916233431176657,0.212947815656662,46
Response To Organonitrogen Compound (GO:0010243),1.391538325254024,0.20024284720420837,47
L-amino Acid Transport (GO:0015807),1.3915043336413706,0.2770192623138428,26
Positive Regulation Of Inflammatory Response (GO:0050729),1.3913834774883875,0.07945524156093597,104
Porphyrin-Containing Compound Biosynthetic Process (GO:0006779),1.3911960263924452,0.2657391428947449,21
Negative Regulation Of Cellular Response To Hypoxia (GO:1900038),1.3908368752261975,0.2952716052532196,5
Regulation Of Immunoglobulin Production (GO:0002637),1.3907706488677747,0.30435237288475037,27
Thyroid Hormone Transport (GO:0070327),1.3906514781085622,0.33753877878189087,7
Cellular Response To Lipopolysaccharide (GO:0071222),1.3901555702791264,0.059027720242738724,124
"Protein Alpha-1,2-Demannosylation (GO:0036508)",1.3884521897826636,0.3235872983932495,16
"DNA Damage Response, Signal Transduction Resulting In Transcription (GO:0042772)",1.3884386657056618,0.3346908986568451,9
Tyrosine Phosphorylation Of STAT Protein (GO:0007260),1.3876150524487516,0.35747575759887695,8
Regulation Of Insulin-Like Growth Factor Receptor Signaling Pathway (GO:0043567),1.3872315209751935,0.31724801659584045,19
Negative Regulation Of Stress-Activated Protein Kinase Signaling Cascade (GO:0070303),1.3870503029011907,0.3197173774242401,6
Protein K63-linked Ubiquitination (GO:0070534),1.3867500166634044,0.216670960187912,54
Endosome Organization (GO:0007032),1.3865784860387167,0.23651015758514404,53
Positive Regulation Of Protein Exit From Endoplasmic Reticulum (GO:0070863),1.386251726809723,0.3471175730228424,11
Positive Regulation Of Apoptotic Signaling Pathway (GO:2001235),1.3859479050107077,0.17087134718894958,62
Quinone Metabolic Process (GO:1901661),1.385937895835435,0.3319590389728546,9
Regulation Of Amyloid-Beta Formation (GO:1902003),1.3853628675011793,0.2950745224952698,33
Regulation Of Amyloid Precursor Protein Catabolic Process (GO:1902991),1.3851792361710809,0.3054773509502411,11
Nuclear Transport (GO:0051169),1.3845253152451733,0.2611103653907776,39
Nucleobase-Containing Compound Catabolic Process (GO:0034655),1.3843194992620178,0.2063271552324295,44
Carboxylic Acid Catabolic Process (GO:0046395),1.3835842363439046,0.31030145287513733,17
Delamination (GO:0060232),1.3834869423476104,0.3642490804195404,6
Regulation Of Nitric Oxide Mediated Signal Transduction (GO:0010749),1.383216642616307,0.3455449938774109,5
Response To Interleukin-4 (GO:0070670),1.38272707262685,0.31030145287513733,9
Positive Regulation Of Translational Initiation (GO:0045948),1.3821713349798472,0.3204595446586609,21
Bundle Of His cell-Purkinje Myocyte Adhesion Involved In Cell Communication (GO:0086073),1.3820556853417956,0.32710281014442444,5
"Retrograde Vesicle-Mediated Transport, Golgi To Endoplasmic Reticulum (GO:0006890)",1.3819538759344854,0.216817706823349,48
Vesicle Fusion With Vacuole (GO:0051469),1.3817088410148688,0.3461894094944,9
Multivesicular Body-Lysosome Fusion (GO:0061763),1.3817088410148688,0.3461894094944,9
Positive Regulation Of Interleukin-8 Production (GO:0032757),1.3815147535681742,0.19822825491428375,61
Regulation Of T Cell Migration (GO:2000404),1.38134933462609,0.2781153917312622,23
Positive Regulation Of Neural Precursor Cell Proliferation (GO:2000179),1.3812795409552239,0.27224376797676086,29
Positive Regulation Of Tumor Necrosis Factor Superfamily Cytokine Production (GO:1903557),1.381154802294946,0.17830562591552734,82
Endolysosomal Toll-Like Receptor Signaling Pathway (GO:0140894),1.381077898569229,0.33934009075164795,13
Purine Ribonucleoside Monophosphate Biosynthetic Process (GO:0009168),1.380821363224244,0.3648452162742615,11
Immunological Synapse Formation (GO:0001771),1.3807966506592502,0.31350186467170715,7
Amyloid Precursor Protein Metabolic Process (GO:0042982),1.3807350361923312,0.3084198236465454,17
Positive Regulation Of Cytokine-Mediated Signaling Pathway (GO:0001961),1.3807114457662195,0.24689683318138123,44
Regulation Of Stem Cell Proliferation (GO:0072091),1.3806663234075767,0.33753877878189087,16
Positive Regulation Of Cysteine-Type Endopeptidase Activity Involved In Apoptotic Process (GO:0043280),1.3806332962484698,0.09734964370727539,109
rRNA Metabolic Process (GO:0016072),1.3804805981282062,0.16999688744544983,91
Respiratory Chain Complex IV Assembly (GO:0008535),1.3804150802799424,0.2871072292327881,26
Regulation Of Mononuclear Cell Migration (GO:0071675),1.3804137105055299,0.3186178207397461,22
Type II Interferon-Mediated Signaling Pathway (GO:0060333),1.380183334123147,0.35627296566963196,9
Cardiac Muscle Cell-Cardiac Muscle Cell Adhesion (GO:0086042),1.3801386107312392,0.2781153917312622,6
Positive Regulation Of Smooth Muscle Cell Apoptotic Process (GO:0034393),1.3798575772727606,0.31324636936187744,8
Late Endosome To Vacuole Transport (GO:0045324),1.379240444288864,0.3545549213886261,20
Positive Regulation Of Myeloid Leukocyte Differentiation (GO:0002763),1.3790620767750226,0.3039499819278717,40
Mitochondrion Organization (GO:0007005),1.3788050753092396,0.0,162
Response To Exogenous dsRNA (GO:0043330),1.3786832383133836,0.3059799373149872,35
Negative Regulation Of Catalytic Activity (GO:0043086),1.3782335956531917,0.3070892095565796,26
Proteasomal Protein Catabolic Process (GO:0010498),1.3782020754893092,0.0,220
Triglyceride Homeostasis (GO:0070328),1.377915997253526,0.3180941045284271,31
Positive Regulation Of T Cell Migration (GO:2000406),1.3776438542492595,0.24152646958827972,25
Positive Regulation Of Immunoglobulin Production (GO:0002639),1.3772069258037898,0.2838146984577179,34
Negative Regulation Of Amyloid-Beta Formation (GO:1902430),1.3769308637966264,0.3708406388759613,16
Regulation Of Phagocytosis (GO:0050764),1.3764517458702934,0.2193601280450821,58
Proline Transport (GO:0015824),1.37576128353586,0.34189945459365845,8
B Cell Mediated Immunity (GO:0019724),1.375314136344974,0.33729088306427,15
Negative Regulation Of Amyloid Precursor Protein Catabolic Process (GO:1902992),1.3751540516666558,0.3461894094944,18
COPI-coated Vesicle Budding (GO:0035964),1.3751382430149872,0.2734111249446869,5
COPI Coating Of Golgi Vesicle (GO:0048205),1.3751382430149872,0.2734111249446869,5
Golgi Transport Vesicle Coating (GO:0048200),1.3751382430149872,0.2734111249446869,5
Negative Regulation Of Phosphatidylinositol 3-Kinase Signaling (GO:0014067),1.374731607919504,0.3765866756439209,9
Regulation Of Apoptotic Cell Clearance (GO:2000425),1.3746358970922283,0.329886794090271,7
Response To Amino Acid (GO:0043200),1.3738555137504114,0.2952716052532196,30
Natural Killer Cell Mediated Cytotoxicity (GO:0042267),1.3736367351201644,0.3638628423213959,24
Positive Regulation Of Viral Process (GO:0048524),1.373365153319059,0.2372971624135971,41
Cell Junction Disassembly (GO:0150146),1.3732332153058686,0.30298981070518494,5
Regulation Of Innate Immune Response (GO:0045088),1.3729041127763297,0.18505510687828064,78
Fibrinolysis (GO:0042730),1.372889288311178,0.3186178207397461,12
Regulation Of Response To Wounding (GO:1903034),1.3724173815524585,0.3461894094944,7
Vacuole Fusion (GO:0097576),1.3719705247869856,0.35339826345443726,10
Regulation Of Podosome Assembly (GO:0071801),1.3719211974130272,0.29918545484542847,8
Transcription Preinitiation Complex Assembly (GO:0070897),1.3717815811701035,0.198751300573349,59
RNA Polymerase II Preinitiation Complex Assembly (GO:0051123),1.3716891825267656,0.22472576797008514,56
Vesicle Coating (GO:0006901),1.3709857416100195,0.3070892095565796,28
Regulation Of DNA-templated DNA Replication Initiation (GO:0030174),1.3707807923215234,0.3241212069988251,12
Regulation Of I-kappaB kinase/NF-kappaB Signaling (GO:0043122),1.370683288550587,0.0,232
Regulation Of Translation (GO:0006417),1.3704557662990045,0.0,202
Positive Regulation Of Lymphocyte Activation (GO:0051251),1.3701891416999465,0.2636755704879761,47
Positive Regulation Of Immune Response (GO:0050778),1.3699783572503748,0.1706935614347458,80
Regulation Of Vascular Associated Smooth Muscle Cell Apoptotic Process (GO:1905459),1.369779429921936,0.31202638149261475,6
Mitotic Nuclear Membrane Organization (GO:0101024),1.3696452764890135,0.3426196277141571,9
Mitotic Nuclear Membrane Reassembly (GO:0007084),1.3696452764890135,0.3426196277141571,9
Phosphate Ion Transmembrane Transport (GO:0035435),1.3692078197837296,0.31728410720825195,10
T Cell Receptor Signaling Pathway (GO:0050852),1.368969261012695,0.09741348028182983,95
Regulation Of Cholesterol Storage (GO:0010885),1.3671363446287128,0.38269007205963135,14
Positive Regulation Of Interferon-Alpha Production (GO:0032727),1.3668780716332172,0.30435237288475037,21
Zinc Ion Transmembrane Transport (GO:0071577),1.366846373224432,0.34594929218292236,21
Regulation Of Tumor Necrosis Factor-Mediated Signaling Pathway (GO:0010803),1.3668052586721735,0.2659033536911011,48
rRNA Pseudouridine Synthesis (GO:0031118),1.366168008214519,0.35877731442451477,7
Positive Regulation Of Ligase Activity (GO:0051351),1.3660495853128731,0.37413960695266724,8
Defense Response To Protozoan (GO:0042832),1.3655135595105465,0.33390218019485474,15
Positive Regulation Of Heterotypic Cell-Cell Adhesion (GO:0034116),1.364147669766978,0.3657386898994446,14
Positive Regulation Of Leukocyte Chemotaxis (GO:0002690),1.363663677925308,0.20575983822345734,54
Regulation Of Immune Response (GO:0050776),1.3625407820303836,0.16194064915180206,77
Negative Regulation Of Transcription Regulatory Region DNA Binding (GO:2000678),1.3623120296167397,0.359518826007843,14
Purine Nucleotide Metabolic Process (GO:0006163),1.3621853068246748,0.3368323743343353,34
Positive Regulation Of Cell Adhesion Mediated By Integrin (GO:0033630),1.361786279971104,0.35747575759887695,17
Purine Nucleotide Biosynthetic Process (GO:0006164),1.3617301582147696,0.37566354870796204,21
Regulation Of Hepatocyte Proliferation (GO:2000345),1.3615604789167541,0.3591448962688446,5
Protein Hydroxylation (GO:0018126),1.3612901925896832,0.3642490804195404,13
Plasma Membrane Repair (GO:0001778),1.3610134918361951,0.37413960695266724,21
Cellular Response To Zinc Ion (GO:0071294),1.3609602552582154,0.35877731442451477,15
Barbed-End Actin Filament Capping (GO:0051016),1.360858299745839,0.37571021914482117,18
Actin Filament Capping (GO:0051693),1.360858299745839,0.37571021914482117,18
Regulation Of Interleukin-1 Beta Production (GO:0032651),1.3594182739933802,0.15219882130622864,84
Negative Regulation Of Response To Biotic Stimulus (GO:0002832),1.359378323368566,0.26895129680633545,45
Peptide Transport (GO:0015833),1.359022563339031,0.3692803978919983,6
Dolichol-Linked Oligosaccharide Biosynthetic Process (GO:0006488),1.3580798605599542,0.3765866756439209,15
Intracellular Triglyceride Homeostasis (GO:0035356),1.3579514362117169,0.35627296566963196,6
Positive Regulation Of Transcription Initiation By RNA Polymerase II (GO:0060261),1.3578446819349617,0.24368423223495483,52
Regulation Of G0 To G1 Transition (GO:0070316),1.3577355940216354,0.3455449938774109,33
Cytochrome Complex Assembly (GO:0017004),1.3570640701918988,0.3610650897026062,7
Regulation Of Double-Strand Break Repair Via Homologous Recombination (GO:0010569),1.3564855175507258,0.19761088490486145,71
DNA Methylation-Dependent Heterochromatin Formation (GO:0006346),1.3557665400755845,0.36417898535728455,11
Regulation Of Erythrocyte Differentiation (GO:0045646),1.3547228902820803,0.32217004895210266,36
Nucleic Acid Transport (GO:0050657),1.3544901568589571,0.3375186026096344,8
Mitotic Metaphase Plate Congression (GO:0007080),1.3542861874863563,0.2653481662273407,50
Regulation Of Viral-Induced Cytoplasmic Pattern Recognition Receptor Signaling Pathway (GO:0039531),1.3541378188911424,0.3765866756439209,9
Cytoplasmic Sequestering Of NF-kappaB (GO:0007253),1.3539561907584687,0.3937242329120636,7
Negative Regulation Of B Cell Activation (GO:0050869),1.353919106009167,0.3314342796802521,20
T-helper 17 Cell Lineage Commitment (GO:0072540),1.3538657175744508,0.3718786835670471,7
Negative Regulation Of Mitochondrial Membrane Permeability (GO:0035795),1.3535283844235018,0.3745400607585907,12
Antigen Processing And Presentation Of Endogenous Peptide Antigen (GO:0002483),1.3535079093125904,0.37571021914482117,21
Cellular Defense Response (GO:0006968),1.3533784185902296,0.3121734857559204,48
Respiratory Chain Complex III Assembly (GO:0017062),1.3531598346537927,0.3986086845397949,11
Mitochondrial Respiratory Chain Complex III Assembly (GO:0034551),1.3531598346537927,0.3986086845397949,11
Regulation Of Myoblast Differentiation (GO:0045661),1.3525359907004177,0.2557589113712311,54
Dolichol Metabolic Process (GO:0019348),1.3524943836158758,0.4080473482608795,14
Negative Regulation Of Transforming Growth Factor Beta Production (GO:0071635),1.3523044399837627,0.3657386898994446,9
Alpha-Beta T Cell Activation (GO:0046631),1.3521007281100517,0.41200339794158936,15
Positive Regulation Of T Cell Receptor Signaling Pathway (GO:0050862),1.3517055455589113,0.4128207862377167,13
Negative Regulation Of RNA Metabolic Process (GO:0051253),1.3511560364091542,0.3896823227405548,11
Positive Regulation Of Purine Nucleotide Biosynthetic Process (GO:1900373),1.3507798167842309,0.4081161320209503,12
Positive Regulation Of Translation In Response To Stress (GO:0032056),1.3502643172506985,0.3657386898994446,5
Antigen Processing And Presentation Of Endogenous Peptide Antigen Via MHC Class I (GO:0019885),1.3498333620209941,0.38256949186325073,6
Protein Localization To Lysosome (GO:0061462),1.3497602008886025,0.32710281014442444,41
Regulation Of Transmembrane Transporter Activity (GO:0022898),1.3494203369836393,0.4183650314807892,9
Negative Regulation Of Bone Remodeling (GO:0046851),1.349328720306479,0.38269007205963135,11
Mitochondrial Translation (GO:0032543),1.347853206058308,0.3785916268825531,98
mRNA 3'-Splice Site Recognition (GO:0000389),1.3478493261630058,0.4124896824359894,5
Actin-Myosin Filament Sliding (GO:0033275),1.3474460278567024,0.36533722281455994,12
Phospholipid Efflux (GO:0033700),1.3470072226167134,0.4135802686214447,11
Response To Auditory Stimulus (GO:0010996),1.3467365813042986,0.3785916268825531,7
Lipoprotein Metabolic Process (GO:0042157),1.3466315625544139,0.36320963501930237,5
Mitochondrial Cytochrome C Oxidase Assembly (GO:0033617),1.346532285137158,0.359518826007843,22
Regulation Of Macrophage Apoptotic Process (GO:2000109),1.346103471052383,0.4119429886341095,5
Gamma-Aminobutyric Acid Transport (GO:0015812),1.345865446263197,0.329886794090271,6
Regulation Of Type II Interferon Production (GO:0032649),1.345843877463199,0.18505510687828064,87
Defense Response To Bacterium (GO:0042742),1.345477029540467,0.0,204
Negative Regulation Of Mitochondrial Outer Membrane Permeabilization Involved In Apoptotic Signaling Pathway (GO:1901029),1.3450634179179661,0.37413960695266724,10
Sphingolipid Catabolic Process (GO:0030149),1.3449810202428327,0.3718786835670471,15
Regulation Of Lymphocyte Apoptotic Process (GO:0070228),1.3447557763766997,0.37413960695266724,7
Positive Regulation Of Myeloid Leukocyte Mediated Immunity (GO:0002888),1.3442492664272636,0.37556442618370056,12
DNA-templated DNA Replication (GO:0006261),1.343993257791012,0.21095149219036102,69
Positive Regulation Of Granulocyte Differentiation (GO:0030854),1.3436431580743806,0.3545549213886261,5
Myeloid Leukocyte Differentiation (GO:0002573),1.3435129663733054,0.21475070714950562,71
Hexose Metabolic Process (GO:0019318),1.3434086675294783,0.278527170419693,45
Positive Regulation Of Cytokine Production (GO:0001819),1.3433374695022886,0.0,320
Negative Regulation Of Heart Rate (GO:0010459),1.343215922522625,0.37370800971984863,6
Protein Monoubiquitination (GO:0006513),1.34308454891531,0.263969361782074,47
Proteasome-Mediated Ubiquitin-Dependent Protein Catabolic Process (GO:0043161),1.342652676649714,0.0,319
Positive Regulation Of Neuroblast Proliferation (GO:0002052),1.3426478957889587,0.3545549213886261,18
Triglyceride-Rich Lipoprotein Particle Remodeling (GO:0034370),1.3423929144020088,0.3657386898994446,8
Protein Complex Oligomerization (GO:0051259),1.3420240886239687,0.18505510687828064,100
T Cell Differentiation (GO:0030217),1.3418195494423772,0.28152647614479065,46
Positive Regulation Of Response To Cytokine Stimulus (GO:0060760),1.3417212963472698,0.37556442618370056,14
NIK/NF-kappaB Signaling (GO:0038061),1.3414797076479619,0.3419921100139618,32
Zinc Ion Import Into Organelle (GO:0062111),1.3404703637112134,0.37413960695266724,6
Very-Low-Density Lipoprotein Particle Assembly (GO:0034379),1.3403849984523355,0.41104769706726074,10
Positive Regulation Of Response To External Stimulus (GO:0032103),1.3403327378169618,0.07912179082632065,155
Protein Catabolic Process (GO:0030163),1.3401323265216405,0.2010677456855774,102
"Nuclear-Transcribed mRNA Catabolic Process, Nonsense-Mediated Decay (GO:0000184)",1.3393641169226285,0.3765866756439209,28
Myelin Maintenance (GO:0043217),1.3392873549680697,0.41851702332496643,9
Negative Regulation Of Leukocyte Apoptotic Process (GO:2000107),1.3392331438582707,0.4135802686214447,11
Amino Acid Import Across Plasma Membrane (GO:0089718),1.3391635532111135,0.359518826007843,27
Intermediate Filament Organization (GO:0045109),1.3389787522316121,0.2734111249446869,68
Regulation Of Cell Size (GO:0008361),1.3385660653459004,0.37231969833374023,25
"Maturation Of SSU-rRNA From Tricistronic rRNA Transcript (SSU-rRNA, 5.8S rRNA, LSU-rRNA) (GO:0000462)",1.3380925569288857,0.34084662795066833,30
Positive Regulation Of Lipid Localization (GO:1905954),1.3379038843474664,0.41810598969459534,10
Ganglioside Catabolic Process (GO:0006689),1.3377957747996065,0.41810598969459534,6
T-helper 17 Cell Differentiation (GO:0072539),1.3377586577665685,0.4024488925933838,8
Positive Regulation Of Type II Interferon Production (GO:0032729),1.3375187463381903,0.2803571820259094,58
Small Nucleolar Ribonucleoprotein Complex Assembly (GO:0000491),1.337306582759579,0.3765866756439209,10
Regulation Of Lymphocyte Activation (GO:0051249),1.3372777184105136,0.3708406388759613,18
Positive Regulation Of Receptor Binding (GO:1900122),1.3369882164048674,0.3765866756439209,5
Negative Regulation Of Mitochondrial Membrane Potential (GO:0010917),1.3365749050567886,0.4006035327911377,7
Negative Regulation Of Membrane Potential (GO:0045837),1.3365749050567886,0.4006035327911377,8
Endosome To Lysosome Transport Via Multivesicular Body Sorting Pathway (GO:0032510),1.3361892520560998,0.41188451647758484,15
Foam Cell Differentiation (GO:0090077),1.3361208739197286,0.41200339794158936,7
Secretory Granule Organization (GO:0033363),1.3360101880000808,0.37413960695266724,25
Intracellular Copper Ion Homeostasis (GO:0006878),1.3356750987277564,0.4135802686214447,11
Regulation Of Adipose Tissue Development (GO:1904177),1.3345031656367474,0.41851702332496643,11
HALLMARK_ANDROGEN_RESPONSE,1.334071511224369,0.18505510687828064,100
Regulation Of DNA Repair (GO:0006282),1.3339599764167662,0.14259052276611328,129
Mitotic Spindle Assembly Checkpoint Signaling (GO:0007094),1.3338139613863627,0.4030797481536865,26
Mitotic Spindle Checkpoint Signaling (GO:0071174),1.3338139613863627,0.4030797481536865,26
Spindle Assembly Checkpoint Signaling (GO:0071173),1.3338139613863627,0.4030797481536865,26
Purine Ribonucleoside Monophosphate Metabolic Process (GO:0009167),1.333768990269637,0.4210360646247864,11
protein-DNA Complex Organization (GO:0071824),1.3337061946991746,0.30660662055015564,60
Cytolysis By Host Of Symbiont Cells (GO:0051838),1.332854809167888,0.35877731442451477,6
Regulation Of Endothelial Cell Chemotaxis (GO:2001026),1.33255426450528,0.4479510486125946,14
Regulation Of Peptidyl-Tyrosine Phosphorylation (GO:0050730),1.3325015884748332,0.2463262677192688,90
Protein Targeting To Vacuole Involved In Autophagy (GO:0071211),1.332112054562408,0.37199509143829346,5
Dendritic Cell Differentiation (GO:0097028),1.3314837104011685,0.4006035327911377,22
IMP Biosynthetic Process (GO:0006188),1.3311720030500165,0.4173271358013153,7
Regulation Of Keratinocyte Migration (GO:0051547),1.3311093887244922,0.4226781725883484,11
Positive Regulation Of Macrophage Migration (GO:1905523),1.3304068585522477,0.3765866756439209,18
Establishment Of Protein Localization To Organelle (GO:0072594),1.3295129332414148,0.2516649067401886,85
ncRNA Processing (GO:0034470),1.32937288413954,0.2287992686033249,100
Peptide Metabolic Process (GO:0006518),1.3291891742656787,0.2826685309410095,56
Negative Regulation Of Amide Metabolic Process (GO:0034249),1.328512499007403,0.2064167559146881,93
Negative Regulation Of Plasminogen Activation (GO:0010757),1.328294285940278,0.4183650314807892,6
Dendritic Cell Chemotaxis (GO:0002407),1.3281121417342456,0.3999604284763336,15
Regulation Of Interleukin-18 Production (GO:0032661),1.3279982948251978,0.45558035373687744,8
Negative Regulation Of Intrinsic Apoptotic Signaling Pathway By P53 Class Mediator (GO:1902254),1.3274112959231592,0.4365155100822449,16
Multivesicular Body Organization (GO:0036257),1.3272013074081808,0.3928065598011017,30
Regulation Of Lipid Storage (GO:0010883),1.3270227855614753,0.3765866756439209,21
Metaphase Plate Congression (GO:0051310),1.326902870185766,0.2835230231285095,51
Negative Regulation Of Protein Processing (GO:0010955),1.3267427699150975,0.42859527468681335,15
Negative Regulation Of Macrophage Migration (GO:1905522),1.3265704967024254,0.41926828026771545,7
Regulation Of Programmed Cell Death (GO:0043067),1.326526404872822,0.059027720242738724,195
Positive Regulation By Host Of Viral Process (GO:0044794),1.3265027923435442,0.4226781725883484,17
Leukocyte Adhesion To Vascular Endothelial Cell (GO:0061756),1.326392572356345,0.38269007205963135,19
Dendritic Cell Migration (GO:0036336),1.3261750207873404,0.3765866756439209,18
Regulation Of Blood Vessel Endothelial Cell Migration (GO:0043535),1.3254519666522644,0.3340575397014618,54
Modulation By Host Of Viral Process (GO:0044788),1.3252702612195661,0.41239073872566223,22
Tricarboxylic Acid Metabolic Process (GO:0072350),1.3251299851412142,0.38269007205963135,8
Regulation Of Dendritic Cell Differentiation (GO:2001198),1.3242690622643112,0.4115714132785797,10
Bundle Of His Cell To Purkinje Myocyte Communication (GO:0086069),1.324214431770168,0.41242846846580505,8
"Positive Regulation Of CD4-positive, Alpha-Beta T Cell Activation (GO:2000516)",1.323891196399885,0.46987929940223694,12
Positive Regulation Of Interferon-Beta Production (GO:0032728),1.3232649334193738,0.3765866756439209,36
Intracellular Iron Ion Homeostasis (GO:0006879),1.3226401657178464,0.31369486451148987,50
Alanine Transport (GO:0032328),1.3226044896817415,0.4210360646247864,12
Regulation Of Cellular Response To Stress (GO:0080135),1.3223918816626292,0.23699867725372314,107
Leukocyte Aggregation (GO:0070486),1.3223900591380575,0.40874141454696655,7
Positive Regulation Of T Cell Apoptotic Process (GO:0070234),1.3222008635187226,0.41851702332496643,9
Intrinsic Apoptotic Signaling Pathway In Response To Oxidative Stress (GO:0008631),1.322190690843588,0.4360455870628357,11
Transcription Initiation At RNA Polymerase II Promoter (GO:0006367),1.3218383652298271,0.274580717086792,76
Regulation Of T-helper 1 Type Immune Response (GO:0002825),1.3217778638153628,0.41200339794158936,8
Glutamate Metabolic Process (GO:0006536),1.3209291649596473,0.4210360646247864,20
Ubiquitin-Dependent Protein Catabolic Process (GO:0006511),1.3207422616146902,0.0,367
Multivesicular Body Sorting Pathway (GO:0071985),1.3202545682990734,0.4009540379047394,24
Peripheral Nervous System Neuron Development (GO:0048935),1.320125941358068,0.37413960695266724,5
Cristae Formation (GO:0042407),1.3197865950556829,0.4472004771232605,12
Interleukin-4-Mediated Signaling Pathway (GO:0035771),1.3196853617450741,0.4226781725883484,5
L-ascorbic Acid Metabolic Process (GO:0019852),1.3193280841564552,0.41274717450141907,5
Pyroptosis (GO:0070269),1.319044135543747,0.4210360646247864,28
Negative Regulation Of Cytokine-Mediated Signaling Pathway (GO:0001960),1.3180304478896618,0.3129841983318329,59
"Fructose 1,6-Bisphosphate Metabolic Process (GO:0030388)",1.3179080431241932,0.45558035373687744,8
Oligosaccharide-Lipid Intermediate Biosynthetic Process (GO:0006490),1.3177174158188218,0.4494023323059082,12
Regulation Of Type I Interferon-Mediated Signaling Pathway (GO:0060338),1.3177028225953347,0.3745400607585907,33
Cytoplasmic Sequestering Of Transcription Factor (GO:0042994),1.317553206316306,0.4829012453556061,13
NAD Biosynthetic Process (GO:0009435),1.3173974539039899,0.46987929940223694,17
Protein-Containing Complex Assembly (GO:0065003),1.3173632742730614,0.0,328
Negative Regulation Of Mitotic Metaphase/Anaphase Transition (GO:0045841),1.3173048294052927,0.4210360646247864,28
Positive Regulation Of DNA Repair (GO:0045739),1.317260245071531,0.233735129237175,89
Negative Regulation Of RNA Splicing (GO:0033119),1.3171288530924548,0.42073842883110046,19
Endoderm Formation (GO:0001706),1.3170878912201949,0.4216702878475189,35
Cellular Response To Molecule Of Bacterial Origin (GO:0071219),1.3170095342328056,0.17759902775287628,117
Positive Regulation Of Intracellular Protein Transport (GO:0090316),1.3168360063901672,0.212947815656662,126
Mitochondrial Calcium Ion Homeostasis (GO:0051560),1.3166903687910272,0.43798232078552246,21
Muscle Filament Sliding (GO:0030049),1.3166406233994457,0.41188451647758484,10
Positive Regulation Of Receptor Signaling Pathway Via STAT (GO:1904894),1.316620030489067,0.37084805965423584,37
Cellular Response To Light Stimulus (GO:0071482),1.3165765437444144,0.2781153917312622,65
Protein Palmitoylation (GO:0018345),1.3165527036805331,0.37312543392181396,30
Negative Regulation Of Striated Muscle Cell Differentiation (GO:0051154),1.3162523211869515,0.41894951462745667,17
Negative Regulation Of Glucose Import (GO:0046325),1.3158781586319044,0.45914706587791443,7
"Maturation Of 5.8S rRNA From Tricistronic rRNA Transcript (SSU-rRNA, 5.8S rRNA, LSU-rRNA) (GO:0000466)",1.3158308045546436,0.417305052280426,21
Endoplasmic Reticulum Mannose Trimming (GO:1904380),1.3156299596713943,0.4226781725883484,13
Positive Regulation Of Lipid Storage (GO:0010884),1.3148488176761013,0.43618911504745483,20
Protein Localization To Nucleus (GO:0034504),1.314650774058376,0.2064167559146881,122
Regulation Of T Cell Proliferation (GO:0042129),1.3146342906900343,0.3054773509502411,77
Regulation Of Vascular Wound Healing (GO:0061043),1.3145496993951646,0.46406084299087524,7
Response To Cocaine (GO:0042220),1.313515341345493,0.43089228868484497,6
Negative Regulation Of Type II Interferon Production (GO:0032689),1.3134452043613387,0.3519265055656433,28
Regulation Of Transcription Initiation By RNA Polymerase II (GO:0060260),1.3134246791735613,0.3090793490409851,57
Negative Regulation Of Peptidase Activity (GO:0010466),1.313339508379085,0.30435237288475037,60
"tRNA Splicing, Via Endonucleolytic Cleavage And Ligation (GO:0006388)",1.3130023326557343,0.46987929940223694,11
Negative Regulation Of Immune Response (GO:0050777),1.312323035266225,0.30435237288475037,66
Negative Regulation Of Receptor Binding (GO:1900121),1.3122389956011422,0.45558035373687744,9
Proteolysis (GO:0006508),1.3120536396855877,0.0,330
Regulation Of Metallopeptidase Activity (GO:1905048),1.311691122322663,0.4183650314807892,6
Glucose 6-Phosphate Metabolic Process (GO:0051156),1.311592328911018,0.45558035373687744,18
Regulation Of Apoptotic Process (GO:0042981),1.3115784390246656,0.0,705
Positive Regulation Of Response To Biotic Stimulus (GO:0002833),1.311449982968375,0.41242846846580505,41
Negative Regulation Of Intrinsic Apoptotic Signaling Pathway In Response To DNA Damage By P53 Class Mediator (GO:1902166),1.3109672173495666,0.4209918677806854,12
Regulation Of Intrinsic Apoptotic Signaling Pathway In Response To DNA Damage By P53 Class Mediator (GO:1902165),1.3109672173495666,0.4209918677806854,13
DNA Duplex Unwinding (GO:0032508),1.310941179781513,0.35145121812820435,41
Visual Learning (GO:0008542),1.3109194992222057,0.4210360646247864,11
Cellular Response To Oxygen Levels (GO:0071453),1.310869752220686,0.44319218397140503,9
Phagolysosome Assembly (GO:0001845),1.3108469672222762,0.4647471308708191,14
Regulation Of Granulocyte Chemotaxis (GO:0071622),1.3107560271239114,0.4226781725883484,19
Glycerol Transmembrane Transport (GO:0015793),1.310742021936921,0.46987929940223694,8
T Cell Differentiation In Thymus (GO:0033077),1.3105830766740567,0.44536083936691284,13
Response To Glucose (GO:0009749),1.3100057800930323,0.3260912299156189,46
Regulation Of RNA Polymerase II Regulatory Region Sequence-Specific DNA Binding (GO:1903025),1.3093834447089279,0.45554670691490173,9
Apoptotic Mitochondrial Changes (GO:0008637),1.3088785130036393,0.35877731442451477,34
Glutamine Family Amino Acid Metabolic Process (GO:0009064),1.3088487900066177,0.3999604284763336,31
Negative Regulation Of Tumor Necrosis Factor Production (GO:0032720),1.3081569003612277,0.3545549213886261,47
Establishment Of Skin Barrier (GO:0061436),1.3078846690603374,0.4213530421257019,19
Negative Regulation Of Reproductive Process (GO:2000242),1.3077732303131449,0.4686765670776367,20
Intracellular Protein Transport (GO:0006886),1.3077585069633146,0.0,325
Regulation Of MHC Class I Biosynthetic Process (GO:0045343),1.307706545303183,0.465251624584198,6
Protein Targeting To Lysosome (GO:0006622),1.3076648788867653,0.4494023323059082,26
Microvillus Assembly (GO:0030033),1.3074751575905714,0.4782258868217468,14
DNA Replication (GO:0006260),1.3074034432697517,0.30594292283058167,73
Lymphocyte Differentiation (GO:0030098),1.3073626742839086,0.2582375407218933,91
Negative Regulation Of Interleukin-1 Beta Production (GO:0032691),1.3073090114455777,0.46987929940223694,26
Positive Regulation Of Interleukin-17 Production (GO:0032740),1.3072686239711688,0.4550747573375702,24
Renal Filtration (GO:0097205),1.3071400544606835,0.4435342848300934,15
Protein Transport (GO:0015031),1.307050041392445,0.03315972164273262,313
Granulocyte Differentiation (GO:0030851),1.3068613432908516,0.489155650138855,12
Negative Regulation Of Leukocyte Cell-Cell Adhesion (GO:1903038),1.3067449912314886,0.4589797556400299,19
Transcription By RNA Polymerase III (GO:0006383),1.306396417759126,0.4210360646247864,28
Positive Regulation Of Endocytosis (GO:0045807),1.3062509694271534,0.278527170419693,79
Positive Regulation Of Phospholipid Transport (GO:2001140),1.3056210398521586,0.4723636209964752,10
External Encapsulating Structure Organization (GO:0045229),1.3052524070144305,0.2508108615875244,110
Nucleoside Triphosphate Biosynthetic Process (GO:0009142),1.3050212486156951,0.4550747573375702,5
Peptidyl-Lysine Hydroxylation (GO:0017185),1.304938870063276,0.45558035373687744,7
Very-Low-Density Lipoprotein Particle Remodeling (GO:0034372),1.3048687117077533,0.4236741364002228,7
Protein K48-linked Ubiquitination (GO:0070936),1.304797378827536,0.30554941296577454,70
Modification-Dependent Protein Catabolic Process (GO:0019941),1.304482507492748,0.09734964370727539,192
Positive Regulation Of Phagocytosis (GO:0050766),1.3043968769458372,0.3186178207397461,60
Positive Regulation Of Tau-Protein Kinase Activity (GO:1902949),1.3043121351063929,0.48917824029922485,5
Regulation Of Stem Cell Differentiation (GO:2000736),1.3043042640764038,0.35627296566963196,45
Lymphoid Progenitor Cell Differentiation (GO:0002320),1.3039200586762525,0.46987929940223694,6
NAD Biosynthesis Via Nicotinamide Riboside Salvage Pathway (GO:0034356),1.3038743050982025,0.49214571714401245,9
Negative Regulation Of Glucose Transmembrane Transport (GO:0010829),1.3036678836422229,0.46987929940223694,11
intra-Golgi Vesicle-Mediated Transport (GO:0006891),1.3033799867396505,0.41926828026771545,33
Neutrophil Activation Involved In Immune Response (GO:0002283),1.3030381999315503,0.4384125769138336,11
Natural Killer Cell Mediated Immunity (GO:0002228),1.302822778332664,0.4686765670776367,22
Lipopolysaccharide-Mediated Signaling Pathway (GO:0031663),1.3027369834348361,0.45558035373687744,20
Multivesicular Body Assembly (GO:0036258),1.3024266485852192,0.4226781725883484,29
Negative Regulation Of Programmed Cell Death (GO:0043069),1.3022203344108805,0.0,381
Organelle Fission (GO:0048285),1.3021543228236498,0.4009850323200226,22
Glutamine Metabolic Process (GO:0006541),1.3018601851691842,0.4360455870628357,13
O-glycan Processing (GO:0016266),1.301803874607464,0.3745400607585907,41
Negative Regulation Of Tumor Necrosis Factor Superfamily Cytokine Production (GO:1903556),1.3016317258517212,0.3591448962688446,49
Midbody Abscission (GO:0061952),1.30083894436188,0.4658612012863159,15
Regulation Of Nucleotide-Excision Repair (GO:2000819),1.3005563718694542,0.44313350319862366,26
Glutamine Family Amino Acid Biosynthetic Process (GO:0009084),1.3003271830897762,0.46987929940223694,11
Antigen Processing And Presentation Of Exogenous Peptide Antigen Via MHC Class I (GO:0042590),1.3002646644660474,0.45691046118736267,6
Regulation Of Toll-Like Receptor 3 Signaling Pathway (GO:0034139),1.3002424453914936,0.46987929940223694,8
Protein Targeting To Membrane (GO:0006612),1.299886018211482,0.3324841260910034,72
T Cell Homeostasis (GO:0043029),1.2996989921003816,0.43193724751472473,15
Cytosolic Pattern Recognition Receptor Signaling Pathway (GO:0002753),1.299589277769754,0.4434061348438263,23
Regulation Of Cell Adhesion Mediated By Integrin (GO:0033628),1.2993696505238215,0.4030797481536865,33
Negative Regulation Of Fibrinolysis (GO:0051918),1.2991788934418635,0.47706329822540283,11
GMP Biosynthetic Process (GO:0006177),1.2988690696652903,0.46987929940223694,6
Negative Regulation Of Interleukin-1 Production (GO:0032692),1.2988156466710779,0.44328606128692627,30
Cellular Response To Hexose Stimulus (GO:0071331),1.2987051378891294,0.46215808391571045,25
Monoubiquitinated Histone H2A Deubiquitination (GO:0035522),1.2986357777758883,0.46987929940223694,27
Monoubiquitinated Histone Deubiquitination (GO:0035521),1.2986357777758883,0.46987929940223694,27
Protein Processing (GO:0016485),1.2985879628037449,0.22621417045593262,117
Negative Regulation Of miRNA Processing (GO:1903799),1.2985542800266516,0.4365155100822449,6
DNA Strand Elongation Involved In DNA Replication (GO:0006271),1.298464641061184,0.4891654849052429,12
Regulation Of Interferon-Beta Production (GO:0032648),1.2982681036856307,0.3718786835670471,50
"Positive Regulation Of CD8-positive, Alpha-Beta T Cell Activation (GO:2001187)",1.297874087634318,0.4365155100822449,8
Protein Localization To Cytoplasmic Stress Granule (GO:1903608),1.2973630308882578,0.46987929940223694,7
Regulation Of Nuclease Activity (GO:0032069),1.2971855122418174,0.48917824029922485,6
Insulin Processing (GO:0030070),1.2970165975323509,0.44313350319862366,5
RNA Capping (GO:0036260),1.2969823141708263,0.46987929940223694,7
7-Methylguanosine Cap Hypermethylation (GO:0036261),1.2969823141708263,0.46987929940223694,7
Response To Organophosphorus (GO:0046683),1.2968579894278878,0.4871734082698822,18
Extracellular Structure Organization (GO:0043062),1.2965603267470294,0.23651015758514404,109
Regulation Of Transforming Growth Factor Beta1 Production (GO:0032908),1.296361843434903,0.46987929940223694,6
Nuclear Export (GO:0051168),1.295414139635851,0.37328392267227173,49
Regulation Of Tissue Remodeling (GO:0034103),1.295294285153771,0.45192426443099976,19
AMP Biosynthetic Process (GO:0006167),1.295202106420733,0.4867369532585144,8
Positive Regulation Of Dendritic Cell Chemotaxis (GO:2000510),1.2946184080936514,0.489155650138855,7
Regulation Of Lymphocyte Proliferation (GO:0050670),1.2945728128509288,0.4408067762851715,18
Positive Regulation Of Unsaturated Fatty Acid Biosynthetic Process (GO:2001280),1.2944741299535854,0.4933852553367615,6
Pronephros Development (GO:0048793),1.294166635921542,0.46987929940223694,5
Macrophage Activation Involved In Immune Response (GO:0002281),1.293568323271739,0.4622909426689148,11
Negative Regulation Of Protein Metabolic Process (GO:0051248),1.2929382258619815,0.150420144200325,147
Autophagosome Membrane Docking (GO:0016240),1.292712368522648,0.45701852440834045,6
snRNA 3'-End Processing (GO:0034472),1.2922837804923124,0.45219385623931885,22
Positive Regulation Of Membrane Invagination (GO:1905155),1.2921519637494199,0.5171025991439819,8
DNA Catabolic Process (GO:0006308),1.2918756621379268,0.46207672357559204,19
HALLMARK_IL6_JAK_STAT3_SIGNALING,1.291699163405861,0.2835230231285095,87
IMP Metabolic Process (GO:0046040),1.2916987379363674,0.4867369532585144,9
Negative Regulation Of Response To Endoplasmic Reticulum Stress (GO:1903573),1.2916008021927745,0.4589797556400299,25
Ornithine Metabolic Process (GO:0006591),1.2914160548162779,0.47960329055786133,9
HALLMARK_APICAL_SURFACE,1.2909771664434417,0.41200339794158936,44
Glycosphingolipid Catabolic Process (GO:0046479),1.29089967768495,0.4829012453556061,9
Regulation Of Neutrophil Extravasation (GO:2000389),1.2908251651998432,0.48057621717453003,5
Positive Regulation Of Chemotaxis (GO:0050921),1.2908040791148034,0.394832044839859,44
Positive Regulation Of Transcription From RNA Polymerase II Promoter In Response To Endoplasmic Reticulum Stress (GO:1990440),1.290698074582959,0.4741283059120178,10
Platelet Dense Granule Organization (GO:0060155),1.2906456825393358,0.46987929940223694,22
Protein Secretion (GO:0009306),1.290548755399216,0.3718786835670471,67
Negative Regulation Of Intrinsic Apoptotic Signaling Pathway In Response To DNA Damage (GO:1902230),1.2902532705515306,0.4373460114002228,25
Amyloid-Beta Formation (GO:0034205),1.2902220090415142,0.4853323698043823,8
"Regulation Of Nuclear-Transcribed mRNA Catabolic Process, Deadenylation-Dependent Decay (GO:1900151)",1.2898657792914554,0.46215808391571045,23
Positive Regulation Of Mitochondrial Calcium Ion Concentration (GO:0051561),1.289166253691021,0.4829012453556061,8
Regulation Of Transcription Of Nucleolar Large rRNA By RNA Polymerase I (GO:1901836),1.2891255542097644,0.48917824029922485,13
Ceramide Catabolic Process (GO:0046514),1.2890771667423269,0.4945102035999298,15
Regulation Of Vacuole Organization (GO:0044088),1.2889138576846124,0.4945102035999298,17
DNA Unwinding Involved In DNA Replication (GO:0006268),1.2888038544967573,0.49137258529663086,20
Regulation Of Necrotic Cell Death (GO:0010939),1.2882090196315032,0.4647471308708191,8
Regulation Of Mitochondrial Translation (GO:0070129),1.2873951840153097,0.46491384506225586,22
Toll-Like Receptor Signaling Pathway (GO:0002224),1.2870007430280406,0.45558035373687744,31
Eye Photoreceptor Cell Development (GO:0042462),1.286853820924873,0.46634620428085327,13
Bone Development (GO:0060348),1.286513268305386,0.4210360646247864,44
Late Endosome To Vacuole Transport Via Multivesicular Body Sorting Pathway (GO:0032511),1.286137513325741,0.46987929940223694,25
Nucleobase-Containing Compound Biosynthetic Process (GO:0034654),1.2858386504291022,0.4945102035999298,9
Import Into Nucleus (GO:0051170),1.2858354829318464,0.35877731442451477,74
Fatty Acid Biosynthetic Process (GO:0006633),1.2854733097956883,0.4052315056324005,65
Regulation Of Multicellular Organism Growth (GO:0040014),1.2854710689310667,0.47331300377845764,15
Cellular Response To dsRNA (GO:0071359),1.285353159928851,0.4871734082698822,17
Protein Import Into Nucleus (GO:0006606),1.285206171868266,0.37556442618370056,79
Myeloid Cell Activation Involved In Immune Response (GO:0002275),1.2851324975203402,0.49137258529663086,17
HALLMARK_PEROXISOME,1.2851219916793206,0.2829841077327728,104
Regulation Of Homotypic Cell-Cell Adhesion (GO:0034110),1.2850556360580838,0.4813818037509918,11
Proteasome Assembly (GO:0043248),1.284933164995278,0.4977106750011444,8
Positive Regulation Of Interleukin-18 Production (GO:0032741),1.2848914144340207,0.4622909426689148,5
Regulation Of Mitochondrial Outer Membrane Permeabilization Involved In Apoptotic Signaling Pathway (GO:1901028),1.2846947141508238,0.5017886757850647,18
ESCRT III Complex Disassembly (GO:1904903),1.2845257194349524,0.4945102035999298,9
ESCRT Complex Disassembly (GO:1904896),1.2845257194349524,0.4945102035999298,9
Regulation Of Mast Cell Activation (GO:0033003),1.2845253213068089,0.4945102035999298,9
Negative Regulation Of Intrinsic Apoptotic Signaling Pathway (GO:2001243),1.2844659209441454,0.3511219322681427,61
Cholesterol Catabolic Process (GO:0006707),1.2837690375234094,0.4829012453556061,6
Sterol Catabolic Process (GO:0016127),1.2837690375234094,0.4829012453556061,6
Nucleosome Organization (GO:0034728),1.2833786670661504,0.4135339558124542,75
Negative Regulation Of Lipid Catabolic Process (GO:0050995),1.2833694258457828,0.4867369532585144,18
Regulation Of Lamellipodium Assembly (GO:0010591),1.2831487786890226,0.46987929940223694,33
Positive Regulation Of Calcium Ion Transmembrane Transporter Activity (GO:1901021),1.2830491111144036,0.46987929940223694,27
Extrinsic Apoptotic Signaling Pathway Via Death Domain Receptors (GO:0008625),1.2822304826595687,0.4719395935535431,30
Regulation Of Leukocyte Activation (GO:0002694),1.2822252359098991,0.46987929940223694,14
Pinocytosis (GO:0006907),1.2819739575453761,0.5254340171813965,9
Cellular Response To Ionizing Radiation (GO:0071479),1.2818259053274477,0.41188451647758484,52
Macropinocytosis (GO:0044351),1.2817811247805497,0.5331870913505554,6
Negative Regulation Of T Cell Activation (GO:0050868),1.2812459254708888,0.3765866756439209,49
Mitotic Cytokinetic Process (GO:1902410),1.2807457583069533,0.49214571714401245,18
Negative Regulation Of Type I Interferon Production (GO:0032480),1.2806810742928483,0.4634954631328583,38
Purine Ribonucleoside Triphosphate Biosynthetic Process (GO:0009206),1.2805647673479004,0.5046225190162659,10
AMP Metabolic Process (GO:0046033),1.2804291101479164,0.5061220526695251,11
Protein Maturation By Iron-Sulfur Cluster Transfer (GO:0097428),1.280421067196409,0.4963649809360504,14
Vesicle Cargo Loading (GO:0035459),1.2801879521383153,0.5033707022666931,25
Regulation Of Inflammatory Response To Wounding (GO:0106014),1.2800498260564483,0.4945102035999298,9
Regulation Of Long-Chain Fatty Acid Import Across Plasma Membrane (GO:0010746),1.279767412597358,0.47952115535736084,5
Positive Regulation Of Epidermis Development (GO:0045684),1.2797641653578011,0.48917824029922485,9
Regulation Of Sequestering Of Triglyceride (GO:0010889),1.2795473939423019,0.48589038848876953,14
Protein Stabilization (GO:0050821),1.2793709772628863,0.17759902775287628,208
Intrinsic Apoptotic Signaling Pathway In Response To DNA Damage (GO:0008630),1.278906598359492,0.4030797481536865,49
Regulation Of Establishment Of T Cell Polarity (GO:1903903),1.278762727862376,0.489155650138855,5
Regulation Of Lysosomal Lumen pH (GO:0035751),1.2787516773877388,0.4867369532585144,25
Positive Regulation Of ATP Biosynthetic Process (GO:2001171),1.278702913895408,0.5033707022666931,8
Regulation Of Cysteine-Type Endopeptidase Activity Involved In Apoptotic Signaling Pathway (GO:2001267),1.2786494462779217,0.499721497297287,10
Regulation Of Intrinsic Apoptotic Signaling Pathway (GO:2001242),1.278582482298406,0.4226781725883484,48
Peptidyl-Threonine Dephosphorylation (GO:0035970),1.2785677165920937,0.4945102035999298,17
Positive Regulation Of Protein Import Into Nucleus (GO:0042307),1.2781896868529439,0.45558035373687744,28
Positive Regulation Of Double-Strand Break Repair (GO:2000781),1.2779857751041297,0.3365987539291382,84
Regulation Of Protein Catabolic Process (GO:0042176),1.2778144879774396,0.2611103653907776,122
Protein Hexamerization (GO:0034214),1.2777251805380403,0.4945102035999298,8
Regulation Of Reactive Oxygen Species Metabolic Process (GO:2000377),1.277279381333032,0.41399168968200684,56
Macrophage Differentiation (GO:0030225),1.277088718838167,0.4945102035999298,21
"DNA Damage Response, Signal Transduction By P53 Class Mediator Resulting In Transcription Of P21 Class Mediator (GO:0006978)",1.2769789113297676,0.46987929940223694,8
mRNA 3'-End Processing By Stem-Loop Binding And Cleavage (GO:0006398),1.2767549261645736,0.48917824029922485,5
Serine Family Amino Acid Metabolic Process (GO:0009069),1.2767260190482839,0.5184127688407898,14
Regulation Of Proteasomal Protein Catabolic Process (GO:0061136),1.27643420631699,0.44313350319862366,53
Negative Regulation Of Protein Polyubiquitination (GO:1902915),1.276141629532656,0.4977106750011444,5
Somite Development (GO:0061053),1.2760966392223896,0.4541208744049072,8
Skin Development (GO:0043588),1.2760936006830461,0.3929416239261627,68
Regulation Of DNA Binding (GO:0051101),1.2752455195752808,0.43767306208610535,48
COPII-coated Vesicle Cargo Loading (GO:0090110),1.2747961111765713,0.5046225190162659,14
Astrocyte Differentiation (GO:0048708),1.2747358301020042,0.4867369532585144,5
Regulation Of Fibrinolysis (GO:0051917),1.2740345068980048,0.49214571714401245,16
Response To Type I Interferon (GO:0034340),1.2737838456337696,0.5101048946380615,9
Macrophage Derived Foam Cell Differentiation (GO:0010742),1.2737564302972748,0.5225327014923096,6
Positive Regulation Of Response To Endoplasmic Reticulum Stress (GO:1905898),1.273578619867469,0.4945102035999298,18
Positive Regulation Of MHC Class II Biosynthetic Process (GO:0045348),1.2733156803846835,0.49949878454208374,10
Positive Regulation Of Keratinocyte Migration (GO:0051549),1.273032808279938,0.4977106750011444,9
Positive Regulation Of Endothelial Cell Chemotaxis (GO:2001028),1.27289585227241,0.5380476713180542,14
Neutrophil Migration (GO:1990266),1.2728214267687958,0.34489697217941284,77
Positive Regulation Of RNA Metabolic Process (GO:0051254),1.2719823595026813,0.4699059724807739,33
Protein Methylation (GO:0006479),1.271832299476845,0.4408067762851715,35
Regulation Of Early Endosome To Late Endosome Transport (GO:2000641),1.2718061458754912,0.5171025991439819,19
Nuclear Membrane Organization (GO:0071763),1.2716225659784335,0.46987929940223694,26
Negative Regulation Of Endopeptidase Activity (GO:0010951),1.27134706169669,0.38873812556266785,66
Negative Regulation Of Bone Resorption (GO:0045779),1.270744728764516,0.4999225437641144,9
"Negative Regulation Of DNA Damage Response, Signal Transduction By P53 Class Mediator (GO:0043518)",1.2707322722394059,0.4977106750011444,13
Response To Testosterone (GO:0033574),1.2701383130070993,0.4977106750011444,5
Ribose Phosphate Biosynthetic Process (GO:0046390),1.2699843301654736,0.5236487984657288,6
Positive Regulation Of Fibroblast Proliferation (GO:0048146),1.2697573015603008,0.4945102035999298,28
Gene Expression (GO:0010467),1.2697493274414922,0.212947815656662,296
Iron-Sulfur Cluster Assembly (GO:0016226),1.2690539558018568,0.4902673661708832,27
Metallo-Sulfur Cluster Assembly (GO:0031163),1.2690539558018568,0.4902673661708832,27
NADPH Regeneration (GO:0006740),1.2689755254294997,0.5522701740264893,12
Response To Increased Oxygen Levels (GO:0036296),1.2688565221737576,0.5171025991439819,6
Positive Regulation Of DNA-templated Transcription Initiation (GO:2000144),1.268433167173116,0.40243032574653625,56
Macromolecule Catabolic Process (GO:0009057),1.2680832984879735,0.3996434509754181,85
Positive Regulation Of Exosomal Secretion (GO:1903543),1.2679030128390403,0.48589038848876953,14
Pexophagy (GO:0000425),1.2674249270725917,0.4969160258769989,5
Carboxylic Acid Biosynthetic Process (GO:0046394),1.2668426004868936,0.5379948616027832,17
Positive Regulation Of Protein Localization To Nucleus (GO:1900182),1.266840412461298,0.37413960695266724,72
Negative Regulation Of Acute Inflammatory Response (GO:0002674),1.2665349041554141,0.5400316119194031,6
Dicarboxylic Acid Metabolic Process (GO:0043648),1.266519872750193,0.45953384041786194,50
Positive Regulation Of Oligodendrocyte Differentiation (GO:0048714),1.2662929546711674,0.4945102035999298,7
Toll-Like Receptor 3 Signaling Pathway (GO:0034138),1.2662174498488237,0.5046225190162659,6
Negative Regulation Of Viral Entry Into Host Cell (GO:0046597),1.2662065374906515,0.4945102035999298,18
Lactation (GO:0007595),1.2659988869682786,0.5285605192184448,8
Regulation Of T Cell Apoptotic Process (GO:0070232),1.2659325828251844,0.5017886757850647,11
Positive Regulation Of Activation Of Janus Kinase Activity (GO:0010536),1.2654575110214799,0.5046225190162659,6
Succinate Transport (GO:0015744),1.2652514644044226,0.5254340171813965,5
"Regulation Of CD8-positive, Alpha-Beta T Cell Differentiation (GO:0043376)",1.2647327082491393,0.5171025991439819,7
Regulation Of Golgi To Plasma Membrane Protein Transport (GO:0042996),1.2646928452037012,0.5379948616027832,7
Negative Regulation Of Lymphocyte Activation (GO:0051250),1.2645129307190688,0.4977106750011444,23
Ribosomal Large Subunit Assembly (GO:0000027),1.2638935365612554,0.5467710494995117,22
Negative Regulation Of Myeloid Leukocyte Mediated Immunity (GO:0002887),1.263842341538569,0.5488505959510803,5
Protein K11-linked Ubiquitination (GO:0070979),1.2637878121412602,0.4977106750011444,29
Positive Regulation Of Epidermal Cell Differentiation (GO:0045606),1.263635013063582,0.4945102035999298,18
Activation Of NF-kappaB-inducing Kinase Activity (GO:0007250),1.263502520938428,0.4968549907207489,15
Positive Regulation Of G Protein-Coupled Receptor Signaling Pathway (GO:0045745),1.2632487373077639,0.5171025991439819,18
Negative Regulation Of Protein Catabolic Process (GO:0042177),1.2631891811251537,0.45558035373687744,54
"RNA Splicing, Via Endonucleolytic Cleavage And Ligation (GO:0000394)",1.2631096888958462,0.5522701740264893,11
HALLMARK_APOPTOSIS,1.2630188385315608,0.2390851527452469,161
Ceramide Transport (GO:0035627),1.2629256076320752,0.5171025991439819,14
Astrocyte Activation (GO:0048143),1.262666270314527,0.5366083979606628,12
Glycoprotein Biosynthetic Process (GO:0009101),1.2625098535124226,0.36609601974487305,80
Defense Response To Gram-negative Bacterium (GO:0050829),1.2624581224736648,0.41851702332496643,75
Mitotic DNA Replication (GO:1902969),1.2624436058075583,0.5379948616027832,10
Deadenylation-Dependent Decapping Of Nuclear-Transcribed mRNA (GO:0000290),1.2622713415006777,0.5496026277542114,7
Lymphocyte Proliferation (GO:0046651),1.2622206449374365,0.4618546664714813,38
Regulation Of Cholesterol Biosynthetic Process (GO:0045540),1.2620910192891173,0.5379948616027832,15
Negative Regulation Of ATP-dependent Activity (GO:0032780),1.2619062254172864,0.5231448411941528,16
Positive Regulation Of Vascular Endothelial Cell Proliferation (GO:1905564),1.2616146153322036,0.5357865691184998,12
Receptor Signaling Pathway Via STAT (GO:0097696),1.2616032797576118,0.5171025991439819,31
Response To dsRNA (GO:0043331),1.2615726619159462,0.5171025991439819,25
Positive Regulation Of Receptor Catabolic Process (GO:2000646),1.2615314423017265,0.48619186878204346,6
Regulation Of Oxidative Phosphorylation (GO:0002082),1.2614535281413695,0.5052454471588135,17
Cell Surface Toll-Like Receptor Signaling Pathway (GO:0140895),1.2613628520472477,0.5423935055732727,16
Positive Regulation Of Innate Immune Response (GO:0045089),1.2613570352843786,0.46987929940223694,45
HALLMARK_G2M_CHECKPOINT,1.261205077969468,0.18930251896381378,200
Regulation Of Tumor Necrosis Factor Production (GO:0032680),1.2610539308965418,0.28680408000946045,127
Regulation Of Dopamine Metabolic Process (GO:0042053),1.2610456243186488,0.5046225190162659,7
Negative Regulation Of Response To Wounding (GO:1903035),1.2609762643459164,0.4871734082698822,25
Regulation Of Interleukin-8 Production (GO:0032677),1.2607741750091424,0.3692803978919983,81
RNA Catabolic Process (GO:0006401),1.2604703613080497,0.4210360646247864,57
Regulation Of Protein Targeting To Mitochondrion (GO:1903214),1.2602946905215189,0.4945102035999298,39
Translational Elongation (GO:0006414),1.2600922934410947,0.4945102035999298,42
Amino Acid Transmembrane Transport (GO:0003333),1.2599302370831373,0.47240152955055237,42
Positive Regulation Of Monocyte Chemotaxis (GO:0090026),1.2596725578970587,0.5222299098968506,18
Regulation Of Cell Fate Commitment (GO:0010453),1.2595515459232067,0.5423935055732727,13
"Positive Regulation Of Phagocytosis, Engulfment (GO:0060100)",1.2592716633087826,0.5467710494995117,9
Negative Regulation Of Nervous System Development (GO:0051961),1.2592040346938103,0.5379948616027832,18
Regulation Of Double-Strand Break Repair (GO:2000779),1.2588309131083921,0.35862115025520325,88
Sequestering Of Extracellular Ligand From Receptor (GO:0035581),1.2587324182673134,0.5377837419509888,9
Phosphatidic Acid Biosynthetic Process (GO:0006654),1.2586894773133883,0.4945102035999298,29
Positive Regulation Of Viral Genome Replication (GO:0045070),1.258622181916155,0.4977106750011444,29
ER-associated Misfolded Protein Catabolic Process (GO:0071712),1.258601859766217,0.5367373824119568,9
Regulation Of Vesicle Size (GO:0097494),1.2583177367288114,0.5367373824119568,14
Regulation Of Protein Depolymerization (GO:1901879),1.258133240950913,0.5044128894805908,5
Spliceosomal snRNP Assembly (GO:0000387),1.25762242344614,0.4719395935535431,37
Engulfment Of Apoptotic Cell (GO:0043652),1.2575965665575641,0.5184127688407898,10
Defense Response To Gram-positive Bacterium (GO:0050830),1.2570935684774014,0.41188451647758484,85
Positive Regulation Of Sequestering Of Triglyceride (GO:0010890),1.257077298527867,0.4945102035999298,8
Protein Glycosylation (GO:0006486),1.2570225040557201,0.27724477648735046,147
Box C/D snoRNP Assembly (GO:0000492),1.2569816927461526,0.4977106750011444,8
Regulation Of DNA Metabolic Process (GO:0051052),1.2562806809826572,0.2675513029098511,124
Microvillus Organization (GO:0032528),1.2550199613856277,0.5522701740264893,13
Serine Family Amino Acid Biosynthetic Process (GO:0009070),1.2547666174869485,0.5651351809501648,10
Regulation Of Receptor Signaling Pathway Via STAT (GO:1904892),1.254609817905694,0.5236148834228516,17
Regulation Of Osteoclast Development (GO:2001204),1.2540892532972663,0.5522701740264893,6
Monoubiquitinated Protein Deubiquitination (GO:0035520),1.2537477813352516,0.4963649809360504,33
Regulation Of Epidermis Development (GO:0045682),1.2536194933513116,0.5184127688407898,8
Cellular Response To Radiation (GO:0071478),1.2535487517739616,0.47485828399658203,48
Immune Response-Regulating Cell Surface Receptor Signaling Pathway (GO:0002768),1.2535317338385927,0.5423935055732727,13
Insulin Metabolic Process (GO:1901142),1.2535058788082818,0.557310163974762,9
Regulation Of Chromosome Organization (GO:0033044),1.2534490846017121,0.48917824029922485,43
Regulation Of Autophagy (GO:0010506),1.2532508307856143,0.17759902775287628,241
B Cell Chemotaxis (GO:0035754),1.2529599257477546,0.5314809679985046,5
RNA Biosynthetic Process (GO:0032774),1.2528256890639515,0.5171025991439819,29
peptidyl-S-diacylglycerol-L-cysteine Biosynthetic Process From Peptidyl-Cysteine (GO:0018231),1.2527617709406407,0.5330473184585571,22
peptidyl-L-cysteine S-palmitoylation (GO:0018230),1.2527617709406407,0.5330473184585571,22
Regulation Of Interleukin-17 Production (GO:0032660),1.2527522489993408,0.5044128894805908,34
B Cell Homeostasis (GO:0001782),1.2525817032995417,0.5468433499336243,9
DNA Strand Elongation (GO:0022616),1.2524779294012556,0.5405178666114807,12
Protein Localization To Synapse (GO:0035418),1.2524497162820154,0.5266523957252502,13
Protein Sumoylation (GO:0016925),1.2524071128131824,0.46987929940223694,46
Gamma-Delta T Cell Activation (GO:0046629),1.2523047914334597,0.5379948616027832,12
Regulation Of Rhodopsin Mediated Signaling Pathway (GO:0022400),1.2521864178364401,0.5561931133270264,8
Aspartate Metabolic Process (GO:0006531),1.252000427362896,0.5693302750587463,5
Regulation Of Proteolysis Involved In Protein Catabolic Process (GO:1903050),1.251718875426783,0.5314809679985046,24
Citrulline Metabolic Process (GO:0000052),1.2516726942162804,0.5033707022666931,6
Regulation Of Protein Exit From Endoplasmic Reticulum (GO:0070861),1.2516536468203991,0.5467710494995117,11
Lymphocyte Chemotaxis (GO:0048247),1.2515225851547387,0.4680091142654419,44
Regulation Of Keratinocyte Differentiation (GO:0045616),1.2514888433231908,0.5171025991439819,26
Cytokine-Mediated Signaling Pathway (GO:0019221),1.2513827795090628,0.19536904990673065,257
Telomere Maintenance Via Telomerase (GO:0007004),1.250740605652602,0.5423935055732727,19
RNA-templated DNA Biosynthetic Process (GO:0006278),1.250740605652602,0.5423935055732727,19
Regulation Of Mitotic Cell Cycle Phase Transition (GO:1901990),1.2507242640540734,0.3889838755130768,86
Negative Regulation Of Endoplasmic Reticulum Stress-Induced Intrinsic Apoptotic Signaling Pathway (GO:1902236),1.2505579244553127,0.5314809679985046,15
"Regulation Of Phagocytosis, Engulfment (GO:0060099)",1.250318070041207,0.5569362044334412,10
Regulation Of Glycoprotein Biosynthetic Process (GO:0010559),1.2503113375088133,0.5488505959510803,10
Negative Regulation Of Oxidative Stress-Induced Neuron Death (GO:1903204),1.2502119993795564,0.5210597515106201,8
Positive Regulation By Host Of Viral Genome Replication (GO:0044829),1.2499161038136473,0.5171025991439819,7
Negative Regulation Of Release Of Cytochrome C From Mitochondria (GO:0090201),1.249697984171271,0.5226455926895142,16
"Establishment Of Mitochondrion Localization, Microtubule-Mediated (GO:0034643)",1.2492875554679763,0.5274621248245239,5
Regulation Of NLRP3 Inflammasome Complex Assembly (GO:1900225),1.2492356441149337,0.5017886757850647,33
Negative Regulation Of mRNA Processing (GO:0050686),1.2490470641193392,0.5561931133270264,15
"Positive Regulation Of CD4-positive, Alpha-Beta T Cell Differentiation (GO:0043372)",1.248748863380938,0.5569362044334412,7
Positive Regulation Of Transcription Of Nucleolar Large rRNA By RNA Polymerase I (GO:1901838),1.2482204204236127,0.5423935055732727,9
Response To Alcohol (GO:0097305),1.2479917145370172,0.4945102035999298,29
GPI Anchor Biosynthetic Process (GO:0006506),1.2478929247902484,0.5171025991439819,30
Nucleoside Metabolic Process (GO:0009116),1.2477442462420012,0.5379948616027832,9
Atrial Septum Morphogenesis (GO:0060413),1.2477099823901954,0.5522701740264893,10
Protein Localization To Perinuclear Region Of Cytoplasm (GO:1905719),1.2476298455923545,0.5588831901550293,8
Pentose-Phosphate Shunt (GO:0006098),1.247450964492575,0.5423935055732727,11
Regulation Of Amide Metabolic Process (GO:0034248),1.2474037333331338,0.4782258868217468,41
Late Endosome To Lysosome Transport (GO:1902774),1.2470304974185393,0.5456305146217346,16
Sister Chromatid Segregation (GO:0000819),1.2466200514364179,0.5193859934806824,34
Golgi To Vacuole Transport (GO:0006896),1.2465680858027266,0.5522701740264893,17
Carboxylic Acid Transport (GO:0046942),1.2464306017751496,0.4210360646247864,53
Histone Deubiquitination (GO:0016578),1.2461735999181371,0.5423935055732727,34
Platelet Aggregation (GO:0070527),1.2460309914341712,0.4977106750011444,35
Negative Regulation Of Leukocyte Degranulation (GO:0043301),1.2455954845545123,0.5425965785980225,8
Cellular Response To Thyroid Hormone Stimulus (GO:0097067),1.2453743058182762,0.5522701740264893,11
Regulation Of Vascular Endothelial Cell Proliferation (GO:1905562),1.245213099109,0.5743929147720337,18
Protein Localization To Organelle (GO:0033365),1.245002407548754,0.31180211901664734,137
Regulation Of Macrophage Cytokine Production (GO:0010935),1.2448637438963563,0.5522701740264893,13
Endoplasmic Reticulum Tubular Network Organization (GO:0071786),1.2441914284210704,0.5423935055732727,16
Negative Regulation Of Blood Pressure (GO:0045776),1.2435298631406924,0.5496026277542114,14
Leptin-Mediated Signaling Pathway (GO:0033210),1.2434994568531594,0.534183144569397,8
GMP Metabolic Process (GO:0046037),1.2434760711166448,0.5616623759269714,8
Neuroepithelial Cell Differentiation (GO:0060563),1.2433821415148658,0.522758960723877,7
Positive Regulation Of Response To Wounding (GO:1903036),1.243052753237826,0.5424258708953857,27
Regulation Of Nucleotide-Binding Oligomerization Domain Containing 2 Signaling Pathway (GO:0070432),1.242059440352333,0.5467710494995117,6
Regulation Of Extracellular Exosome Assembly (GO:1903551),1.2416176975889923,0.5485019683837891,5
Positive Regulation Of Cytokine Production Involved In Inflammatory Response (GO:1900017),1.241556661274236,0.5708328485488892,18
Positive Regulation Of Cytosolic Calcium Ion Concentration Involved In Phospholipase C-activating G Protein-Coupled Signaling Pathway (GO:0051482),1.2413508852878536,0.5525642037391663,27
Store-Operated Calcium Entry (GO:0002115),1.2407356433914278,0.5702222585678101,7
Cellular Response To Type II Interferon (GO:0071346),1.2405036675202807,0.46987929940223694,66
Protein Lipidation (GO:0006497),1.2402502509572917,0.45701852440834045,62
Regulation Of Protein Import Into Nucleus (GO:0042306),1.240234545899228,0.4945102035999298,38
Long-Chain fatty-acyl-CoA Biosynthetic Process (GO:0035338),1.2401233163396175,0.5379948616027832,17
Positive Regulation Of Catabolic Process (GO:0009896),1.2398289006095928,0.41200339794158936,79
Phosphatidylinositol Acyl-Chain Remodeling (GO:0036149),1.239406114324591,0.5467710494995117,5
Negative Regulation Of G Protein-Coupled Receptor Signaling Pathway (GO:0045744),1.2391370692557808,0.5614697933197021,22
Nucleotide Metabolic Process (GO:0009117),1.2389518503373118,0.5561931133270264,12
Endoplasmic Reticulum Organization (GO:0007029),1.2383179908593234,0.48917824029922485,54
Cellular Response To Xenobiotic Stimulus (GO:0071466),1.2382421511809363,0.5630658864974976,26
Positive Regulation Of Nucleocytoplasmic Transport (GO:0046824),1.2380409554516587,0.47602421045303345,44
Negative Regulation Of Translational Initiation (GO:0045947),1.2380317907367209,0.5672838091850281,13
HALLMARK_COAGULATION,1.2379894901361885,0.3204595446586609,138
Proton-Transporting V-type ATPase Complex Assembly (GO:0070070),1.2378436616106192,0.5456305146217346,5
Regulation Of Myotube Differentiation (GO:0010830),1.2377842460544115,0.5628411173820496,23
"Negative Regulation Of DNA-templated Transcription, Elongation (GO:0032785)",1.2377708604587545,0.5522701740264893,18
Negative Regulation Of Kinase Activity (GO:0033673),1.2376637534533381,0.4699059724807739,62
Notch Receptor Processing (GO:0007220),1.2375731290261252,0.5670297145843506,7
Mitotic Cell Cycle Phase Transition (GO:0044772),1.2373665647716103,0.37413960695266724,111
Methylguanosine-Cap Decapping (GO:0110156),1.2371623660770061,0.5528749227523804,11
Regulation Of DNA Methylation-Dependent Heterochromatin Formation (GO:0090308),1.2371455437572048,0.5628411173820496,17
Regulation Of Stem Cell Population Maintenance (GO:2000036),1.2368103897002813,0.4911511242389679,56
Lipoxygenase Pathway (GO:0019372),1.2367040297784848,0.5488505959510803,7
Regulation Of Bone Resorption (GO:0045124),1.2366975548281176,0.5467710494995117,28
Regulation Of IRE1-mediated Unfolded Protein Response (GO:1903894),1.2366923977310869,0.5751937627792358,13
Melanosome Organization (GO:0032438),1.2366412026367035,0.505448043346405,37
Negative Regulation Of Cation Channel Activity (GO:2001258),1.2366340546521106,0.5522701740264893,28
Negative Regulation Of Ryanodine-Sensitive Calcium-Release Channel Activity (GO:0060315),1.2362567649625646,0.5571775436401367,11
Negative Regulation Of Release Of Sequestered Calcium Ion Into Cytosol (GO:0051280),1.2362567649625646,0.5571775436401367,11
"Protein Import Into Peroxisome Matrix, Receptor Recycling (GO:0016562)",1.236125428048077,0.5379948616027832,6
Attachment Of GPI Anchor To Protein (GO:0016255),1.2359737165686362,0.5522701740264893,5
Oxygen Transport (GO:0015671),1.235881815380808,0.5818412899971008,10
Odontogenesis (GO:0042476),1.235616847223528,0.5376458764076233,39
Cellular Nitrogen Compound Biosynthetic Process (GO:0044271),1.2353462580903454,0.5281763672828674,32
Notochord Development (GO:0030903),1.2352153708049967,0.5528749227523804,5
Interleukin-3-Mediated Signaling Pathway (GO:0038156),1.2350148146063427,0.5583529472351074,6
Regulation Of Tyrosine Phosphorylation Of STAT Protein (GO:0042509),1.2348921627650378,0.46987929940223694,65
Positive Regulation Of Antigen Receptor-Mediated Signaling Pathway (GO:0050857),1.2348678631936623,0.5569362044334412,20
Regulation Of Dendritic Cell Apoptotic Process (GO:2000668),1.2342909336062389,0.5712392926216125,9
Cellular Response To Muramyl Dipeptide (GO:0071225),1.2341736523503584,0.5751200318336487,8
Regulation Of Interleukin-6 Production (GO:0032675),1.2341367303561082,0.34792792797088623,114
Histone Deacetylation (GO:0016575),1.2340601583499593,0.519781231880188,36
Mitochondrial Fission (GO:0000266),1.2340479770497168,0.5575624704360962,13
Protein Polyubiquitination (GO:0000209),1.2338929712358389,0.24368423223495483,226
Epithelial Cell Morphogenesis (GO:0003382),1.2331839790181758,0.5845082402229309,12
Positive Regulation Of Leukocyte Apoptotic Process (GO:2000108),1.233156600367557,0.5488505959510803,9
Negative Regulation Of Apoptotic Process (GO:0043066),1.233073714968696,0.09734964370727539,482
Regulation Of Translation In Response To Endoplasmic Reticulum Stress (GO:0036490),1.232961225409968,0.5668857097625732,5
Regulation Of Receptor Signaling Pathway Via JAK-STAT (GO:0046425),1.2327001289463806,0.49141621589660645,53
Positive Regulation Of Apoptotic Cell Clearance (GO:2000427),1.2325783094404492,0.5561931133270264,7
Regulation Of Centriole Elongation (GO:1903722),1.23252377990701,0.5727545619010925,6
DNA Metabolic Process (GO:0006259),1.232286070369106,0.18441379070281982,288
Double-Strand Break Repair (GO:0006302),1.2320384386741543,0.2734111249446869,168
Oligosaccharide Catabolic Process (GO:0009313),1.2319949006033495,0.5553011894226074,9
Regulation Of Neutrophil Migration (GO:1902622),1.231799919742472,0.5842897295951843,8
Negative Regulation Of Transcription By RNA Polymerase I (GO:0016479),1.2317159940086881,0.5743929147720337,9
Double-Strand Break Repair Via Nonhomologous End Joining (GO:0006303),1.2316320422907892,0.5049542188644409,41
Cellular Response To Amino Acid Stimulus (GO:0071230),1.2314097619842281,0.5467710494995117,35
Macroautophagy (GO:0016236),1.2311017692183646,0.38269007205963135,104
Nucleosome Assembly (GO:0006334),1.230892272506615,0.5423935055732727,54
Triglyceride Biosynthetic Process (GO:0019432),1.2302787858805626,0.5496026277542114,17
Mitotic Sister Chromatid Segregation (GO:0000070),1.2299951608136224,0.37413960695266724,111
Positive Regulation Of DNA Recombination (GO:0045911),1.2298610584329763,0.4945102035999298,51
Regulation Of Leukocyte Cell-Cell Adhesion (GO:1903037),1.2298405715385277,0.5668857097625732,11
Negative Regulation Of Ubiquitin-Protein Transferase Activity (GO:0051444),1.2297732618384305,0.5751200318336487,17
HALLMARK_ADIPOGENESIS,1.2294839950130516,0.28152647614479065,200
HALLMARK_FATTY_ACID_METABOLISM,1.2292501721159337,0.3204595446586609,157
Peptide Biosynthetic Process (GO:0043043),1.2291571684028428,0.5451716780662537,158
Protein Homooligomerization (GO:0051260),1.2287092782691535,0.35145121812820435,129
Regulation Of Endoplasmic Reticulum Stress-Induced Intrinsic Apoptotic Signaling Pathway (GO:1902235),1.2286173996945078,0.5584614276885986,24
Histone Acetylation (GO:0016573),1.2285763587105232,0.4871734082698822,60
Positive Regulation Of Programmed Cell Death (GO:0043068),1.228337890233928,0.19536904990673065,245
Regulation Of Cellular Response To Hypoxia (GO:1900037),1.2278680802948874,0.5702222585678101,6
Regulation Of Mitochondrial Membrane Permeability (GO:0046902),1.2276098785465308,0.5693302750587463,18
Positive Regulation Of Extrinsic Apoptotic Signaling Pathway (GO:2001238),1.2273316189968393,0.5561931133270264,31
DNA Recombination (GO:0006310),1.2272923236611404,0.5321560502052307,42
Negative Regulation Of Actin Nucleation (GO:0051126),1.2272738288136191,0.5668857097625732,7
Carbohydrate Derivative Transport (GO:1901264),1.2272210093296223,0.5818293690681458,17
Regulation Of Relaxation Of Muscle (GO:1901077),1.2269854961400644,0.5651351809501648,6
Extrinsic Apoptotic Signaling Pathway (GO:0097191),1.226842336054382,0.46987929940223694,67
Long-Chain fatty-acyl-CoA Metabolic Process (GO:0035336),1.2268380232369158,0.5569362044334412,23
Protein Quality Control For Misfolded Or Incompletely Synthesized Proteins (GO:0006515),1.2267862093916653,0.5569362044334412,27
Positive Regulation Of Chromosome Organization (GO:2001252),1.2264044493361823,0.5272855758666992,33
Pore Complex Assembly (GO:0046931),1.2263625733161754,0.5768057107925415,19
Regulation Of Mitotic Spindle Assembly (GO:1901673),1.226294539363794,0.5668857097625732,20
Regulation Of Antigen Receptor-Mediated Signaling Pathway (GO:0050854),1.2262601072235744,0.5676447153091431,6
Thymus Development (GO:0048538),1.2262072675031062,0.5875416398048401,13
Negative Regulation Of B Cell Proliferation (GO:0030889),1.2260652108626289,0.581203281879425,10
Negative Regulation Of NIK/NF-kappaB Signaling (GO:1901223),1.225935234122907,0.5569362044334412,27
Regulation Of ATPase-coupled Calcium Transmembrane Transporter Activity (GO:1901894),1.2259103929826132,0.5698146820068359,7
Erythrocyte Development (GO:0048821),1.2257874780659679,0.5756480097770691,11
Negative Regulation Of Defense Response To Virus (GO:0050687),1.2257216605028058,0.581203281879425,14
Regulation Of Toll-Like Receptor 2 Signaling Pathway (GO:0034135),1.2257200136713662,0.5561931133270264,10
Phagosome-Lysosome Fusion (GO:0090385),1.2255291609209376,0.5879676342010498,11
Negative Regulation Of JUN Kinase Activity (GO:0043508),1.2254212375395617,0.6008301973342896,12
Phosphatidylserine Metabolic Process (GO:0006658),1.2252636371285497,0.581203281879425,20
Positive Regulation Of Lipid Transport (GO:0032370),1.2252430985832523,0.5588253736495972,11
Nitric Oxide Metabolic Process (GO:0046209),1.2251533765508011,0.5825247764587402,16
Polarized Epithelial Cell Differentiation (GO:0030859),1.2250175694746495,0.5801810026168823,14
Positive Regulation Of TOR Signaling (GO:0032008),1.2250031631566582,0.5367373824119568,47
Histone Modification (GO:0016570),1.2249222487439735,0.4461384117603302,81
T Cell Chemotaxis (GO:0010818),1.224520647092264,0.581203281879425,10
Regulation Of Sequestering Of Calcium Ion (GO:0051282),1.224449322934186,0.5845082402229309,9
V(D)J Recombination (GO:0033151),1.2244001296011933,0.5676447153091431,12
Telomere Maintenance In Response To DNA Damage (GO:0043247),1.2243779149429408,0.5670894980430603,11
Negative Regulation Of Inclusion Body Assembly (GO:0090084),1.2243307567420958,0.5845082402229309,10
Negative Regulation Of Signal Transduction By P53 Class Mediator (GO:1901797),1.224280627925923,0.5757829546928406,18
Regulation Of Lipid Transport (GO:0032368),1.2237322663691022,0.5844752192497253,10
Hematopoietic Stem Cell Differentiation (GO:0060218),1.2230904106031892,0.581203281879425,9
Peptidyl-Proline Modification (GO:0018208),1.2230443747837647,0.5751200318336487,27
Cholesterol Efflux (GO:0033344),1.2228202533216412,0.5725277066230774,23
Positive Regulation Of Myeloid Leukocyte Cytokine Production Involved In Immune Response (GO:0061081),1.2228106218267887,0.581203281879425,16
Negative Regulation Of Apoptotic Signaling Pathway (GO:2001234),1.2224169350656546,0.46987929940223694,82
Regulation Of DNA-templated DNA Replication (GO:0090329),1.222147719946851,0.5757829546928406,17
Ubiquitin-Dependent Protein Catabolic Process Via The Multivesicular Body Sorting Pathway (GO:0043162),1.2220871380602234,0.5444800853729248,33
Associative Learning (GO:0008306),1.2219103711309287,0.5571775436401367,18
Nitric Oxide Biosynthetic Process (GO:0006809),1.2213551286770237,0.5948479771614075,15
Negative Regulation Of Cell Development (GO:0010721),1.221193723969357,0.581203281879425,22
Protein Peptidyl-Prolyl Isomerization (GO:0000413),1.2208684529971863,0.5672838091850281,22
Detection Of Calcium Ion (GO:0005513),1.2208416903641546,0.581203281879425,12
Morphogenesis Of An Endothelium (GO:0003159),1.2206686995313154,0.581203281879425,5
Negative Regulation Of Neuron Apoptotic Process (GO:0043524),1.2206646396112182,0.4977106750011444,74
Homotypic Cell-Cell Adhesion (GO:0034109),1.220439011914738,0.5314809679985046,46
Negative Regulation Of Endoplasmic Reticulum Calcium Ion Concentration (GO:0032471),1.2204345264462122,0.577885091304779,5
Regulation Of Secretion By Cell (GO:1903530),1.2203707942547157,0.5108354091644287,64
Phagosome Maturation (GO:0090382),1.220300636411976,0.5844752192497253,15
Secondary Alcohol Metabolic Process (GO:1902652),1.2200825721725677,0.540816605091095,47
Antiviral Innate Immune Response (GO:0140374),1.2199002985533032,0.5232533812522888,46
Response To Gamma Radiation (GO:0010332),1.2198041276553804,0.5824570059776306,22
Glutathione Biosynthetic Process (GO:0006750),1.2195883797500742,0.5756891369819641,6
HALLMARK_KRAS_SIGNALING_UP,1.2189845736639469,0.2636755704879761,200
Intracellular Oxygen Homeostasis (GO:0032364),1.2189668065715542,0.58974289894104,5
ISG15-protein Conjugation (GO:0032020),1.2189042334650737,0.5727545619010925,5
Monocyte Differentiation (GO:0030224),1.218711867816658,0.5908489227294922,10
Positive Regulation Of Cholesterol Storage (GO:0010886),1.2183324376996914,0.581203281879425,5
Regulation Of Pentose-Phosphate Shunt (GO:0043456),1.2182133263472252,0.5564215183258057,5
HALLMARK_XENOBIOTIC_METABOLISM,1.2181201739269854,0.3078365921974182,200
Positive Regulation Of Protein Processing (GO:0010954),1.2178896449824128,0.5751200318336487,20
RNA Export From Nucleus (GO:0006405),1.2177885518839104,0.4945102035999298,65
Telomere Maintenance (GO:0000723),1.2176807694845189,0.4945102035999298,68
Hematopoietic Progenitor Cell Differentiation (GO:0002244),1.2175618537256743,0.5541064143180847,28
Regulation Of Interleukin-23 Production (GO:0032667),1.2174143411080913,0.581203281879425,8
Positive Regulation Of Transcription From RNA Polymerase II Promoter In Response To Stress (GO:0036003),1.2172696236526654,0.5756480097770691,17
Peptidyl-Lysine Modification (GO:0018205),1.2170261643032996,0.4213530421257019,94
Sulfur Amino Acid Transport (GO:0000101),1.216980435320679,0.5989814400672913,7
Positive Regulation Of Steroid Metabolic Process (GO:0045940),1.2169753510733687,0.5699630379676819,6
Purine Ribonucleoside Monophosphate Catabolic Process (GO:0009169),1.2169178745173324,0.5778433680534363,7
Response To Muramyl Dipeptide (GO:0032495),1.2163982889809277,0.5989814400672913,12
Vesicle Organization (GO:0016050),1.2161525179647716,0.46987929940223694,94
Nonribosomal Peptide Biosynthetic Process (GO:0019184),1.2155674901055062,0.581203281879425,7
Regulation Of Actin Polymerization Or Depolymerization (GO:0008064),1.215328458786427,0.5651351809501648,27
TRAIL-activated Apoptotic Signaling Pathway (GO:0036462),1.215276520911737,0.5676447153091431,6
Regulation Of Activation Of Janus Kinase Activity (GO:0010533),1.215228045157742,0.5699630379676819,7
Negative Regulation Of Dendritic Cell Apoptotic Process (GO:2000669),1.2150180763781573,0.5879676342010498,6
Regulation Of Entry Of Bacterium Into Host Cell (GO:2000535),1.214828182155295,0.5879676342010498,6
Regulation Of Protein Transport (GO:0051223),1.2147233026167232,0.5712392926216125,28
Positive Regulation Of Protein Localization To Early Endosome (GO:1902966),1.2145125817865978,0.6134291291236877,8
Regulation Of Protein Localization To Early Endosome (GO:1902965),1.2145125817865978,0.6134291291236877,8
Positive Regulation Of Protein Localization To Endosome (GO:1905668),1.2145125817865978,0.6134291291236877,8
Toll-Like Receptor 9 Signaling Pathway (GO:0034162),1.2141920956478842,0.5821282267570496,5
Melanosome Assembly (GO:1903232),1.2138987984305556,0.5908489227294922,18
Positive Regulation Of Macrophage Activation (GO:0043032),1.2138136947637046,0.5569362044334412,17
Mitochondrial Calcium Ion Transmembrane Transport (GO:0006851),1.2137410906273,0.5879676342010498,14
Negative Regulation Of Cell Death (GO:0060548),1.2137336327687551,0.4977106750011444,64
Histone H3 Acetylation (GO:0043966),1.2136376859101596,0.5702222585678101,36
Cortical Cytoskeleton Organization (GO:0030865),1.2136167014641692,0.5879676342010498,27
Plasminogen Activation (GO:0031639),1.2134748568959304,0.6064592003822327,8
Negative Regulation Of Protein Localization To Plasma Membrane (GO:1903077),1.2127700319693289,0.577885091304779,20
Regulation Of Protein Serine/Threonine Kinase Activity (GO:0071900),1.21260516457271,0.41851702332496643,112
Triglyceride Catabolic Process (GO:0019433),1.212589206660683,0.5930470824241638,12
Import Into Cell (GO:0098657),1.212352351042668,0.5698146820068359,38
Actin Filament Depolymerization (GO:0030042),1.212283721797629,0.5989814400672913,10
Regulation Of Cell Fate Specification (GO:0042659),1.2120659834697562,0.6008679866790771,14
Telomere Maintenance Via Telomere Lengthening (GO:0010833),1.2120557675518846,0.5867895483970642,26
Positive Regulation Of Macrophage Cytokine Production (GO:0060907),1.2119033358598519,0.5863317251205444,8
snRNA Modification (GO:0040031),1.211830356128549,0.6134291291236877,5
Positive Regulation Of Apoptotic Process (GO:0043065),1.2115160095672308,0.2063271552324295,270
Positive Regulation Of Phosphate Metabolic Process (GO:0045937),1.2112936910618504,0.5727545619010925,30
N-acylphosphatidylethanolamine Metabolic Process (GO:0070292),1.2111624720833272,0.5845082402229309,8
mRNA Export From Nucleus (GO:0006406),1.2111089873616077,0.5314809679985046,62
Regulation Of Cyclin-Dependent Protein Kinase Activity (GO:1904029),1.2110735848882919,0.5171025991439819,53
Neutral Amino Acid Transport (GO:0015804),1.210918159786534,0.5756480097770691,35
Regulation Of Extrinsic Apoptotic Signaling Pathway Via Death Domain Receptors (GO:1902041),1.2107444909215443,0.5782493948936462,31
Regulation Of ATP Biosynthetic Process (GO:2001169),1.210328436799976,0.5989814400672913,14
N-acetylneuraminate Catabolic Process (GO:0019262),1.2099435699674694,0.5985450744628906,6
Positive Regulation Of Proteolysis Involved In Protein Catabolic Process (GO:1903052),1.2089679032246419,0.596185564994812,31
Positive Regulation Of Mitochondrion Organization (GO:0010822),1.2088960076129944,0.5174785256385803,58
Negative Regulation Of Alpha-Beta T Cell Proliferation (GO:0046642),1.2084907957547253,0.6135127544403076,9
Positive Regulation Of Amide Metabolic Process (GO:0034250),1.2084778145671058,0.5379948616027832,85
fatty-acyl-CoA Biosynthetic Process (GO:0046949),1.2083504308268718,0.592711329460144,25
Regulation Of NIK/NF-kappaB Signaling (GO:1901222),1.2083111220219547,0.4829012453556061,83
Growth Hormone Receptor Signaling Pathway Via JAK-STAT (GO:0060397),1.2082851337811127,0.6135127544403076,7
Regulation Of Stem Cell Division (GO:2000035),1.208078509838153,0.5630658864974976,7
Amino Acid Transport (GO:0006865),1.2079350329382796,0.5456233024597168,46
Regulation Of TORC2 Signaling (GO:1903939),1.2078892867814273,0.6134291291236877,6
TOR Signaling (GO:0031929),1.207885428257056,0.5668857097625732,29
Unsaturated Fatty Acid Metabolic Process (GO:0033559),1.2078284969790514,0.5569362044334412,49
Protein Deacetylation (GO:0006476),1.2075969071091655,0.5522701740264893,40
Positive Regulation Of Mast Cell Degranulation (GO:0043306),1.2075852133615332,0.6154937148094177,8
Positive Regulation Of Protein Catabolic Process (GO:0045732),1.2075657278998229,0.4782258868217468,92
Clathrin Coat Disassembly (GO:0072318),1.2069183899728722,0.6135127544403076,6
Pseudouridine Synthesis (GO:0001522),1.2066300600351958,0.5778433680534363,12
RNA Stabilization (GO:0043489),1.2064048770130344,0.5729913711547852,37
Positive Regulation Of Transcription By RNA Polymerase I (GO:0045943),1.2063108485130385,0.5712392926216125,34
Positive Regulation Of Chemokine Production (GO:0032722),1.2062621823071502,0.5171025991439819,53
Post-Translational Protein Modification (GO:0043687),1.2061962842894456,0.5544220805168152,48
RNA Methylation (GO:0001510),1.2061641269299477,0.540816605091095,62
Lipoprotein Transport (GO:0042953),1.2059825328045877,0.5983180403709412,11
Acute-Phase Response (GO:0006953),1.2059686176966584,0.5902386903762817,13
Negative Regulation Of Myeloid Leukocyte Differentiation (GO:0002762),1.2059548217848246,0.5845082402229309,30
DNA Conformation Change (GO:0071103),1.2056534509033798,0.6012692451477051,12
Type III Interferon-Mediated Signaling Pathway (GO:0038196),1.2054056174876733,0.5845082402229309,10
Cellular Response To Type III Interferon (GO:0071358),1.2054056174876733,0.5845082402229309,10
Peroxisome Fission (GO:0016559),1.2051473540777684,0.5985450744628906,8
Immune Response-Inhibiting Cell Surface Receptor Signaling Pathway (GO:0002767),1.204884841716617,0.5994459390640259,8
Anterograde Synaptic Vesicle Transport (GO:0048490),1.2047358103609624,0.5875416398048401,15
Synaptic Vesicle Transport Along Microtubule (GO:0099517),1.2047358103609624,0.5875416398048401,15
Leucine Transport (GO:0015820),1.2046402004489833,0.6135127544403076,9
Negative Regulation Of Inflammatory Response To Wounding (GO:0106015),1.204346654719918,0.5989814400672913,7
Regulation Of DNA-templated Transcription In Response To Stress (GO:0043620),1.204288851027589,0.5989814400672913,7
Copper Ion Homeostasis (GO:0055070),1.2042597921199547,0.6134291291236877,14
RNA Phosphodiester Bond Hydrolysis (GO:0090501),1.203916802349402,0.5845082402229309,28
DNA Repair-Dependent Chromatin Remodeling (GO:0140861),1.2034831680902598,0.5960149168968201,16
Cellular Response To Gamma Radiation (GO:0071480),1.203333383583011,0.6008301973342896,16
Negative Regulation Of Neuron Differentiation (GO:0045665),1.2033294026768282,0.5845082402229309,23
DNA-templated Transcription Initiation (GO:0006352),1.2033230504490846,0.5561931133270264,59
Positive Regulation Of Cell-Cell Adhesion Mediated By Integrin (GO:0033634),1.2032245179737702,0.6104361414909363,5
sno(s)RNA 3'-End Processing (GO:0031126),1.203149289463342,0.5989814400672913,11
Regulation Of Telomere Maintenance (GO:0032204),1.2031271758741555,0.5668857097625732,38
Regulation Of Cdc42 Protein Signal Transduction (GO:0032489),1.2031119725526342,0.6135127544403076,7
Positive Regulation Of Toll-Like Receptor 4 Signaling Pathway (GO:0034145),1.2027800206572457,0.6134291291236877,10
Microtubule Cytoskeleton Organization Involved In Mitosis (GO:1902850),1.2027564661991632,0.5033707022666931,59
Regulation Of Metaphase/Anaphase Transition Of Cell Cycle (GO:1902099),1.202662208555146,0.581203281879425,32
Transcription By RNA Polymerase II (GO:0006366),1.2021666356369571,0.3136160671710968,192
Intracellular Phosphate Ion Homeostasis (GO:0030643),1.2021004187508155,0.581203281879425,5
HALLMARK_INFLAMMATORY_RESPONSE,1.2020551320384012,0.29860782623291016,200
tRNA 5'-Leader Removal (GO:0001682),1.201926262882009,0.6417120099067688,12
Double-Strand Break Repair Via Break-Induced Replication (GO:0000727),1.2016138340115428,0.6194660067558289,11
Negative Regulation Of Locomotion (GO:0040013),1.2016066736184579,0.6134291291236877,12
tRNA Processing (GO:0008033),1.2015397245892885,0.5699630379676819,50
Purine Ribonucleotide Biosynthetic Process (GO:0009152),1.201358031008006,0.540816605091095,55
Response To Ionizing Radiation (GO:0010212),1.2010115511181643,0.4968549907207489,72
Positive Regulation Of Immune System Process (GO:0002684),1.201008479232249,0.5825247764587402,27
Positive Regulation Of Vasculature Development (GO:1904018),1.2007216299517034,0.4831806421279907,104
Positive Regulation Of Coagulation (GO:0050820),1.2006592750634775,0.581203281879425,11
Positive Regulation Of Hemostasis (GO:1900048),1.2006592750634775,0.581203281879425,11
Cellular Response To Acid Chemical (GO:0071229),1.2000288355200883,0.5879676342010498,27
tRNA Transcription (GO:0009304),1.2000236318874538,0.5989814400672913,8
protein-RNA Complex Assembly (GO:0022618),1.1997406753474213,0.40266916155815125,150
Regulation Of Macrophage Activation (GO:0043030),1.1994368104558162,0.5908489227294922,31
miRNA Catabolic Process (GO:0010587),1.1993474251052751,0.6134291291236877,10
Intrinsic Apoptotic Signaling Pathway (GO:0097193),1.1990623743837228,0.4871734082698822,105
Positive Regulation Of Smooth Muscle Cell Proliferation (GO:0048661),1.1990503181207794,0.5668857097625732,47
Positive Regulation Of Biosynthetic Process (GO:0009891),1.1989249030739009,0.5588831901550293,44
Regulation Of DNA Recombination (GO:0000018),1.1986618827015874,0.5825247764587402,44
DNA Biosynthetic Process (GO:0071897),1.1983445387532867,0.6134291291236877,17
Positive Regulation Of Proteolysis (GO:0045862),1.198181724815477,0.5379948616027832,59
Negative Regulation Of Macromolecule Biosynthetic Process (GO:0010558),1.1974986381417754,0.489155650138855,98
B Cell Activation Involved In Immune Response (GO:0002312),1.1974558909022985,0.6341047286987305,16
Carbohydrate Derivative Biosynthetic Process (GO:1901137),1.1974320971767076,0.581203281879425,29
Response To Lipopolysaccharide (GO:0032496),1.1972657184794078,0.374693900346756,159
Anterograde Dendritic Transport (GO:0098937),1.1971992563479927,0.6322026252746582,6
Regulation Of Glial Cell Differentiation (GO:0045685),1.1970381841604931,0.6135127544403076,6
Early Endosome To Golgi Transport (GO:0034498),1.1969166601608896,0.5989814400672913,12
Positive Regulation Of Double-Strand Break Repair Via Homologous Recombination (GO:1905168),1.1968686961463288,0.5525642037391663,36
protein-DNA Complex Assembly (GO:0065004),1.1964006427136662,0.5743929147720337,59
Lysosome Organization (GO:0007040),1.1959094766025455,0.592711329460144,43
Renal Absorption (GO:0070293),1.1957137071688926,0.6198205351829529,18
Regulation Of Mitochondrial Depolarization (GO:0051900),1.1954379404630397,0.6417120099067688,10
Lymphocyte Apoptotic Process (GO:0070227),1.1952375631085015,0.6391267776489258,7
Regulation Of Cellular Component Size (GO:0032535),1.1951908683171244,0.5561931133270264,43
Regulation Of Macrophage Differentiation (GO:0045649),1.1949476966742474,0.6134291291236877,14
Norepinephrine Biosynthetic Process (GO:0042421),1.194713584884472,0.603602945804596,6
Protein Localization To Chromosome (GO:0034502),1.1946430241303176,0.5867895483970642,40
Malate Metabolic Process (GO:0006108),1.1943490428814016,0.6134291291236877,7
Negative Regulation Of Neuron Death (GO:1901215),1.1938126556033937,0.5285584330558777,88
Positive Regulation Of Myeloid Cell Differentiation (GO:0045639),1.1936342013885786,0.5845078825950623,36
Protein-Containing Complex Organization (GO:0043933),1.1932288588950313,0.4479510486125946,126
Negative Regulation Of Proteasomal Ubiquitin-Dependent Protein Catabolic Process (GO:0032435),1.1925653537363559,0.5876497626304626,32
Organonitrogen Compound Catabolic Process (GO:1901565),1.1924370419959158,0.5525642037391663,78
I-kappaB kinase/NF-kappaB Signaling (GO:0007249),1.1921400780853944,0.5757829546928406,45
Regulation Of Supramolecular Fiber Organization (GO:1902903),1.192048969518868,0.628350019454956,24
"RNA Phosphodiester Bond Hydrolysis, Endonucleolytic (GO:0090502)",1.191769444563864,0.6417120099067688,14
Ruffle Assembly (GO:0097178),1.191583691534918,0.6153562664985657,5
Ubiquitin-Dependent Protein Catabolic Process Via The C-end Degron Rule Pathway (GO:0140627),1.1915666243269887,0.6411445140838623,8
Positive Regulation Of Receptor Signaling Pathway Via JAK-STAT (GO:0046427),1.1909397598656353,0.581203281879425,37
Negative Regulation Of Cytokine Production Involved In Inflammatory Response (GO:1900016),1.1908157650410824,0.630251407623291,20
Double-Strand Break Repair Via Homologous Recombination (GO:0000724),1.190797797033525,0.48917824029922485,111
Negative Regulation Of DNA Binding (GO:0043392),1.1906430386917268,0.5985450744628906,29
Cellular Response To Steroid Hormone Stimulus (GO:0071383),1.1902882870060714,0.5908489227294922,25
Positive Regulation Of ERBB Signaling Pathway (GO:1901186),1.1902569694233818,0.6134291291236877,24
"Negative Regulation Of mRNA Splicing, Via Spliceosome (GO:0048025)",1.189977537210492,0.6328994035720825,14
Negative Regulation Of Hydrogen Peroxide-Induced Cell Death (GO:1903206),1.1896703343694566,0.599500834941864,10
Positive Regulation Of Endoplasmic Reticulum Unfolded Protein Response (GO:1900103),1.1896565633671092,0.61671382188797,11
Regulation Of Lipase Activity (GO:0060191),1.1895506478332656,0.654349684715271,7
mRNA Transcription By RNA Polymerase II (GO:0042789),1.1894694144356017,0.5876497626304626,38
Lysosomal Transport (GO:0007041),1.188933375482536,0.4977106750011444,105
Cellular Response To Lipid (GO:0071396),1.1887088396373358,0.3657386898994446,228
Astrocyte Development (GO:0014002),1.1885747537960856,0.6391267776489258,15
Positive Regulation Of Cell-Substrate Junction Organization (GO:0150117),1.1881928960816739,0.6228759288787842,23
Protein Modification By Small Protein Conjugation (GO:0032446),1.1881898872860945,0.22001439332962036,364
Regulation Of Nucleocytoplasmic Transport (GO:0046822),1.1876545753770908,0.6554055213928223,16
Cell Differentiation Involved In Metanephros Development (GO:0072202),1.1870410046758546,0.6423176527023315,9
Regulation Of Cytokine Production Involved In Immune Response (GO:0002718),1.18689487757982,0.6053118109703064,24
Regulation Of Microtubule Nucleation (GO:0010968),1.1864025210646618,0.6311372518539429,10
Coenzyme A Metabolic Process (GO:0015936),1.1863640481495537,0.6322026252746582,15
Positive Regulation Of Myotube Differentiation (GO:0010831),1.1863609350534174,0.6423176527023315,7
"Retrograde Transport, Endosome To Golgi (GO:0042147)",1.1862171086313031,0.5128751993179321,94
Acylglycerol Homeostasis (GO:0055090),1.1861658917611106,0.6135127544403076,24
Positive Regulation Of Angiogenesis (GO:0045766),1.185979448180005,0.47952115535736084,119
RNA Splicing (GO:0008380),1.1857801465795563,0.49214571714401245,98
mRNA Stabilization (GO:0048255),1.1853602788478226,0.5809749960899353,53
MyD88-dependent Toll-Like Receptor Signaling Pathway (GO:0002755),1.1853511887316281,0.6361063718795776,12
Protein Oxidation (GO:0018158),1.1852579014916915,0.6314705610275269,10
Positive Regulation Of Synapse Assembly (GO:0051965),1.1851371985526604,0.6135127544403076,32
Positive Regulation Of Blood Vessel Endothelial Cell Migration (GO:0043536),1.1851277632916857,0.5875416398048401,46
Positive Regulation Of Receptor-Mediated Endocytosis (GO:0048260),1.1850292582854616,0.5908489227294922,43
Negative Regulation Of Mitochondrion Organization (GO:0010823),1.1849315614054878,0.5825247764587402,39
Regulation Of Protein Kinase Activity (GO:0045859),1.184873526486883,0.5044128894805908,119
Interstrand Cross-Link Repair (GO:0036297),1.1845226231383412,0.5879676342010498,36
Regulation Of Hyaluronan Biosynthetic Process (GO:1900125),1.1838166930120362,0.6322026252746582,5
Exonucleolytic Catabolism Of Deadenylated mRNA (GO:0043928),1.1836763190931383,0.6461035013198853,12
Regulation Of Metal Ion Transport (GO:0010959),1.1835781689206661,0.6166093945503235,34
Polyamine Transport (GO:0015846),1.18336505740064,0.6423176527023315,5
Positive Regulation Of Plasminogen Activation (GO:0010756),1.1832955609932243,0.6364623308181763,7
Phosphatidylethanolamine Acyl-Chain Remodeling (GO:0036152),1.183247728794664,0.6322026252746582,9
Glial Cell Development (GO:0021782),1.1828726945299066,0.6311372518539429,23
Positive Regulation Of Protein Metabolic Process (GO:0051247),1.1827398674142788,0.40150150656700134,196
Phosphatidic Acid Metabolic Process (GO:0046473),1.1826407969434463,0.5908489227294922,33
Very Long-Chain Fatty Acid Metabolic Process (GO:0000038),1.182373043119526,0.6135127544403076,32
Positive Regulation Of Intracellular Signal Transduction (GO:1902533),1.182154283003929,0.16870662569999695,525
Bile Acid Biosynthetic Process (GO:0006699),1.1817067220187119,0.6322026252746582,25
Response To Interleukin-1 (GO:0070555),1.1816017226980995,0.5171025991439819,85
Regulation Of Double-Strand Break Repair Via Nonhomologous End Joining (GO:2001032),1.181434928540422,0.6423176527023315,25
Mitotic DNA Damage Checkpoint Signaling (GO:0044773),1.1811615295666709,0.5778433680534363,56
Phospholipid Homeostasis (GO:0055091),1.1810969091339147,0.6516388654708862,12
Negative Regulation Of Biosynthetic Process (GO:0009890),1.1810310293061408,0.6322026252746582,16
Positive Regulation Of Mitotic Cell Cycle Spindle Assembly Checkpoint (GO:0090267),1.1806146997359004,0.6417120099067688,11
Positive Regulation Of Spindle Checkpoint (GO:0090232),1.1806146997359004,0.6417120099067688,11
Positive Regulation Of Protein-Containing Complex Assembly (GO:0031334),1.180545740928416,0.5380476713180542,98
Regulation Of Bone Remodeling (GO:0046850),1.1805441054708639,0.6426449418067932,14
Amyloid-Beta Metabolic Process (GO:0050435),1.1802120645343277,0.6468520164489746,15
Regulation Of Monooxygenase Activity (GO:0032768),1.1795584691000396,0.6540907025337219,12
Membrane Fission (GO:0090148),1.1794494091492247,0.6135127544403076,38
Mitotic Spindle Midzone Assembly (GO:0051256),1.1792531277357836,0.6417120099067688,10
Mitotic Spindle Elongation (GO:0000022),1.1792531277357836,0.6417120099067688,10
Choline Transport (GO:0015871),1.1791093551185987,0.6322026252746582,6
Positive Regulation Of Stem Cell Population Maintenance (GO:1902459),1.17881664385681,0.6140168905258179,40
DNA Topological Change (GO:0006265),1.1787645114825813,0.6386624574661255,8
Regulation Of Toll-Like Receptor 7 Signaling Pathway (GO:0034155),1.1784957786667307,0.6473314166069031,6
Regulation Of Neuronal Synaptic Plasticity (GO:0048168),1.1784562044003277,0.6148018836975098,34
Positive Regulation Of Mitophagy In Response To Mitochondrial Depolarization (GO:0098779),1.1784206160574575,0.6391267776489258,6
Chemokine-Mediated Signaling Pathway (GO:0070098),1.1783620107572952,0.5756891369819641,57
Neurotrophin TRK Receptor Signaling Pathway (GO:0048011),1.1778726792004135,0.6653027534484863,6
Regulation Of Mitochondrial Membrane Potential (GO:0051881),1.1777280658400398,0.6284371614456177,39
Regulation Of Neuron Apoptotic Process (GO:0043523),1.1775713039950646,0.5314809679985046,105
Negative Regulation Of Lipid Storage (GO:0010888),1.1775681292238505,0.6554396748542786,18
Response To Thyroid Hormone (GO:0097066),1.1775411736823886,0.6332222819328308,12
Negative Regulation Of RNA Catabolic Process (GO:1902369),1.1774053777796243,0.6322026252746582,7
Positive Regulation Of Response To Stimulus (GO:0048584),1.1770667055612605,0.5702222585678101,77
Regulation Of mRNA Catabolic Process (GO:0061013),1.176737264993337,0.6135127544403076,46
Glycoside Catabolic Process (GO:0016139),1.1765702270878247,0.6577097773551941,7
DNA Repair (GO:0006281),1.176438836029527,0.2889366149902344,291
Regulation Of DNA Damage Checkpoint (GO:2000001),1.176236251361765,0.662537157535553,18
Negative Regulation Of mRNA Catabolic Process (GO:1902373),1.1761714312626095,0.6134291291236877,41
Negative Regulation Of Immune System Process (GO:0002683),1.1760245986084767,0.5985450744628906,44
Nucleotide-Binding Oligomerization Domain Containing Signaling Pathway (GO:0070423),1.1756467304804057,0.6530577540397644,11
Regulation Of Transcription By RNA Polymerase I (GO:0006356),1.175297783204923,0.6135127544403076,32
"Positive Regulation Of Synaptic Transmission, GABAergic (GO:0032230)",1.1751814851463873,0.6367189288139343,7
Regulation Of Transcription From RNA Polymerase II Promoter In Response To Stress (GO:0043618),1.1750971601835056,0.6417120099067688,12
Positive Regulation Of Trophoblast Cell Migration (GO:1901165),1.1738792169355288,0.6468520164489746,6
Cellular Response To UV (GO:0034644),1.1738726399080381,0.5569362044334412,79
Fc-gamma Receptor Signaling Pathway (GO:0038094),1.1736347419960766,0.662537157535553,24
Positive Regulation Of Blood Coagulation (GO:0030194),1.1735937609567972,0.6554396748542786,21
Auditory Receptor Cell Stereocilium Organization (GO:0060088),1.1729532237316933,0.6322026252746582,6
Auditory Receptor Cell Morphogenesis (GO:0002093),1.1729532237316933,0.6322026252746582,6
Negative Regulation Of NF-kappaB Transcription Factor Activity (GO:0032088),1.1729307190240186,0.5522701740264893,81
Positive Regulation Of Ryanodine-Sensitive Calcium-Release Channel Activity (GO:0060316),1.1724116969743916,0.6131507754325867,7
Nuclear Body Organization (GO:0030575),1.1723247711501112,0.6717749238014221,12
Skin Epidermis Development (GO:0098773),1.172243475330879,0.646493673324585,21
Negative Regulation Of Phosphate Metabolic Process (GO:0045936),1.1720951026565058,0.6717749238014221,20
Positive Regulation Of Type I Interferon-Mediated Signaling Pathway (GO:0060340),1.1718522177336137,0.6516388654708862,14
Response To Lead Ion (GO:0010288),1.1718230630060762,0.6417120099067688,6
Nuclear Membrane Disassembly (GO:0051081),1.1718138310522532,0.6684502959251404,8
"mRNA Cis Splicing, Via Spliceosome (GO:0045292)",1.1713435379765154,0.6621342301368713,17
acetyl-CoA Biosynthetic Process (GO:0006085),1.1712263757644916,0.6676082611083984,12
Negative Regulation Of Establishment Of Protein Localization (GO:1904950),1.170804041755539,0.6654695272445679,9
Regulation Of Cell Growth (GO:0001558),1.1703806124069593,0.41200339794158936,227
Negative Regulation Of Catecholamine Secretion (GO:0033604),1.1700599156475215,0.6367189288139343,6
Regulation Of Macromolecule Biosynthetic Process (GO:0010556),1.1696625893573236,0.5985450744628906,53
Vascular Endothelial Growth Factor Receptor Signaling Pathway (GO:0048010),1.1695242200032707,0.6417120099067688,28
Mitotic G1 DNA Damage Checkpoint Signaling (GO:0031571),1.169494352341959,0.6426449418067932,26
Cellular Response To Angiotensin (GO:1904385),1.1693893670354087,0.6717749238014221,7
Galactose Metabolic Process (GO:0006012),1.1693662709714001,0.662537157535553,6
Regulation Of Chromosome Segregation (GO:0051983),1.1693216512860558,0.6263805031776428,28
Response To Vitamin D (GO:0033280),1.1692081925509874,0.6571276783943176,8
Positive Regulation Of Wound Healing (GO:0090303),1.1691240630445077,0.6298110485076904,40
Hydrogen Peroxide Catabolic Process (GO:0042744),1.169121943348073,0.6686134338378906,20
Leukotriene Metabolic Process (GO:0006691),1.1687527382923857,0.6621342301368713,20
Response To Lithium Ion (GO:0010226),1.1686890362351252,0.6679360866546631,5
Regulation Of Oligodendrocyte Differentiation (GO:0048713),1.1685939693075742,0.6673628091812134,18
Regulation Of Cell-Cell Adhesion Mediated By Integrin (GO:0033632),1.1684910612903083,0.643530011177063,9
Carboxylic Acid Transmembrane Transport (GO:1905039),1.1682567197568676,0.6134291291236877,39
Regulation Of Histamine Secretion By Mast Cell (GO:1903593),1.1682333678487578,0.6679360866546631,6
Proteoglycan Metabolic Process (GO:0006029),1.1681130522792917,0.6483173370361328,25
Negative Regulation Of Receptor-Mediated Endocytosis (GO:0048261),1.167896692069097,0.6540907025337219,26
Positive Regulation Of Toll-Like Receptor 3 Signaling Pathway (GO:0034141),1.1677409872659799,0.6627352237701416,6
Heterophilic Cell-Cell Adhesion Via Plasma Membrane Cell Adhesion Molecules (GO:0007157),1.1677225898166383,0.6322026252746582,49
Glycosphingolipid Metabolic Process (GO:0006687),1.167275744691626,0.626321017742157,32
Regulation Of NAD(P)H Oxidase Activity (GO:0033860),1.1669613938170942,0.6603067517280579,6
Sphingolipid Metabolic Process (GO:0006665),1.1665981074012517,0.5496026277542114,94
Protein Tetramerization (GO:0051262),1.1662765894511458,0.581203281879425,73
tRNA 5'-End Processing (GO:0099116),1.1662584149047461,0.6717749238014221,14
Regulation Of Chemotaxis (GO:0050920),1.1662577617442211,0.662537157535553,28
Negative Regulation Of Cellular Catabolic Process (GO:0031330),1.166094709807021,0.592711329460144,67
Stimulatory C-type Lectin Receptor Signaling Pathway (GO:0002223),1.1658900959638394,0.6741706132888794,19
Cellular Response To Lectin (GO:1990858),1.1658900959638394,0.6741706132888794,19
Exonucleolytic Trimming Involved In rRNA Processing (GO:0000459),1.1657641343108776,0.6603673696517944,8
rRNA 3'-End Processing (GO:0031125),1.1657641343108776,0.6603673696517944,9
"Exonucleolytic Trimming To Generate Mature 3'-End Of 5.8S rRNA From Tricistronic rRNA Transcript (SSU-rRNA, 5.8S rRNA, LSU-rRNA) (GO:0000467)",1.1657641343108776,0.6603673696517944,8
Cellular Response To Misfolded Protein (GO:0071218),1.1656763575991678,0.6516756415367126,19
Regulation Of Leukocyte Proliferation (GO:0070663),1.1654561729944395,0.6640825271606445,7
"Protein Localization To Chromosome, Telomeric Region (GO:0070198)",1.1653936685750903,0.6640825271606445,15
Eye Morphogenesis (GO:0048592),1.1648922552768533,0.6701147556304932,19
Positive Regulation Of Keratinocyte Differentiation (GO:0045618),1.1644927257764743,0.6705283522605896,13
Response To Peptide (GO:1901652),1.1640743159087559,0.623368501663208,38
Purine Nucleobase Biosynthetic Process (GO:0009113),1.16402194416455,0.654349684715271,5
Phenol-Containing Compound Biosynthetic Process (GO:0046189),1.1639702261215308,0.6661221981048584,10
Regulation Of Protein Dephosphorylation (GO:0035304),1.1639521881595305,0.6483173370361328,40
Mitotic Nuclear Membrane Disassembly (GO:0007077),1.1638514643740077,0.6688748002052307,6
DNA Integrity Checkpoint Signaling (GO:0031570),1.1634996230296355,0.6311372518539429,42
Nucleotide-Excision Repair (GO:0006289),1.1632579369363851,0.6135127544403076,56
Positive Regulation Of Cytoplasmic Transport (GO:1903651),1.16309978764405,0.6603673696517944,11
Purine Ribonucleotide Catabolic Process (GO:0009154),1.1629205158027796,0.6745774149894714,25
Glucosamine-Containing Compound Catabolic Process (GO:1901072),1.1628723996438217,0.6679360866546631,8
Establishment Of Epithelial Cell Polarity (GO:0090162),1.1621300745428824,0.6679360866546631,19
Carboxylic Acid Metabolic Process (GO:0019752),1.161912660161226,0.6596618294715881,33
Peroxisome Organization (GO:0007031),1.1618958614934674,0.6423176527023315,24
Recombinational Repair (GO:0000725),1.1616159436190587,0.5630658864974976,95
DNA Deamination (GO:0045006),1.1615384929163863,0.681929349899292,12
Positive Regulation Of Kidney Development (GO:0090184),1.1614610484447068,0.6483173370361328,6
Regulation Of Ubiquitin-Protein Transferase Activity (GO:0051438),1.161456214408135,0.654349684715271,32
Negative Regulation Of Hydrolase Activity (GO:0051346),1.1612376764909886,0.6311372518539429,47
Regulation Of Exosomal Secretion (GO:1903541),1.1612063364480356,0.6741706132888794,18
Positive Regulation Of Epidermal Growth Factor Receptor Signaling Pathway (GO:0045742),1.1611179365858262,0.647635817527771,33
Membrane Organization (GO:0061024),1.1610080911647056,0.46987929940223694,167
Cellular Response To Arsenic-Containing Substance (GO:0071243),1.1609966482966627,0.6741176247596741,13
DNA Synthesis Involved In DNA Repair (GO:0000731),1.1609283832859134,0.6577097773551941,27
L-serine Metabolic Process (GO:0006563),1.160882892873927,0.6745774149894714,10
Response To Copper Ion (GO:0046688),1.1606325045359098,0.6637861728668213,24
HALLMARK_HYPOXIA,1.1605236604286098,0.46987929940223694,200
Facultative Heterochromatin Formation (GO:0140718),1.1604958316064868,0.6705283522605896,17
G1/S Transition Of Mitotic Cell Cycle (GO:0000082),1.160261235393995,0.6008301973342896,63
Negative Regulation Of Interleukin-10 Production (GO:0032693),1.1601829394543575,0.6717749238014221,16
"RNA Splicing, Via Transesterification Reactions With Bulged Adenosine As Nucleophile (GO:0000377)",1.1599112819765933,0.48917824029922485,180
Positive Chemotaxis (GO:0050918),1.1599063063677495,0.6813547611236572,17
Prostaglandin Biosynthetic Process (GO:0001516),1.1597680235520205,0.681929349899292,17
Negative Regulation Of Neurogenesis (GO:0050768),1.159720740510543,0.6661221981048584,27
Positive Regulation Of mRNA 3'-End Processing (GO:0031442),1.1595222506620884,0.6741706132888794,9
Cellular Modified Amino Acid Biosynthetic Process (GO:0042398),1.1594791510129143,0.6852534413337708,7
Positive Regulation Of Leukocyte Degranulation (GO:0043302),1.1594655921288088,0.6717749238014221,13
Negative Regulation Of Cell Adhesion Mediated By Integrin (GO:0033629),1.1591776823927902,0.6847587823867798,9
Amyloid Fibril Formation (GO:1990000),1.1591055521101339,0.6757368445396423,24
Cellular Response To Organic Substance (GO:0071310),1.1587547346141982,0.5989814400672913,82
Regulation Of RNA Export From Nucleus (GO:0046831),1.1586570342373923,0.6679360866546631,11
Positive Regulation Of Interleukin-23 Production (GO:0032747),1.158645286738335,0.6697267293930054,6
Maintenance Of Protein Localization In Organelle (GO:0072595),1.1583534954817585,0.6717749238014221,18
Positive Regulation Of Lymphocyte Migration (GO:2000403),1.1579765725254132,0.6741706132888794,16
Regulation Of Catabolic Process (GO:0009894),1.1578283424983393,0.6741706132888794,22
Regulation Of Neurotransmitter Transport (GO:0051588),1.1573643373230051,0.6756815910339355,21
Postreplication Repair (GO:0006301),1.1573343564220855,0.6705283522605896,22
Intracellular Glucose Homeostasis (GO:0001678),1.1573070014835984,0.6426449418067932,43
Protein Transport To Vacuole Involved In Ubiquitin-Dependent Protein Catabolic Process Via The Multivesicular Body Sorting Pathway (GO:0043328),1.1570078071404688,0.6720609664916992,14
Prostanoid Biosynthetic Process (GO:0046457),1.156934211520983,0.6717749238014221,14
Hypotonic Response (GO:0006971),1.1568456680577208,0.681929349899292,6
Receptor-Mediated Virion Attachment To Host Cell (GO:0046813),1.1567950280270725,0.6741706132888794,6
Positive Regulation Of Bone Resorption (GO:0045780),1.1567399579499877,0.6939502358436584,10
Mitotic Spindle Organization (GO:0007052),1.1566759588189715,0.5577077865600586,85
Regulation Of Heme Biosynthetic Process (GO:0070453),1.1563963828238664,0.6640825271606445,8
Sensory Perception Of Pain (GO:0019233),1.15621954163618,0.6741706132888794,20
Regulation Of Atrial Cardiac Muscle Cell Membrane Repolarization (GO:0060372),1.1561228743939684,0.6868239641189575,6
Regulation Of Arp2/3 Complex-Mediated Actin Nucleation (GO:0034315),1.1559408043761057,0.6798902750015259,30
Positive Regulation Of Actin Filament Polymerization (GO:0030838),1.1558645924163389,0.662537157535553,41
T-helper 1 Type Immune Response (GO:0042088),1.1556710599229147,0.6852534413337708,9
Fructose Metabolic Process (GO:0006000),1.1556616792497516,0.6860751509666443,7
Positive Regulation Of Organelle Organization (GO:0010638),1.1554215558115817,0.6595624685287476,34
Negative Regulation Of Cholesterol Transport (GO:0032375),1.1553157801069747,0.6627352237701416,10
Positive Regulation Of mRNA Metabolic Process (GO:1903313),1.1550968034860094,0.6845987439155579,12
Maintenance Of Synapse Structure (GO:0099558),1.1548876511066675,0.6686134338378906,10
Positive Regulation Of Peptidyl-Tyrosine Phosphorylation (GO:0050731),1.1547231151739668,0.5615718960762024,130
Viral mRNA Export From Host Cell Nucleus (GO:0046784),1.1546420181813517,0.6868239641189575,7
Translocation Of Molecules Into Host (GO:0044417),1.1546420181813517,0.6868239641189575,7
Axo-Dendritic Transport (GO:0008088),1.1544195510364512,0.6686134338378906,5
Phospholipid Metabolic Process (GO:0006644),1.1543522239418402,0.6104361414909363,69
Regulation Of Cellular Localization (GO:0060341),1.154318051925222,0.6134291291236877,72
Cardiac Right Ventricle Morphogenesis (GO:0003215),1.1539526391018327,0.6741706132888794,12
Calcium Import Into The Mitochondrion (GO:0036444),1.153942905685086,0.6813547611236572,9
DNA Damage Checkpoint Signaling (GO:0000077),1.153846962781086,0.6655945777893066,34
mRNA Modification (GO:0016556),1.153704439031908,0.6705283522605896,27
Regulation Of Protein Processing (GO:0070613),1.1536549135542942,0.6756815910339355,25
Lipoprotein Localization (GO:0044872),1.1536253502387503,0.6940875053405762,12
Negative Regulation Of Phagocytosis (GO:0050765),1.1535413715861749,0.6686134338378906,15
acetyl-CoA Biosynthetic Process From Pyruvate (GO:0006086),1.1534260815422854,0.6868239641189575,5
Regulation Of Cellular Senescence (GO:2000772),1.1533622851878447,0.6717749238014221,35
rRNA Methylation (GO:0031167),1.152891554380576,0.6701446175575256,22
Amino Sugar Catabolic Process (GO:0046348),1.152742640460227,0.6717749238014221,7
Regulation Of Interferon-Alpha Production (GO:0032647),1.1527219165748366,0.6758344769477844,26
Negative Regulation Of Leukocyte Proliferation (GO:0070664),1.152595433026141,0.6686134338378906,7
Intracellular Monoatomic Cation Homeostasis (GO:0030003),1.1525679977864767,0.46987929940223694,190
[2Fe-2S] Cluster Assembly (GO:0044571),1.1525629242028714,0.6968806982040405,9
Cellular Response To Leucine Starvation (GO:1990253),1.1525598612887453,0.6985233426094055,12
Endocrine System Development (GO:0035270),1.1524699355755013,0.6717749238014221,23
Regulation Of Extrinsic Apoptotic Signaling Pathway (GO:2001236),1.1522830144820613,0.6135127544403076,60
Protein Homotetramerization (GO:0051289),1.1522456702065056,0.6367189288139343,53
Somatic Recombination Of Immunoglobulin Gene Segments (GO:0016447),1.1521227906183986,0.6688748002052307,8
Autocrine Signaling (GO:0035425),1.1520151088018524,0.6896011233329773,5
Hematopoietic Stem Cell Proliferation (GO:0071425),1.1518596822592735,0.6965005397796631,10
Negative Regulation Of Oxidative Stress-Induced Cell Death (GO:1903202),1.151748599326824,0.6876529455184937,23
Regulation Of Neutrophil Activation (GO:1902563),1.151726833871873,0.6686134338378906,5
Regulation Of Intrinsic Apoptotic Signaling Pathway By P53 Class Mediator (GO:1902253),1.1516340639910212,0.6887829899787903,8
Positive Regulation Of Mitotic Cytokinesis (GO:1903490),1.1510196120217127,0.6679360866546631,5
Positive Regulation Of Protein Modification By Small Protein Conjugation Or Removal (GO:1903322),1.1510139545525544,0.6169833540916443,79
Negative Regulation Of Ubiquitin-Dependent Protein Catabolic Process (GO:2000059),1.1503904557641724,0.6609503030776978,39
Mitotic Nuclear Division (GO:0140014),1.1501061254135245,0.6679360866546631,45
Intrinsic Apoptotic Signaling Pathway In Response To Endoplasmic Reticulum Stress (GO:0070059),1.1499819276052725,0.6655945777893066,30
Supramolecular Fiber Organization (GO:0097435),1.1499346272605009,0.41200339794158936,316
Branched-Chain Amino Acid Transport (GO:0015803),1.1498739224145291,0.6939502358436584,10
Response To Insulin (GO:0032868),1.1497124454482543,0.6098405718803406,79
Peptidyl-Cysteine Modification (GO:0018198),1.1495117910292196,0.6958473920822144,9
Positive Regulation Of Leukocyte Mediated Cytotoxicity (GO:0001912),1.1494726798693944,0.6596618294715881,51
Regulation Of Signal Transduction By P53 Class Mediator (GO:1901796),1.1491300606689447,0.6603673696517944,47
HALLMARK_UV_RESPONSE_UP,1.149008204914566,0.5522701740264893,158
Histone Methylation (GO:0016571),1.148690869829568,0.6813547611236572,9
Regulation Of Intracellular Protein Transport (GO:0033157),1.1486683535724493,0.662537157535553,36
RNA Modification (GO:0009451),1.1486544787986959,0.6492555141448975,51
Positive Regulation Of Protein Ubiquitination (GO:0031398),1.1481627105778192,0.6135127544403076,84
Positive Regulation Of Peptidyl-Threonine Phosphorylation (GO:0010800),1.1479416429944584,0.6858755350112915,24
Regulation Of MDA-5 Signaling Pathway (GO:0039533),1.1479375665437803,0.6813547611236572,6
Regulation Of Endoplasmic Reticulum Tubular Network Organization (GO:1903371),1.1478850369565803,0.6985233426094055,5
Neutrophil Activation (GO:0042119),1.1476818246326468,0.6965005397796631,18
Mitochondrial DNA Metabolic Process (GO:0032042),1.1474282014072454,0.697120189666748,13
Telomere Organization (GO:0032200),1.1472522979912363,0.6391267776489258,63
Regulation Of Helicase Activity (GO:0051095),1.1470240207351823,0.6939502358436584,8
Positive Regulation Of IRE1-mediated Unfolded Protein Response (GO:1903896),1.1468893683835273,0.6813008785247803,6
Atrial Cardiac Muscle Cell To AV Node Cell Signaling (GO:0086026),1.146831243691683,0.6965005397796631,7
Protein K29-linked Ubiquitination (GO:0035519),1.1467836755355272,0.6868239641189575,8
Lipid Catabolic Process (GO:0016042),1.1467692045552527,0.6813008785247803,21
Base-Excision Repair (GO:0006284),1.146756896720284,0.6741706132888794,36
Purine Ribonucleotide Metabolic Process (GO:0009150),1.1466771223394656,0.6053964495658875,84
Negative Regulation Of Transmembrane Transport (GO:0034763),1.1466163305351131,0.6868239641189575,10
Contact Inhibition (GO:0060242),1.1464868889664765,0.6717749238014221,5
Negative Regulation Of Cytokine Production Involved In Immune Response (GO:0002719),1.1463818303640387,0.6939502358436584,16
HALLMARK_P53_PATHWAY,1.145863299371181,0.48917824029922485,199
Regulation Of Neuron Migration (GO:2001222),1.1454818936021425,0.6852534413337708,29
tRNA 3'-End Processing (GO:0042780),1.145232996793515,0.6661221981048584,6
Isotype Switching (GO:0045190),1.145196904500195,0.7012237906455994,11
Negative Regulation Of Inflammatory Response To Antigenic Stimulus (GO:0002862),1.1451269287231396,0.7012237906455994,16
Maintenance Of Apical/Basal Cell Polarity (GO:0035090),1.1447013491605729,0.6741706132888794,8
Maintenance Of Epithelial Cell Apical/Basal Polarity (GO:0045199),1.1447013491605729,0.6741706132888794,8
DNA Modification (GO:0006304),1.1444468634803313,0.6937397122383118,17
Regulation Of Cell Cycle G1/S Phase Transition (GO:1902806),1.1439037155444371,0.6166093945503235,74
"Negative Regulation Of CD4-positive, Alpha-Beta T Cell Activation (GO:2000515)",1.1437982671250926,0.6978586316108704,11
Inner Ear Receptor Cell Stereocilium Organization (GO:0060122),1.1436488994320448,0.7012237906455994,11
Regulation Of Insulin Secretion (GO:0050796),1.1436282553317167,0.6134291291236877,87
Negative Regulation Of Calcium Ion Transmembrane Transporter Activity (GO:1901020),1.1435923812442084,0.683363139629364,30
Positive Regulation Of Protein Transport (GO:0051222),1.1435204181405672,0.6339905261993408,70
Epithelial Cell Differentiation (GO:0030855),1.143504258618475,0.5668857097625732,132
Phagosome Acidification (GO:0090383),1.1434496324206445,0.6701446175575256,5
DNA Damage Response (GO:0006974),1.143204740220552,0.3657386898994446,384
Cellular Response To Low-Density Lipoprotein Particle Stimulus (GO:0071404),1.143120784922398,0.6940875053405762,22
Golgi Ribbon Formation (GO:0090161),1.142900094814237,0.7012237906455994,8
"Endonucleolytic Cleavage Of Tricistronic rRNA Transcript (SSU-rRNA, 5.8S rRNA, LSU-rRNA) (GO:0000479)",1.1423958045280362,0.6868239641189575,13
mRNA Processing (GO:0006397),1.142344437093867,0.4977106750011444,214
Very Long-Chain Fatty Acid Catabolic Process (GO:0042760),1.1422827957277133,0.6868239641189575,6
Positive Regulation Of Isotype Switching (GO:0045830),1.1418873806001535,0.6847587823867798,15
"Regulation Of CD4-positive, Alpha-Beta T Cell Differentiation (GO:0043370)",1.1418527019293798,0.6965005397796631,11
Positive Regulation Of Plasma Membrane Bounded Cell Projection Assembly (GO:0120034),1.1416534139743995,0.6134291291236877,88
Nuclear Pore Organization (GO:0006999),1.1414994887730054,0.6884700655937195,14
Oogenesis (GO:0048477),1.1414624676552716,0.6939502358436584,15
Negative Regulation Of Fibroblast Growth Factor Receptor Signaling Pathway (GO:0040037),1.1412691718804715,0.6888065934181213,13
NLS-bearing Protein Import Into Nucleus (GO:0006607),1.1410347289245413,0.6852534413337708,17
Negative Regulation Of Nucleocytoplasmic Transport (GO:0046823),1.1408026436628576,0.6888747811317444,14
Natural Killer Cell Degranulation (GO:0043320),1.1407842568798348,0.6996418237686157,5
Cellular Response To Interleukin-6 (GO:0071354),1.140315678282256,0.7104072570800781,23
T-helper 1 Cell Differentiation (GO:0045063),1.1402294279710874,0.6893678903579712,5
HALLMARK_IL2_STAT5_SIGNALING,1.1399502940714707,0.5017886757850647,199
Stress-Induced Premature Senescence (GO:0090400),1.1399121642819643,0.6978586316108704,7
Establishment Of Golgi Localization (GO:0051683),1.1398581892822677,0.6939502358436584,7
Protein Localization To Phagophore Assembly Site (GO:0034497),1.1398347395820354,0.712193489074707,13
Regulation Of Cell Cycle G2/M Phase Transition (GO:1902749),1.1397902332037821,0.6852534413337708,18
Electron Transport Chain (GO:0022900),1.1396505038198825,0.7104072570800781,14
Negative Regulation Of Interleukin-6 Production (GO:0032715),1.1395832884641353,0.6892578601837158,34
Positive Regulation Of Release Of Sequestered Calcium Ion Into Cytosol (GO:0051281),1.1395348779347545,0.6705283522605896,33
Positive Regulation Of Cytokine Production Involved In Immune Response (GO:0002720),1.1394928346797186,0.6868239641189575,33
Megakaryocyte Differentiation (GO:0030219),1.13947138315919,0.6939502358436584,17
Glutamine Transport (GO:0006868),1.139355937907041,0.7016209363937378,8
Establishment Of Lymphocyte Polarity (GO:0001767),1.1393110544369416,0.6847587823867798,5
Regulation Of Fibroblast Growth Factor Receptor Signaling Pathway (GO:0040036),1.139198999784918,0.6940875053405762,19
Regulation Of Protein Modification By Small Protein Conjugation Or Removal (GO:1903320),1.1391598167163282,0.6852534413337708,29
Organophosphate Ester Transport (GO:0015748),1.1390545400579062,0.6792874932289124,25
U4 snRNA 3'-End Processing (GO:0034475),1.139028772862644,0.6849635243415833,7
"Nuclear-Transcribed mRNA Catabolic Process, Exonucleolytic, 3'-5' (GO:0034427)",1.139028772862644,0.6849635243415833,10
DNA Ligation (GO:0006266),1.1385410477214566,0.7073702812194824,7
pre-mRNA Cleavage Required For Polyadenylation (GO:0098789),1.1383581343479483,0.6968806982040405,11
Central Nervous System Neuron Development (GO:0021954),1.1381971541221916,0.6968806982040405,17
Smooth Muscle Cell Migration (GO:0014909),1.1381761455908723,0.7012237906455994,6
Protein Export From Nucleus (GO:0006611),1.1381376494435738,0.6763959527015686,26
Positive Regulation Of Neuron Death (GO:1901216),1.1380455330421644,0.6697267293930054,34
Cellular Response To Nitrogen Levels (GO:0043562),1.137888354010973,0.6978586316108704,11
Cellular Response To Nitrogen Starvation (GO:0006995),1.137888354010973,0.6978586316108704,11
Skeletal Muscle Cell Differentiation (GO:0035914),1.1377903653618076,0.7012237906455994,6
Response To Zinc Ion (GO:0010043),1.1377504164228907,0.7012237906455994,25
Response To Hexose (GO:0009746),1.1377294105821338,0.6813008785247803,24
Coenzyme A Biosynthetic Process (GO:0015937),1.1375560384821333,0.7016209363937378,10
Purine Nucleoside Bisphosphate Biosynthetic Process (GO:0034033),1.1375560384821333,0.7016209363937378,10
Ribonucleoside Bisphosphate Biosynthetic Process (GO:0034030),1.1375560384821333,0.7016209363937378,10
Regulation Of Transposition (GO:0010528),1.1373080279650123,0.6940875053405762,14
Positive Regulation Of Tumor Necrosis Factor-Mediated Signaling Pathway (GO:1903265),1.1370814587396252,0.6987424492835999,8
Cell Cycle G1/S Phase Transition (GO:0044843),1.1367258633321229,0.6684502959251404,52
Xenobiotic Catabolic Process (GO:0042178),1.1365486851197089,0.6923677921295166,19
mRNA Cleavage Involved In mRNA Processing (GO:0098787),1.1361362632673866,0.7111071944236755,12
RNA Processing (GO:0006396),1.136131568210288,0.5444800853729248,183
tRNA Surveillance (GO:0106354),1.1358568026324745,0.6939502358436584,7
Regulation Of Phosphatidylinositol 3-Kinase Signaling (GO:0014066),1.135838819203239,0.6345596313476562,90
Porphyrin-Containing Compound Catabolic Process (GO:0006787),1.135810882619675,0.7092201113700867,12
Positive Regulation Of Muscle Contraction (GO:0045933),1.1358084026336084,0.7045483589172363,11
Regulation Of Protein Localization To Cell Periphery (GO:1904375),1.1356392642734965,0.6978586316108704,20
Regulation Of Stress-Activated MAPK Cascade (GO:0032872),1.1354643492656675,0.6673628091812134,51
Actin Polymerization Or Depolymerization (GO:0008154),1.1353144193663287,0.6697267293930054,53
Regulation Of Protein Secretion (GO:0050708),1.1352668289282637,0.6068909168243408,102
Regulation Of Nervous System Process (GO:0031644),1.1352458730040818,0.6870908737182617,18
Neuron Projection Extension (GO:1990138),1.1352267497193957,0.6852534413337708,39
Negative Regulation Of miRNA-mediated Gene Silencing (GO:0060965),1.1352095913862217,0.6940875053405762,7
Positive Regulation Of Transmembrane Transport (GO:0034764),1.1350975716189597,0.7196657061576843,15
Response To X-ray (GO:0010165),1.1350083843765508,0.7016209363937378,11
Respiratory Electron Transport Chain (GO:0022904),1.134909555478183,0.7033200263977051,14
Branched-Chain Amino Acid Catabolic Process (GO:0009083),1.1345270705308448,0.7012237906455994,17
Anterograde Axonal Transport (GO:0008089),1.1343274405909523,0.6813008785247803,39
Monosaccharide Biosynthetic Process (GO:0046364),1.134132863474286,0.6965005397796631,7
Positive Regulation Of Lyase Activity (GO:0051349),1.1339402390194286,0.7119008898735046,14
Alpha-Linolenic Acid Metabolic Process (GO:0036109),1.1339068194981887,0.7151904702186584,9
Nuclear RNA Surveillance (GO:0071027),1.133737833057277,0.7019473910331726,10
Negative Regulation Of Endoplasmic Reticulum Unfolded Protein Response (GO:1900102),1.1337040286842315,0.6978586316108704,13
Fructose 6-Phosphate Metabolic Process (GO:0006002),1.1335158903211748,0.6978586316108704,9
DNA Replication Initiation (GO:0006270),1.133362354306195,0.7017437815666199,21
Regulation Of High Voltage-Gated Calcium Channel Activity (GO:1901841),1.1332675472291178,0.7120006084442139,9
Negative Regulation Of Proteolysis (GO:0045861),1.1332483774866113,0.6870169043540955,41
Acid Secretion (GO:0046717),1.133084030047384,0.6975927948951721,8
Positive Regulation Of Vascular Associated Smooth Muscle Cell Proliferation (GO:1904707),1.1330389148632245,0.7120006084442139,20
Cytidine To Uridine Editing (GO:0016554),1.1329409731784068,0.7017915844917297,11
Positive Regulation Of Isomerase Activity (GO:0010912),1.132780691458574,0.6939502358436584,7
Negative Regulation Of Alpha-Beta T Cell Differentiation (GO:0046639),1.1325709018908552,0.7112351655960083,8
Mesenchymal Cell Differentiation Involved In Kidney Development (GO:0072161),1.1315521762122664,0.6939502358436584,5
Cellular Hypotonic Response (GO:0071476),1.131414977557613,0.7138833999633789,6
Sympathetic Nervous System Development (GO:0048485),1.1311540722270261,0.7196657061576843,15
Negative Regulation Of Myeloid Cell Apoptotic Process (GO:0033033),1.1310937775156602,0.7111071944236755,5
Protein Ubiquitination (GO:0016567),1.1309969223768346,0.39531150460243225,434
Regulation Of TOR Signaling (GO:0032006),1.1307592400331474,0.6686134338378906,78
Regulation Of Cellular Response To Heat (GO:1900034),1.130332856597131,0.710748553276062,15
Response To Peptide Hormone (GO:0043434),1.130044846970728,0.6670611500740051,55
Negative Regulation Of Appetite (GO:0032099),1.1299520645695749,0.713832676410675,7
Tyrosine Metabolic Process (GO:0006570),1.1299244985980716,0.6975386142730713,11
Monocarboxylic Acid Biosynthetic Process (GO:0072330),1.1298303264378124,0.662537157535553,65
Response To Organic Cyclic Compound (GO:0014070),1.1297525950275655,0.6687043905258179,58
Regulation Of MAPK Cascade (GO:0043408),1.1295154160917529,0.5444800853729248,204
Positive Regulation Of Mesenchymal Cell Proliferation (GO:0002053),1.1292028539967056,0.7087963819503784,9
Cellular Response To Oxidative Stress (GO:0034599),1.1291987885268038,0.5985450744628906,117
Negative Regulation Of Cell Migration (GO:0030336),1.1290813288666475,0.5756480097770691,163
Mitochondrial tRNA Processing (GO:0090646),1.1288705072641438,0.7012237906455994,6
Receptor Signaling Pathway Via JAK-STAT (GO:0007259),1.1287644395840997,0.7012237906455994,36
"Wound Healing, Spreading Of Epidermal Cells (GO:0035313)",1.1285586442807154,0.7143908739089966,9
Positive Regulation Of G2/M Transition Of Mitotic Cell Cycle (GO:0010971),1.1283918880180572,0.7119008898735046,21
acyl-CoA Biosynthetic Process (GO:0071616),1.1279653041262077,0.7012237906455994,13
Inflammatory Response (GO:0006954),1.1278373504303072,0.5169215202331543,236
Positive Regulation Of Tyrosine Phosphorylation Of STAT Protein (GO:0042531),1.1274246705318964,0.6939502358436584,55
Positive Regulation Of Cellular Component Biogenesis (GO:0044089),1.1271898689337956,0.6212130784988403,93
Positive Regulation Of Peptide Hormone Secretion (GO:0090277),1.1270782274441529,0.697120189666748,46
Polyadenylation-Dependent snoRNA 3'-End Processing (GO:0071051),1.1270677482508156,0.7196657061576843,6
Autophagosome Assembly (GO:0000045),1.126645698700382,0.6701147556304932,65
Unsaturated Fatty Acid Biosynthetic Process (GO:0006636),1.1263177051619984,0.7029600739479065,8
Omega-Hydroxylase P450 Pathway (GO:0097267),1.1263093357924094,0.7097871899604797,10
HALLMARK_APICAL_JUNCTION,1.126263881006635,0.5564215183258057,200
Regulation Of Biosynthetic Process (GO:0009889),1.1262628668708474,0.7176213264465332,10
Regulation Of Execution Phase Of Apoptosis (GO:1900117),1.126230644038891,0.7151904702186584,24
Regulation Of Protein-Containing Complex Assembly (GO:0043254),1.1257341647843422,0.6135127544403076,119
N-acetylneuraminate Metabolic Process (GO:0006054),1.1255760319840196,0.7151904702186584,10
Negative Regulation Of Nitrogen Compound Metabolic Process (GO:0051172),1.1254094282116212,0.7260397672653198,11
Positive Regulation Of Cell Death (GO:0010942),1.125397707697261,0.680574893951416,50
Amino Acid Catabolic Process (GO:0009063),1.12521731277874,0.7017437815666199,38
Positive Regulation Of Ubiquitin-Protein Transferase Activity (GO:0051443),1.1251353582346668,0.7012237906455994,27
Cranial Nerve Development (GO:0021545),1.1250077107194743,0.6975386142730713,13
Natural Killer Cell Activation (GO:0030101),1.124793190960606,0.6975927948951721,45
Histone H2A K63-linked Deubiquitination (GO:0070537),1.1244710319224736,0.7260397672653198,7
Regulation Of Protein Ubiquitination (GO:0031396),1.124460163176246,0.637580156326294,113
Sialylation (GO:0097503),1.1240547445192632,0.719371497631073,7
Regulation Of Tube Diameter (GO:0035296),1.124015244650518,0.7260397672653198,12
Vascular Process In Circulatory System (GO:0003018),1.124015244650518,0.7260397672653198,12
Negative Regulation Of Leukocyte Activation (GO:0002695),1.1236072905489722,0.7260397672653198,17
Activation Of Protein Kinase B Activity (GO:0032148),1.1235691176940164,0.7143908739089966,25
Positive Regulation Of Mitochondrial Translation (GO:0070131),1.123496473379529,0.710902750492096,14
Regulation Of Phosphate Metabolic Process (GO:0019220),1.1233246226695202,0.7194628715515137,14
tRNA Metabolic Process (GO:0006399),1.1232740993414256,0.7194628715515137,19
Positive Regulation Of NIK/NF-kappaB Signaling (GO:1901224),1.123100184001466,0.6845987439155579,53
rRNA Catabolic Process (GO:0016075),1.1229162360696234,0.7119008898735046,19
Vacuolar Transport (GO:0007034),1.122591000251367,0.7012237906455994,46
Iron Coordination Entity Transport (GO:1901678),1.1225651876992764,0.7112351655960083,5
Mitochondrial Genome Maintenance (GO:0000002),1.1223283423822155,0.7093361020088196,11
G2/M Transition Of Mitotic Cell Cycle (GO:0000086),1.1223162027371967,0.6965005397796631,38
Regulation Of Phospholipid Metabolic Process (GO:1903725),1.1222742768902507,0.7151904702186584,9
Purine Ribonucleoside Triphosphate Metabolic Process (GO:0009205),1.122250673046098,0.7012237906455994,32
Regulation Of Response To Oxidative Stress (GO:1902882),1.1216428092877253,0.7017437815666199,11
Regulation Of Protein Deubiquitination (GO:0090085),1.121183565525551,0.7151904702186584,5
Retinal Metabolic Process (GO:0042574),1.1209499097450537,0.7111071944236755,16
Mitochondrial Gene Expression (GO:0140053),1.1205955813860136,0.7012237906455994,103
Telomere Maintenance Via Telomere Trimming (GO:0090737),1.1203916934939648,0.7176213264465332,10
Formation Of Extrachromosomal Circular DNA (GO:0001325),1.1203916934939648,0.7176213264465332,10
T-Circle Formation (GO:0090656),1.1203916934939648,0.7176213264465332,10
Regulation Of Viral Life Cycle (GO:1903900),1.120255940950356,0.7168446183204651,24
Histone mRNA Metabolic Process (GO:0008334),1.1199631476169152,0.7119008898735046,23
Prostaglandin Metabolic Process (GO:0006693),1.1197605905908967,0.7012237906455994,30
RNA Metabolic Process (GO:0016070),1.1195067674285593,0.6332222819328308,111
Regulation Of Inflammatory Response (GO:0050727),1.1189280913725255,0.5423935055732727,240
Pattern Recognition Receptor Signaling Pathway (GO:0002221),1.1189049490654124,0.6813547611236572,56
Phospholipid Transport (GO:0015914),1.1183911433194484,0.6852534413337708,59
Organelle Transport Along Microtubule (GO:0072384),1.118126804254231,0.6939502358436584,39
HALLMARK_CHOLESTEROL_HOMEOSTASIS,1.1177877725573517,0.6717749238014221,74
Protein Localization To Kinetochore (GO:0034501),1.1176886458322943,0.7260397672653198,11
Glycolipid Metabolic Process (GO:0006664),1.1174502973098857,0.7104072570800781,33
Cellular Response To Organonitrogen Compound (GO:0071417),1.117430260257291,0.662537157535553,105
Positive Regulation Of Cell Adhesion (GO:0045785),1.1173942859605464,0.6849635243415833,88
Nuclear Pore Complex Assembly (GO:0051292),1.1171692818856003,0.7312004566192627,10
Mitotic Spindle Assembly (GO:0090307),1.1171326299052642,0.6965005397796631,44
Regulation Of rRNA Processing (GO:2000232),1.1170808272114452,0.7312004566192627,15
Regulation Of Mitotic Spindle Organization (GO:0060236),1.116968817874545,0.7104072570800781,39
Negative Regulation Of Blood Vessel Endothelial Cell Proliferation Involved In Sprouting Angiogenesis (GO:1903588),1.1167819153430216,0.7304649949073792,6
Regulation Of Interleukin-13 Production (GO:0032656),1.1166163632242097,0.7333633303642273,15
"mRNA Splicing, Via Spliceosome (GO:0000398)",1.1164972321104583,0.581203281879425,211
Negative Regulation Of Transcription Elongation By RNA Polymerase II (GO:0034244),1.1163237724998492,0.7176213264465332,14
Positive Regulation Of DNA Binding (GO:0043388),1.116166736661653,0.7138833999633789,33
Cellular Response To Cytokine Stimulus (GO:0071345),1.1158419915929376,0.5078451633453369,308
HALLMARK_HEME_METABOLISM,1.1158076335934926,0.5845082402229309,199
Regulation Of Reactive Oxygen Species Biosynthetic Process (GO:1903426),1.1155279083629466,0.7258397936820984,26
Endosomal Transport (GO:0016197),1.1152634513733217,0.5867895483970642,180
Positive Regulation Of Cellular Respiration (GO:1901857),1.1151800180072275,0.7119008898735046,10
Positive Regulation Of Protein Secretion (GO:0050714),1.1150832584003485,0.6780241131782532,76
Positive Regulation Of Smooth Muscle Cell Migration (GO:0014911),1.114605971860286,0.7333633303642273,16
Protein Homotrimerization (GO:0070207),1.1144558624863106,0.7333633303642273,14
Protein Trimerization (GO:0070206),1.1144558624863106,0.7333633303642273,14
Toll-Like Receptor 4 Signaling Pathway (GO:0034142),1.1143785004361915,0.7177738547325134,17
tRNA Threonylcarbamoyladenosine Metabolic Process (GO:0070525),1.1143461758787578,0.7312004566192627,10
Nucleotide-Sugar Biosynthetic Process (GO:0009226),1.1140131129586175,0.7388514876365662,15
Immune Response-Activating Cell Surface Receptor Signaling Pathway (GO:0002429),1.1139429370594895,0.7353683114051819,23
Regulation Of Growth Hormone Secretion (GO:0060123),1.1136079813100517,0.7333633303642273,6
Heparan Sulfate Proteoglycan Metabolic Process (GO:0030201),1.1132826400587712,0.7404271960258484,13
T Cell Proliferation (GO:0042098),1.1130210882805092,0.7378495335578918,14
Negative Regulation Of Translation (GO:0017148),1.1128074242450774,0.6718593239784241,107
Positive Regulation Of Programmed Necrotic Cell Death (GO:0062100),1.1126675537290964,0.7356736063957214,5
Positive Regulation Of Necroptotic Process (GO:0060545),1.1126675537290964,0.7356736063957214,5
Negative Regulation Of Growth (GO:0045926),1.1125165770835166,0.6417120099067688,124
Positive Regulation Of Mitophagy (GO:1901526),1.1122856863300894,0.7312004566192627,6
Pyrimidine-Containing Compound Metabolic Process (GO:0072527),1.1122124388856423,0.7341136336326599,8
Negative Regulation Of Cholesterol Storage (GO:0010887),1.1121114180575775,0.7194628715515137,8
Glycosylceramide Biosynthetic Process (GO:0046476),1.1119030737783173,0.7312004566192627,6
Positive Regulation Of Glial Cell Differentiation (GO:0045687),1.1118249365435977,0.7333633303642273,17
Sodium-Dependent Phosphate Transport (GO:0044341),1.111628065641145,0.7135434746742249,7
Sphingoid Biosynthetic Process (GO:0046520),1.1114563650194047,0.7333633303642273,13
Sphingosine Biosynthetic Process (GO:0046512),1.1114563650194047,0.7333633303642273,13
Chondroitin Sulfate Proteoglycan Biosynthetic Process (GO:0050650),1.1113713524142628,0.7312004566192627,19
Regulation Of Amyloid Fibril Formation (GO:1905906),1.1113709794947793,0.7483397126197815,15
Regulation Of Extracellular Matrix Disassembly (GO:0010715),1.1113180059825667,0.742099404335022,14
Free Ubiquitin Chain Polymerization (GO:0010994),1.1112788004064988,0.7341136336326599,6
Negative Regulation Of Cytokine Production (GO:0001818),1.1112576304750064,0.6134291291236877,178
Positive Regulation Of Focal Adhesion Disassembly (GO:0120183),1.111198284295993,0.7209199070930481,5
Regulation Of Focal Adhesion Disassembly (GO:0120182),1.111198284295993,0.7209199070930481,5
Endosome To Melanosome Transport (GO:0035646),1.1106976881704997,0.7397512793540955,8
Endosome To Pigment Granule Transport (GO:0043485),1.1106976881704997,0.7397512793540955,8
mRNA Pseudouridine Synthesis (GO:1990481),1.110622633866473,0.742099404335022,8
MAPK Cascade (GO:0000165),1.1103326429822533,0.6813547611236572,98
Regulation Of Phosphatase Activity (GO:0010921),1.110261168599891,0.718104898929596,20
Fatty Acid Alpha-Oxidation (GO:0001561),1.1102331694864762,0.7482156753540039,7
"Regulation Of Circadian Sleep/Wake Cycle, Sleep (GO:0045187)",1.1100987115053715,0.7318964004516602,5
Regulation Of Striated Muscle Contraction (GO:0006942),1.1100608861317418,0.7119008898735046,29
Endomembrane System Organization (GO:0010256),1.1094497979977724,0.6017335057258606,196
Positive Regulation Of Telomerase Activity (GO:0051973),1.1093392448159631,0.7333633303642273,33
Positive Regulation Of rRNA Processing (GO:2000234),1.1092175227523604,0.7341136336326599,9
Regulation Of Regulatory T Cell Differentiation (GO:0045589),1.1090843307401197,0.7333633303642273,22
Positive Regulation Of mRNA Binding (GO:1902416),1.1090780672920475,0.7333633303642273,6
Cellular Response To Chemical Stress (GO:0062197),1.108503386136218,0.6783984303474426,89
Positive Regulation Of Lamellipodium Morphogenesis (GO:2000394),1.1084472713958493,0.718104898929596,6
"Negative Regulation Of CD4-positive, Alpha-Beta T Cell Proliferation (GO:2000562)",1.108332556848118,0.7292410731315613,6
Lytic Vacuole Organization (GO:0080171),1.1083105669323043,0.7312004566192627,36
Gliogenesis (GO:0042063),1.1082758929485643,0.7333633303642273,24
Negative Regulation Of Protein Dephosphorylation (GO:0035308),1.1082645164036613,0.7356736063957214,19
Signal Transduction In Response To DNA Damage (GO:0042770),1.108105163614936,0.7097871899604797,57
Positive Regulation Of Homotypic Cell-Cell Adhesion (GO:0034112),1.1077029817053288,0.7406216859817505,16
Transcription Initiation-Coupled Chromatin Remodeling (GO:0045815),1.1076771130316465,0.7119008898735046,34
Negative Regulation Of Cell Adhesion (GO:0007162),1.1075451511776422,0.7012237906455994,72
Protein Localization To Cell-Cell Junction (GO:0150105),1.107446988248809,0.7356736063957214,15
Positive Regulation Of Immune Effector Process (GO:0002699),1.107426145206209,0.7312004566192627,37
Iron Ion Transport (GO:0006826),1.106907167028216,0.7333633303642273,24
Regulation Of Heterochromatin Formation (GO:0031445),1.106744827447692,0.7366329431533813,7
Negative Regulation Of Calcium Ion Transport (GO:0051926),1.1065219513790463,0.7511499524116516,17
Regulation Of Protein Polymerization (GO:0032271),1.1055444990728174,0.7298261523246765,33
Mature B Cell Differentiation Involved In Immune Response (GO:0002313),1.1050538789855873,0.7341136336326599,13
Regulation Of Cellular Biosynthetic Process (GO:0031326),1.1049929815145305,0.7097871899604797,70
Immunoglobulin V(D)J Recombination (GO:0033152),1.1048117159760678,0.7482156753540039,5
Regulation Of Sterol Biosynthetic Process (GO:0106118),1.104742583585581,0.7356736063957214,8
Histone H2A Acetylation (GO:0043968),1.1046320297779881,0.7341136336326599,21
Protein Acylation (GO:0043543),1.1044280169025036,0.7304344773292542,37
Autophagosome Organization (GO:1905037),1.1043919821709363,0.6975004076957703,61
Regulation Of T Cell Chemotaxis (GO:0010819),1.1043475999777475,0.7341136336326599,13
Myeloid Cell Development (GO:0061515),1.10433054605391,0.7356736063957214,27
Desmosome Organization (GO:0002934),1.1041321580232224,0.7388514876365662,6
Cellular Response To Organic Cyclic Compound (GO:0071407),1.103875050086553,0.6577097773551941,152
Regulation Of Dephosphorylation (GO:0035303),1.1038178633266775,0.7333633303642273,15
Regulation Of Apoptotic Signaling Pathway (GO:2001233),1.1033775344789247,0.7174391746520996,45
Regulation Of Cytokine Production (GO:0001817),1.1031550288956324,0.6417120099067688,167
mRNA 3'-End Processing (GO:0031124),1.1030383477301142,0.7356736063957214,40
Negative Regulation Of Production Of Molecular Mediator Of Immune Response (GO:0002701),1.1028832232083483,0.7356736063957214,8
Regulation Of Inclusion Body Assembly (GO:0090083),1.1028254668186819,0.742099404335022,10
Negative Regulation Of Secretion By Cell (GO:1903531),1.1026286825104572,0.7308375835418701,40
Regulation Of Attachment Of Spindle Microtubules To Kinetochore (GO:0051988),1.1026092778559928,0.7333633303642273,9
ATP Synthesis Coupled Electron Transport (GO:0042773),1.102379308932607,0.742099404335022,7
"Negative Regulation Of CD8-positive, Alpha-Beta T Cell Activation (GO:2001186)",1.1022857834958193,0.7333633303642273,7
Tubulin Complex Assembly (GO:0007021),1.1020758764550074,0.7356736063957214,6
Negative Regulation Of Macrophage Derived Foam Cell Differentiation (GO:0010745),1.1019869001327856,0.7442333698272705,12
Protein Alkylation (GO:0008213),1.1019634718914735,0.7388514876365662,23
Positive Regulation Of Cell Growth (GO:0030307),1.1014939545374505,0.6888065934181213,106
Regulation Of Ubiquitin-Dependent Protein Catabolic Process (GO:2000058),1.1014250759617228,0.7312004566192627,42
Negative Regulation Of DNA Recombination (GO:0045910),1.1014210339168131,0.7333633303642273,41
Cellular Response To Nitrogen Compound (GO:1901699),1.1008799324839376,0.7417450547218323,16
Phosphatidylcholine Metabolic Process (GO:0046470),1.1008325643937633,0.7312004566192627,55
Modulation By Host Of Viral Genome Replication (GO:0044827),1.1005969210112045,0.7549152374267578,21
Regulation Of Oxidoreductase Activity (GO:0051341),1.100490524593678,0.7341136336326599,13
Regulation Of Single Stranded Viral RNA Replication Via Double Stranded DNA Intermediate (GO:0045091),1.1003662635091815,0.7500666975975037,17
Development Of Primary Male Sexual Characteristics (GO:0046546),1.1003208192519718,0.7312004566192627,46
Cellular Response To Amino Acid Starvation (GO:0034198),1.1000886839897812,0.7341136336326599,42
Negative Regulation Of Proteolysis Involved In Protein Catabolic Process (GO:1903051),1.0998247955921394,0.7341136336326599,25
L-alanine Transport (GO:0015808),1.0996791314959782,0.7333633303642273,7
Nuclear Polyadenylation-Dependent tRNA Catabolic Process (GO:0071038),1.0994864422220878,0.7493963241577148,6
Nuclear Polyadenylation-Dependent ncRNA Catabolic Process (GO:0071046),1.0994864422220878,0.7493963241577148,6
Nuclear Polyadenylation-Dependent rRNA Catabolic Process (GO:0071035),1.0994864422220878,0.7493963241577148,6
Mismatch Repair (GO:0006298),1.099479803078456,0.7333633303642273,25
Glycoprotein Metabolic Process (GO:0009100),1.0994552902561292,0.7143908739089966,53
Phosphatidylinositol Phosphate Biosynthetic Process (GO:0046854),1.0994203464804848,0.7312004566192627,44
Negative Regulation Of Double-Strand Break Repair Via Homologous Recombination (GO:2000042),1.0993206664074024,0.7361159324645996,21
Negative Regulation Of Tyrosine Phosphorylation Of STAT Protein (GO:0042532),1.0992065047188413,0.7505419850349426,9
Regulation Of Cysteine-Type Endopeptidase Activity Involved In Apoptotic Process (GO:0043281),1.0990386535282666,0.7119008898735046,84
Ribosome Disassembly (GO:0032790),1.0989052059429951,0.7353683114051819,12
Regulation Of Telomerase Activity (GO:0051972),1.0988903630033924,0.7258397936820984,45
Negative Regulation Of Lipid Kinase Activity (GO:0090219),1.098844829078791,0.7353683114051819,7
Regulation Of Protein Localization To Chromatin (GO:1905634),1.098650854254159,0.743224561214447,9
Response To Axon Injury (GO:0048678),1.0984880731379827,0.7341136336326599,18
Regulation Of Transport (GO:0051049),1.0983696844970003,0.7341136336326599,44
Establishment Of Epithelial Cell Apical/Basal Polarity (GO:0045198),1.0983014924225065,0.7493963241577148,10
Regulation Of Cholesterol Transport (GO:0032374),1.0979872191034703,0.7333633303642273,23
Maintenance Of Gastrointestinal Epithelium (GO:0030277),1.097855606726894,0.7493963241577148,18
Regulation Of Centrosome Cycle (GO:0046605),1.09780276954126,0.7543604373931885,23
Positive Regulation Of Focal Adhesion Assembly (GO:0051894),1.0977433398009262,0.7333633303642273,18
Nucleotide-Sugar Metabolic Process (GO:0009225),1.0977288634831437,0.7341136336326599,13
Purine-Containing Compound Metabolic Process (GO:0072521),1.0976820613965312,0.743224561214447,7
Positive Regulation Of Mitochondrial Outer Membrane Permeabilization Involved In Apoptotic Signaling Pathway (GO:1901030),1.0974506292058135,0.7677528262138367,10
Phosphatidylinositol 3-Kinase Signaling (GO:0014065),1.097282798346251,0.7356736063957214,32
Receptor Recycling (GO:0001881),1.0971762461343628,0.7445011734962463,17
Negative Regulation Of Epidermal Growth Factor Receptor Signaling Pathway (GO:0042059),1.097126607819644,0.751943826675415,23
Regulation Of Fat Cell Proliferation (GO:0070344),1.0968232085337457,0.7382823824882507,5
Protein Localization To Chromatin (GO:0071168),1.0966805399318362,0.7333633303642273,31
Polyamine Metabolic Process (GO:0006595),1.096609944857754,0.7493963241577148,11
Fatty Acid Elongation (GO:0030497),1.0964771655023893,0.7493963241577148,12
Intrinsic Apoptotic Signaling Pathway By P53 Class Mediator (GO:0072332),1.0963108142323694,0.7353683114051819,35
Protein Localization To Endosome (GO:0036010),1.0961836328898016,0.7550432682037354,10
Regulation Of Neurogenesis (GO:0050767),1.0961051110001274,0.7120006084442139,67
DNA Geometric Change (GO:0032392),1.0960819146910756,0.7509838342666626,30
Glycosaminoglycan Metabolic Process (GO:0030203),1.0960164668057741,0.739775538444519,28
Peroxisomal Membrane Transport (GO:0015919),1.0958622611354094,0.7508144974708557,17
Organic Hydroxy Compound Transport (GO:0015850),1.0957594670484978,0.7333633303642273,45
Regulation Of Cell Cycle Phase Transition (GO:1901987),1.0956827267207487,0.7333633303642273,25
"Nuclear-Transcribed mRNA Catabolic Process, Exonucleolytic (GO:0000291)",1.095617437201981,0.742099404335022,17
Negative Regulation Of Protein Localization To Cell Periphery (GO:1904376),1.0954125670492223,0.742099404335022,20
Regulation Of Cell Cycle Checkpoint (GO:1901976),1.0953631323408366,0.7543604373931885,11
Negative Regulation Of Execution Phase Of Apoptosis (GO:1900118),1.0952861417011008,0.7356736063957214,19
Resolution Of Meiotic Recombination Intermediates (GO:0000712),1.0950884882729086,0.7382823824882507,14
Negative Regulation Of Toll-Like Receptor 2 Signaling Pathway (GO:0034136),1.0947556798681055,0.7463739514350891,5
Golgi Organization (GO:0007030),1.0946832361465986,0.6940875053405762,130
L-glutamate Import (GO:0051938),1.094271503961362,0.7539920210838318,15
Positive Regulation Of Dendritic Spine Morphogenesis (GO:0061003),1.0942491997997363,0.7513375878334045,8
Positive Regulation Of Protein K63-linked Ubiquitination (GO:1902523),1.0941508769672623,0.7493963241577148,6
Mitotic G2 DNA Damage Checkpoint Signaling (GO:0007095),1.093816784604659,0.7404271960258484,30
DNA-templated Transcription (GO:0006351),1.0935670386881897,0.6640825271606445,199
Purine Nucleotide Catabolic Process (GO:0006195),1.0935482305140813,0.7493963241577148,7
Intracellular Lipid Transport (GO:0032365),1.0935360071184252,0.7523564100265503,18
Regulation Of Proteolysis (GO:0030162),1.093535033592329,0.7312004566192627,52
Defense Response To Fungus (GO:0050832),1.0933652523364978,0.742099404335022,29
Mitochondrial Fusion (GO:0008053),1.093272975673821,0.7425371408462524,18
Monocarboxylic Acid Transport (GO:0015718),1.0928048260332242,0.710748553276062,73
L-alpha-amino Acid Transmembrane Transport (GO:1902475),1.0928036834572867,0.7258397936820984,40
Regulation Of Organelle Organization (GO:0033043),1.0925668830081696,0.7097871899604797,100
Histone H2A Monoubiquitination (GO:0035518),1.0925477215337835,0.7508072257041931,14
Negative Regulation Of T Cell Differentiation (GO:0045581),1.0924568629676656,0.7539920210838318,13
Aminoglycan Biosynthetic Process (GO:0006023),1.091733120151051,0.75181645154953,21
Positive Regulation Of Interleukin-4 Production (GO:0032753),1.0915139789062616,0.7491252422332764,18
Protein Ufmylation (GO:0071569),1.0913707232138303,0.7710188031196594,5
Regulation Of Epidermal Growth Factor Receptor Signaling Pathway (GO:0042058),1.0913377064740755,0.7417450547218323,46
Cellular Response To Starvation (GO:0009267),1.0912244695887223,0.6940875053405762,126
Regulation Of Aspartic-Type Endopeptidase Activity Involved In Amyloid Precursor Protein Catabolic Process (GO:1902959),1.09116365315044,0.7482156753540039,8
Regulation Of Telomere Maintenance Via Telomerase (GO:0032210),1.0910553958705709,0.7388514876365662,51
Gonad Development (GO:0008406),1.0909504880148395,0.7228835821151733,53
Intracellular Sterol Transport (GO:0032366),1.090760043263907,0.7550432682037354,15
Positive Regulation Of Transferase Activity (GO:0051347),1.0907488665058613,0.6845987439155579,143
Translesion Synthesis (GO:0019985),1.090150120530496,0.7543604373931885,23
Attachment Of Mitotic Spindle Microtubules To Kinetochore (GO:0051315),1.0897275930915247,0.7493963241577148,12
Positive Regulation Of Organelle Assembly (GO:1902117),1.0890673903219923,0.7353683114051819,61
Regulation Of T Cell Differentiation In Thymus (GO:0033081),1.0889345238173282,0.7605883479118347,12
Regulation Of Alcohol Biosynthetic Process (GO:1902930),1.088657301092517,0.7604666352272034,11
Protein Localization (GO:0008104),1.0882300153845665,0.5863358378410339,351
Excitatory Chemical Synaptic Transmission (GO:0098976),1.0881214984184189,0.7654463052749634,6
Epidermis Development (GO:0008544),1.088082022371499,0.719371497631073,85
Regulation Of Macroautophagy (GO:0016241),1.0878957026246066,0.7143908739089966,96
Positive Regulation Of Dephosphorylation (GO:0035306),1.0876294612415798,0.7539920210838318,29
Regulation Of Translational Termination (GO:0006449),1.087602676287403,0.7511499524116516,6
Neutrophil Degranulation (GO:0043312),1.0875108058354592,0.7493963241577148,5
Regulation Of Epidermal Cell Differentiation (GO:0045604),1.087261514283596,0.7709479928016663,18
N-glycan Processing (GO:0006491),1.0871973371024402,0.751088559627533,19
Regulation Of RNA Metabolic Process (GO:0051252),1.0869141550529566,0.7104072570800781,91
Mitotic G1/S Transition Checkpoint Signaling (GO:0044819),1.0868271212891816,0.7677528262138367,10
Establishment Of Apical/Basal Cell Polarity (GO:0035089),1.086698624535578,0.7654463052749634,14
Biogenic Amine Metabolic Process (GO:0006576),1.0863826474209246,0.7531394958496094,12
Male Gonad Development (GO:0008584),1.0863617660429208,0.7493963241577148,46
Cellular Response To Interleukin-1 (GO:0071347),1.086289134663219,0.7137622833251953,81
Negative Regulation Of Voltage-Gated Calcium Channel Activity (GO:1901386),1.086252582663466,0.7666049003601074,12
Protein poly-ADP-ribosylation (GO:0070212),1.0862117018945479,0.7543604373931885,8
Intermembrane Lipid Transfer (GO:0120009),1.0861465750684374,0.7468383312225342,8
Negative Regulation Of Double-Strand Break Repair Via Nonhomologous End Joining (GO:2001033),1.0858238040324286,0.7371232509613037,6
Positive Regulation Of Protein Kinase B Signaling (GO:0051897),1.0851767391961271,0.7228835821151733,93
Response To Interleukin-6 (GO:0070741),1.0851755878931597,0.7493963241577148,12
Regulation Of Mammary Gland Epithelial Cell Proliferation (GO:0033599),1.0847598465348158,0.7519071102142334,7
Negative Regulation Of Telomerase Activity (GO:0051974),1.0843332850579386,0.7660793662071228,9
tRNA Aminoacylation For Protein Translation (GO:0006418),1.0839631294434116,0.7709323167800903,35
Regulation Of Phospholipid Transport (GO:2001138),1.0839131832682587,0.7566552758216858,6
Positive Regulation Of Mitochondrial Membrane Permeability (GO:0035794),1.083865042428157,0.7674607038497925,9
Mitochondrion Disassembly (GO:0061726),1.0838395093297668,0.764716386795044,37
Macrophage Activation (GO:0042116),1.0837633545747725,0.742099404335022,35
Positive Regulation Of Protein Polymerization (GO:0032273),1.0834614367287467,0.7312004566192627,70
Regulation Of Response To Stress (GO:0080134),1.0833240768319163,0.7720052003860474,13
Quaternary Ammonium Group Transport (GO:0015697),1.0832729550984757,0.7605883479118347,12
Plasma Membrane Organization (GO:0007009),1.0829263989472102,0.7260397672653198,72
L-methionine Salvage (GO:0071267),1.0828975955850182,0.7684279680252075,6
Positive Regulation Of Transcription From RNA Polymerase II Promoter Involved In Cellular Response To Chemical Stimulus (GO:1901522),1.082843953358401,0.7543604373931885,14
C4-dicarboxylate Transport (GO:0015740),1.0828048269637154,0.7604832649230957,12
Negative Regulation Of Osteoblast Proliferation (GO:0033689),1.0825111894733932,0.764716386795044,7
Somatic Recombination Of Immunoglobulin Genes Involved In Immune Response (GO:0002204),1.0821411684263107,0.7660793662071228,9
Amide Transport (GO:0042886),1.082110258727061,0.743224561214447,32
Positive Regulation Of Endocytic Recycling (GO:2001137),1.0818120948495908,0.7709479928016663,7
Heme Catabolic Process (GO:0042167),1.08168585541095,0.7605883479118347,10
Negative Regulation Of Natural Killer Cell Mediated Cytotoxicity (GO:0045953),1.081053932570829,0.7677528262138367,16
Bile Acid Metabolic Process (GO:0008206),1.0809336425546312,0.7543604373931885,31
L-glutamate Transmembrane Transport (GO:0015813),1.0806695320946385,0.7615414261817932,14
Replication Fork Processing (GO:0031297),1.0800669708935677,0.7530420422554016,46
Regulation Of Angiogenesis (GO:0045765),1.0798732829729618,0.6717749238014221,205
ER Overload Response (GO:0006983),1.079532940453457,0.7644169330596924,7
Epithelial Structure Maintenance (GO:0010669),1.079287128611498,0.7644169330596924,19
Cell Junction Maintenance (GO:0034331),1.07916982850329,0.7709479928016663,18
Icosanoid Biosynthetic Process (GO:0046456),1.078853947123528,0.7677528262138367,18
Negative Regulation Of Cellular Extravasation (GO:0002692),1.0787183166676257,0.7640214562416077,5
Phosphate-Containing Compound Metabolic Process (GO:0006796),1.0784477786795235,0.6813547611236572,184
Protein Localization To Condensed Chromosome (GO:1903083),1.0783394134078739,0.7660793662071228,10
Negative Regulation Of Protein-Containing Complex Assembly (GO:0031333),1.0782681346157703,0.743224561214447,59
Regulation Of Cell-Cell Adhesion (GO:0022407),1.078116659830826,0.7581446170806885,43
Regulation Of Cell Death (GO:0010941),1.0779649909436821,0.7493963241577148,59
Regulation Of Cardiac Muscle Contraction By Calcium Ion Signaling (GO:0010882),1.077871207664844,0.7605883479118347,20
Regulation Of mRNA 3'-End Processing (GO:0031440),1.0778624662924816,0.7782393097877502,11
Negative Regulation Of T Cell Mediated Cytotoxicity (GO:0001915),1.0775099669482666,0.7734441757202148,7
Positive Regulation Of Chromosome Condensation (GO:1905821),1.0773759497977131,0.7787043452262878,7
Regulation Of Chromosome Condensation (GO:0060623),1.0773759497977131,0.7787043452262878,7
ATF6-mediated Unfolded Protein Response (GO:0036500),1.0772590247297924,0.7559624910354614,6
Regulation Of DNA-directed DNA Polymerase Activity (GO:1900262),1.0770394147630231,0.7660793662071228,12
Positive Regulation Of DNA-directed DNA Polymerase Activity (GO:1900264),1.0770394147630231,0.7660793662071228,12
Positive Regulation Of Endothelial Cell Migration (GO:0010595),1.0765808610037169,0.7333633303642273,85
Response To Peptidoglycan (GO:0032494),1.0763874939952978,0.7674557566642761,5
CD40 Signaling Pathway (GO:0023035),1.0763221349145562,0.7649965882301331,8
Mitotic G2/M Transition Checkpoint (GO:0044818),1.0762312166796524,0.7654463052749634,46
Negative Regulation Of Oxidoreductase Activity (GO:0051354),1.0759749904699925,0.7671936750411987,10
RNA Decapping (GO:0110154),1.075647435864403,0.7702615261077881,5
Negative Regulation Of Reactive Oxygen Species Biosynthetic Process (GO:1903427),1.0756360269111935,0.7738590836524963,11
Pyrimidine Nucleotide-Sugar Transmembrane Transport (GO:0090481),1.0754804191494909,0.7787043452262878,6
Nucleic Acid Metabolic Process (GO:0090304),1.0752867716220889,0.751943826675415,30
Regulation Of Dendritic Cell Antigen Processing And Presentation (GO:0002604),1.075226684271194,0.7787043452262878,8
Response To Amino Acid Starvation (GO:1990928),1.0750348132468446,0.7654463052749634,41
Nucleoside Phosphate Catabolic Process (GO:1901292),1.0744828933261128,0.7702615261077881,11
Negative Regulation Of Proteasomal Protein Catabolic Process (GO:1901799),1.0744159589510733,0.7543604373931885,39
Cellular Heat Acclimation (GO:0070370),1.0743828740786168,0.7666049003601074,5
Heat Acclimation (GO:0010286),1.0743828740786168,0.7666049003601074,5
Regulation Of Defense Response (GO:0031347),1.0742718332270396,0.7312004566192627,97
Regulation Of T-helper 17 Cell Lineage Commitment (GO:2000328),1.0742383073283555,0.7644169330596924,5
Negative Regulation Of Lymphocyte Proliferation (GO:0050672),1.0741830034754722,0.7533149719238281,39
Negative Regulation By Host Of Viral Transcription (GO:0043922),1.074077540532456,0.7735645771026611,12
Negative Regulation Of Double-Strand Break Repair (GO:2000780),1.0733645996063348,0.7654463052749634,33
Chondrocyte Development (GO:0002063),1.073321533574846,0.7677528262138367,5
Negative Regulation Of Chromosome Organization (GO:2001251),1.0732930883412801,0.7702615261077881,8
Glucan Catabolic Process (GO:0009251),1.073002824854636,0.7604666352272034,6
Regulation Of Systemic Arterial Blood Pressure (GO:0003073),1.0729278889547071,0.7745559811592102,15
Positive Regulation Of Catecholamine Secretion (GO:0033605),1.072544686319407,0.7763659358024597,6
"RNA Splicing, Via Transesterification Reactions (GO:0000375)",1.0724591128224386,0.7787043452262878,24
Androgen Biosynthetic Process (GO:0006702),1.0724237980514946,0.7674607038497925,8
Proteoglycan Biosynthetic Process (GO:0030166),1.072254946213626,0.7681910395622253,32
Aminoglycan Metabolic Process (GO:0006022),1.0722467137971472,0.7763659358024597,9
Positive Regulation Of Vascular Endothelial Growth Factor Receptor Signaling Pathway (GO:0030949),1.0721291880514872,0.7763659358024597,9
Diol Biosynthetic Process (GO:0034312),1.0720652454543609,0.7677555084228516,17
Peptide Catabolic Process (GO:0043171),1.0718198399803844,0.7763659358024597,21
Acute Inflammatory Response (GO:0002526),1.0717638961868423,0.7752600908279419,26
Magnesium Ion Transport (GO:0015693),1.0712532441047962,0.7726956605911255,11
Positive Regulation Of Protein Polyubiquitination (GO:1902916),1.0709045306112004,0.7787043452262878,11
Regulation Of Microglial Cell Activation (GO:1903978),1.070899927732479,0.7654463052749634,14
Negative Regulation Of Extracellular Matrix Organization (GO:1903054),1.0707407420780537,0.7833437919616699,9
Selective Autophagy (GO:0061912),1.0705364713929015,0.7493963241577148,58
Blood Circulation (GO:0008015),1.0705141467988457,0.7654463052749634,50
Negative Regulation Of T Cell Mediated Immunity (GO:0002710),1.0704379410544105,0.7752600908279419,14
Regulation Of Very-Low-Density Lipoprotein Particle Remodeling (GO:0010901),1.0701692034949348,0.7744629383087158,5
Negative Regulation Of Stem Cell Population Maintenance (GO:1902455),1.0701192787925091,0.7681910395622253,20
Prostanoid Metabolic Process (GO:0006692),1.0699762370541712,0.7674607038497925,16
Positive Regulation Of DNA-templated DNA Replication (GO:2000105),1.0698609638078458,0.7739976048469543,10
Ceramide Metabolic Process (GO:0006672),1.0697835257344563,0.751943826675415,55
Positive Regulation Of Aspartic-Type Peptidase Activity (GO:1905247),1.0697636139276385,0.7787043452262878,7
Rac Protein Signal Transduction (GO:0016601),1.069505139327349,0.7787043452262878,17
Resolution Of Recombination Intermediates (GO:0071139),1.069419004156313,0.7702615261077881,5
Regulation Of Microtubule-Based Movement (GO:0060632),1.069404061310791,0.7787043452262878,11
Regulation Of DNA Strand Elongation (GO:0060382),1.069374807878442,0.7763659358024597,16
ERBB2-EGFR Signaling Pathway (GO:0038134),1.0687674419793116,0.7787043452262878,5
Cellular Response To Tumor Necrosis Factor (GO:0071356),1.0686581253659044,0.7333633303642273,119
Negative Regulation Of Sequestering Of Calcium Ion (GO:0051283),1.0685997237798295,0.7788107395172119,36
Glucose Import (GO:0046323),1.0684260334531945,0.7799752950668335,12
Telomere Capping (GO:0016233),1.0684024024006298,0.7782393097877502,14
Endocytic Recycling (GO:0032456),1.0683513349115608,0.7611755132675171,64
Cellular Response To Topologically Incorrect Protein (GO:0035967),1.067736985440074,0.7793116569519043,22
Fatty Acid Catabolic Process (GO:0009062),1.0676998416767383,0.768281877040863,61
Sulfur Compound Biosynthetic Process (GO:0044272),1.0676451680919499,0.7533149719238281,70
Clathrin-Dependent Endocytosis (GO:0072583),1.0674858555174067,0.7709479928016663,27
Regulation Of Peptide Hormone Secretion (GO:0090276),1.0673219070641018,0.7605883479118347,52
Regulation Of Hematopoietic Progenitor Cell Differentiation (GO:1901532),1.067135233628973,0.7660793662071228,17
Epigenetic Regulation Of Gene Expression (GO:0040029),1.0671057358987734,0.7649965882301331,83
Regulation Of Dopamine Uptake Involved In Synaptic Transmission (GO:0051584),1.0669448070318095,0.7787043452262878,7
Positive Regulation Of Cell Motility (GO:2000147),1.0663954571571177,0.6849635243415833,221
Embryonic Skeletal System Development (GO:0048706),1.0663354082975092,0.7660793662071228,34
Cellular Response To Sterol Depletion (GO:0071501),1.0658820364989132,0.7787043452262878,8
Negative Regulation Of Protein Localization To Chromatin (GO:0120186),1.0658293940949848,0.7787043452262878,5
Cellular Response To Chemokine (GO:1990869),1.0649933371046914,0.7660793662071228,59
Telomeric Loop Disassembly (GO:0090657),1.064953411845968,0.7726956605911255,9
Response To Vitamin (GO:0033273),1.0647729949991125,0.7787043452262878,8
Synaptic Vesicle Transport (GO:0048489),1.0645886787740855,0.7833437919616699,10
Interleukin-5-Mediated Signaling Pathway (GO:0038043),1.0645238419738328,0.7787043452262878,5
Tetrahydrofolate Metabolic Process (GO:0046653),1.0643813473444477,0.7889174818992615,11
Homologous Recombination (GO:0035825),1.0641730055384035,0.7763659358024597,9
Exocytosis (GO:0006887),1.0635099456430765,0.7654463052749634,86
Dehydroascorbic Acid Transport (GO:0070837),1.0634877018777797,0.7941098809242249,8
Integrin-Mediated Signaling Pathway (GO:0007229),1.063434170499193,0.7660793662071228,85
Fatty Acid Oxidation (GO:0019395),1.0633644357503018,0.7677528262138367,52
Positive Regulation Of Glycoprotein Biosynthetic Process (GO:0010560),1.0633487684782383,0.7793116569519043,13
Cellular Response To Mechanical Stimulus (GO:0071260),1.0632184249570633,0.7709323167800903,48
Nuclear-Transcribed mRNA Catabolic Process (GO:0000956),1.063153198721375,0.75181645154953,85
Sensory Perception Of Bitter Taste (GO:0050913),1.063081511461219,0.791220486164093,42
Regulation Of Protein Kinase B Signaling (GO:0051896),1.062922988089485,0.7498050332069397,136
Mitochondrion-Endoplasmic Reticulum Membrane Tethering (GO:1990456),1.0627830627825403,0.7799752950668335,6
Positive Regulation Of Alpha-Beta T Cell Differentiation (GO:0046638),1.0625223005454039,0.7763659358024597,13
Extrinsic Apoptotic Signaling Pathway In Absence Of Ligand (GO:0097192),1.062456398782416,0.7858074903488159,16
Positive Regulation Of Cellular Component Organization (GO:0051130),1.062438108951803,0.7543604373931885,113
Copper Ion Import (GO:0015677),1.0623575984446416,0.7889174818992615,6
tRNA Modification (GO:0006400),1.062184156148541,0.7645547389984131,67
Positive Regulation Of Natural Killer Cell Activation (GO:0032816),1.0620862432791311,0.7833437919616699,18
Leukotriene Biosynthetic Process (GO:0019370),1.061953150025531,0.7787043452262878,19
Myeloid Dendritic Cell Activation (GO:0001773),1.0619512773418407,0.7889174818992615,13
Regulation Of Epidermal Growth Factor-Activated Receptor Activity (GO:0007176),1.0619470750163742,0.7799752950668335,26
ncRNA Catabolic Process (GO:0034661),1.0617466808995635,0.7778358459472656,33
Protein O-linked Glycosylation Via Threonine (GO:0018243),1.0612033410673798,0.7787043452262878,9
Endoplasmic Reticulum Membrane Organization (GO:0090158),1.0612032526848767,0.7833437919616699,11
Columnar/Cuboidal Epithelial Cell Differentiation (GO:0002065),1.0606013113075223,0.7799752950668335,10
Regulation Of Protein Localization To Plasma Membrane (GO:1903076),1.0604396671942642,0.7644169330596924,80
Protein Import Into Peroxisome Matrix (GO:0016558),1.0604294873281284,0.7787043452262878,13
tRNA Transcription By RNA Polymerase III (GO:0042797),1.0602307720297386,0.7799752950668335,7
Regulation Of Mast Cell Chemotaxis (GO:0060753),1.060211735388704,0.7833437919616699,5
Lipid Biosynthetic Process (GO:0008610),1.059848871052531,0.7539920210838318,71
Modulation By Symbiont Of Entry Into Host (GO:0052372),1.059141663617577,0.7799752950668335,21
Negative Regulation Of Cellular Process (GO:0048523),1.0590269495687985,0.6417120099067688,537
Sulfur Compound Transport (GO:0072348),1.058452493298046,0.799205482006073,21
Organonitrogen Compound Biosynthetic Process (GO:1901566),1.0583778814799951,0.7539920210838318,123
Telomeric D-loop Disassembly (GO:0061820),1.0583297484856085,0.7858597040176392,7
Chromatin Organization (GO:0006325),1.0582242841554221,0.7012237906455994,268
Nucleotide-Binding Oligomerization Domain Containing 2 Signaling Pathway (GO:0070431),1.0581883907519967,0.7907306551933289,6
Regulation Of Mitotic Cell Cycle (GO:0007346),1.0581491639138205,0.7644169330596924,125
Ganglioside Metabolic Process (GO:0001573),1.0578671246424438,0.7763659358024597,19
Positive Regulation Of TORC1 Signaling (GO:1904263),1.057753407670487,0.7865488529205322,27
Regulation Of Calcidiol 1-Monooxygenase Activity (GO:0060558),1.0576896993126053,0.791220486164093,5
Negative Regulation Of Amyloid Fibril Formation (GO:1905907),1.0576108486187823,0.8082098364830017,11
Nitrogen Compound Transport (GO:0071705),1.0575332373538673,0.7333633303642273,163
Phosphate Ion Homeostasis (GO:0055062),1.0574954788505233,0.7947593331336975,12
Negative Regulation Of Lyase Activity (GO:0051350),1.0574397061601282,0.7858597040176392,13
Hepaticobiliary System Development (GO:0061008),1.057171765208644,0.7834452986717224,23
SREBP Signaling Pathway (GO:0032933),1.0570515689419175,0.803183913230896,7
mRNA Transport (GO:0051028),1.056801487293054,0.7787043452262878,58
Negative Regulation Of Ruffle Assembly (GO:1900028),1.0567749067422365,0.7799752950668335,6
Cholesterol Biosynthetic Process (GO:0006695),1.0567215744890632,0.7787043452262878,25
Establishment Of Protein Localization To Chromosome (GO:0070199),1.0566320471707678,0.7833437919616699,14
Regulation Of Phosphoprotein Phosphatase Activity (GO:0043666),1.0564595022608334,0.7787043452262878,37
UV-damage Excision Repair (GO:0070914),1.0563031786840926,0.7961531281471252,12
"Regulation Of DNA Damage Response, Signal Transduction By P53 Class Mediator (GO:0043516)",1.056094141905469,0.7787043452262878,28
Detection Of Chemical Stimulus Involved In Sensory Perception Of Bitter Taste (GO:0001580),1.0557888258296462,0.799205482006073,41
Regulation Of Interleukin-2 Production (GO:0032663),1.0557869477448887,0.7825227379798889,47
succinyl-CoA Metabolic Process (GO:0006104),1.055743143545004,0.7873983383178711,8
Suppression Of Viral Release By Host (GO:0044790),1.055442387190692,0.7947593331336975,13
Regulation Of Lysosome Size (GO:0062196),1.05526030550096,0.7833437919616699,7
Negative Regulation Of Mitotic Cell Cycle (GO:0045930),1.0550386281124347,0.7787043452262878,34
Rho Protein Signal Transduction (GO:0007266),1.0548587809029975,0.7660793662071228,52
Cholesterol Metabolic Process (GO:0008203),1.0546398297225266,0.7674607038497925,67
Transport Along Microtubule (GO:0010970),1.0544671320823846,0.7799752950668335,20
Regulation Of Phosphorylation (GO:0042325),1.0542640902950233,0.7677528262138367,82
Cellular Response To Ketone (GO:1901655),1.0541784253993995,0.7889174818992615,44
Calcium-Mediated Signaling Using Intracellular Calcium Source (GO:0035584),1.0540990005010225,0.7879741191864014,20
Vesicle Fusion (GO:0006906),1.0537233366217853,0.7738350629806519,79
Regulation Of Actin Cytoskeleton Reorganization (GO:2000249),1.0533243304854034,0.799205482006073,25
Response To Molecule Of Bacterial Origin (GO:0002237),1.0531540032103408,0.7752600908279419,69
Regulation Of Cell Differentiation (GO:0045595),1.053135643771745,0.7341136336326599,193
Regulation Of Interleukin-4 Production (GO:0032673),1.0530527104285607,0.7945517897605896,23
Polyamine Biosynthetic Process (GO:0006596),1.0530447490677486,0.7959177494049072,6
Inorganic Anion Transmembrane Transport (GO:0098661),1.0528668017224725,0.7803117632865906,63
"Protein Localization To Chromosome, Centromeric Region (GO:0071459)",1.0528054463657457,0.7941098809242249,18
Nucleotide Catabolic Process (GO:0009166),1.052641513513806,0.7824854850769043,6
Stem Cell Differentiation (GO:0048863),1.0524731026095422,0.7710188031196594,41
DNA-templated Transcription Elongation (GO:0006354),1.0523811215699943,0.7907306551933289,26
Glutamine Family Amino Acid Catabolic Process (GO:0009065),1.0520454059084763,0.8018558025360107,15
Negative Regulation Of Regulated Secretory Pathway (GO:1903306),1.051859552941601,0.78047114610672,8
Development Of Primary Female Sexual Characteristics (GO:0046545),1.0517678120850043,0.7834452986717224,6
Mitochondrial Ribosome Assembly (GO:0061668),1.051627759325608,0.797280490398407,9
Cellular Response To Estrogen Stimulus (GO:0071391),1.0515819659529786,0.7833437919616699,15
Positive Regulation Of Gene Expression (GO:0010628),1.0514658657860652,0.6846233606338501,480
Choline Metabolic Process (GO:0019695),1.0508773839613208,0.7882513403892517,5
Regulation Of Transcription Elongation By RNA Polymerase II (GO:0034243),1.050583151397645,0.7787043452262878,77
Neurotransmitter Uptake (GO:0001504),1.0505764888593876,0.8063133358955383,11
Negative Regulation Of Cell Cycle Process (GO:0010948),1.050091599683682,0.7889174818992615,34
Meiotic Sister Chromatid Cohesion (GO:0051177),1.0499277227743988,0.799205482006073,10
Regulation Of Non-Motile Cilium Assembly (GO:1902855),1.0497516438905945,0.791220486164093,5
Nicotinamide Nucleotide Metabolic Process (GO:0046496),1.0496656849073014,0.8014284372329712,17
Phosphatidylinositol Biosynthetic Process (GO:0006661),1.0496473311422856,0.7709479928016663,98
Negative Regulation Of ERBB Signaling Pathway (GO:1901185),1.0496305771603827,0.7955136299133301,18
Maintenance Of Protein Location In Extracellular Region (GO:0071694),1.0493905868044804,0.7919917106628418,6
Ras Protein Signal Transduction (GO:0007265),1.0492313542995066,0.7539920210838318,144
Positive Regulation Of Vacuole Organization (GO:0044090),1.0489740481858292,0.7889174818992615,21
Positive Regulation Of Neuron Projection Development (GO:0010976),1.048967881424054,0.7799752950668335,92
Regulation Of Protein Localization (GO:0032880),1.0488453677011809,0.7768085598945618,97
Negative Regulation Of Response To External Stimulus (GO:0032102),1.0486787079788649,0.7654463052749634,146
Positive Regulation Of Voltage-Gated Calcium Channel Activity (GO:1901387),1.048672115857606,0.8091006875038147,12
Folic Acid-Containing Compound Metabolic Process (GO:0006760),1.0478712496636753,0.799205482006073,15
Myeloid Cell Differentiation (GO:0030099),1.0475115213920672,0.7889174818992615,57
Monocarboxylic Acid Catabolic Process (GO:0072329),1.0473523163793115,0.7907306551933289,20
Acidic Amino Acid Transport (GO:0015800),1.0469418425865618,0.7947593331336975,10
Positive Regulation Of Cellular Process (GO:0048522),1.0468774465418549,0.6813547611236572,594
Positive Regulation Of Epithelial Cell Apoptotic Process (GO:1904037),1.0468745225428833,0.7889174818992615,23
Regulation Of Monocyte Chemotaxis (GO:0090025),1.0467617993785423,0.7889174818992615,25
Positive Regulation Of Macromolecule Biosynthetic Process (GO:0010557),1.0465991874046852,0.7726956605911255,122
Histone Arginine Methylation (GO:0034969),1.0462817053257507,0.7955136299133301,5
Cellular Response To Unfolded Protein (GO:0034620),1.0462579185310097,0.8104701638221741,17
Wound Healing (GO:0042060),1.0460671384393752,0.7793116569519043,80
Marginal Zone B Cell Differentiation (GO:0002315),1.0459056280680188,0.799205482006073,6
Regulation Of Transcription From RNA Polymerase II Promoter In Response To Hypoxia (GO:0061418),1.045868149906817,0.791220486164093,7
Regulation Of Calcium Ion Import (GO:0090279),1.0458582599678745,0.791220486164093,20
Regulation Of Cytokine Production Involved In Inflammatory Response (GO:1900015),1.045841637723722,0.7879741191864014,46
Water-Soluble Vitamin Metabolic Process (GO:0006767),1.0447293110783136,0.7947593331336975,40
Protein Deacylation (GO:0035601),1.0446960370427507,0.7947593331336975,20
Positive Regulation Of Phosphatidylinositol 3-Kinase Signaling (GO:0014068),1.0444816335593181,0.7947593331336975,69
Regulation Of Release Of Sequestered Calcium Ion Into Cytosol (GO:0051279),1.0440010668135467,0.7947593331336975,51
Positive Regulation Of Transport (GO:0051050),1.04397822733399,0.7799752950668335,50
mRNA Transcription (GO:0009299),1.0439410489956145,0.7799752950668335,43
Positive Regulation Of Small Molecule Metabolic Process (GO:0062013),1.0436094438704506,0.7916275262832642,33
Acylglycerol Metabolic Process (GO:0006639),1.0432540247135174,0.7898940443992615,41
DNA Cytosine Deamination (GO:0070383),1.0431812975646246,0.799205482006073,8
Epithelial Cell Development (GO:0002064),1.0429917082385518,0.7947593331336975,18
Regulation Of Protein Metabolic Process (GO:0051246),1.0429317703875272,0.7895824909210205,96
Negative Regulation Of Tumor Necrosis Factor-Mediated Signaling Pathway (GO:0010804),1.042608876560542,0.806460976600647,21
tRNA Wobble Uridine Modification (GO:0002098),1.042304336522993,0.8102190494537354,15
Eosinophil Chemotaxis (GO:0048245),1.0423015825437951,0.7955136299133301,24
Eosinophil Migration (GO:0072677),1.0423015825437951,0.7955136299133301,24
Glyoxylate Metabolic Process (GO:0046487),1.0421834552509985,0.8042070269584656,5
Cellular Lipid Catabolic Process (GO:0044242),1.0421123807319634,0.7955136299133301,23
Positive Regulation Of DNA Methylation-Dependent Heterochromatin Formation (GO:0090309),1.0420466530145092,0.8094694018363953,10
Negative Regulation Of Lymphocyte Migration (GO:2000402),1.0420221217549832,0.8176146745681763,10
Adaptive Immune Response Based On Somatic Recombination Of Immune Receptors Built From Immunoglobulin Superfamily Domains (GO:0002460),1.0417914803601138,0.791220486164093,23
Positive Regulation Of Neuroinflammatory Response (GO:0150078),1.0416398639506217,0.799205482006073,12
Autonomic Nervous System Development (GO:0048483),1.0415784441027494,0.8076284527778625,16
Membrane Raft Organization (GO:0031579),1.041483261314801,0.797280490398407,14
Negative Regulation Of Catabolic Process (GO:0009895),1.0413522778237516,0.7900643944740295,72
Negative Regulation Of Protein Phosphorylation (GO:0001933),1.0411907891648333,0.7787043452262878,149
Positive Regulation Of Glycolytic Process (GO:0045821),1.0405878725700928,0.7969809174537659,18
Muscle Cell Migration (GO:0014812),1.040556807808967,0.8089393973350525,9
Regulation Of Cell Cycle Process (GO:0010564),1.0404535077427768,0.7787043452262878,130
Regulation Of Actin Cytoskeleton Organization (GO:0032956),1.0403485473920155,0.7900643944740295,91
Regulation Of Inflammatory Response To Antigenic Stimulus (GO:0002861),1.0399085770980852,0.799205482006073,17
Regulation Of Vascular Associated Smooth Muscle Cell Differentiation (GO:1905063),1.0398856844126518,0.8022132515907288,6
Response To Nitric Oxide (GO:0071731),1.0398679648609745,0.8091006875038147,11
Regulation Of PERK-mediated Unfolded Protein Response (GO:1903897),1.03965122302483,0.8124736547470093,9
3'-UTR-mediated mRNA Stabilization (GO:0070935),1.0396339218811255,0.8089393973350525,18
Negative Regulation Of Telomere Maintenance (GO:0032205),1.0395617817750422,0.8098961114883423,15
Histone Monoubiquitination (GO:0010390),1.0392260400969129,0.806460976600647,12
Organic Cyclic Compound Biosynthetic Process (GO:1901362),1.0391179193216349,0.799205482006073,29
Response To Purine-Containing Compound (GO:0014074),1.0390478836356587,0.8079776167869568,24
Regulation Of Protein Localization To Nucleolus (GO:1904749),1.039045162229693,0.8091006875038147,7
Regulation Of Carbohydrate Catabolic Process (GO:0043470),1.038702935527275,0.8128756880760193,14
Negative Regulation Of Vitamin Metabolic Process (GO:0046137),1.0386471234963937,0.797280490398407,5
Regulation Of Mesenchymal Cell Proliferation (GO:0010464),1.038370713421439,0.8081306219100952,11
Phospholipid Biosynthetic Process (GO:0008654),1.0382041302237242,0.7889174818992615,27
rRNA Base Methylation (GO:0070475),1.03817084476088,0.799205482006073,10
Response To UV (GO:0009411),1.0377439713131544,0.7947593331336975,100
Positive Regulation Of Helicase Activity (GO:0051096),1.037703462862095,0.814562201499939,6
Negative Regulation Of Protein Tyrosine Kinase Activity (GO:0061099),1.0374058521460099,0.799205482006073,23
Regulation Of Clathrin-Dependent Endocytosis (GO:2000369),1.0373523620574314,0.8029689788818359,15
Positive Regulation Of Striated Muscle Contraction (GO:0045989),1.0369145304435075,0.8079776167869568,6
Positive Regulation Of Execution Phase Of Apoptosis (GO:1900119),1.036830429256368,0.8091006875038147,7
GPI Anchor Metabolic Process (GO:0006505),1.0368003218275659,0.8176146745681763,27
Regulation Of mRNA Stability (GO:0043488),1.036542914390464,0.8014284372329712,74
Cellular Response To Cold (GO:0070417),1.0362631613011575,0.8091006875038147,5
Regulation Of Vascular Associated Smooth Muscle Cell Proliferation (GO:1904705),1.0362474305607678,0.799205482006073,37
Positive Regulation Of Attachment Of Spindle Microtubules To Kinetochore (GO:0051987),1.036232128001249,0.8176146745681763,10
Reverse Cholesterol Transport (GO:0043691),1.036131355480463,0.8091006875038147,16
Negative Regulation Of Osteoclast Differentiation (GO:0045671),1.036121389611714,0.803183913230896,21
Protein Localization To Nucleolus (GO:1902570),1.0360427529528817,0.8102190494537354,7
Endosome To Lysosome Transport (GO:0008333),1.0360303309889944,0.8035028576850891,57
Regulation Of Fibroblast Migration (GO:0010762),1.0359926414613057,0.8063133358955383,20
Oligosaccharide Metabolic Process (GO:0009311),1.0357195060107807,0.7986753582954407,48
Regulation Of Collagen Biosynthetic Process (GO:0032965),1.035614477593917,0.803183913230896,18
Positive Regulation Of Cell Cycle Process (GO:0090068),1.0353410781195382,0.7889174818992615,118
Organic Hydroxy Compound Biosynthetic Process (GO:1901617),1.0352325220707277,0.7947593331336975,42
HALLMARK_ESTROGEN_RESPONSE_LATE,1.0350075800282355,0.7734441757202148,200
Regulation Of Establishment Of Protein Localization To Mitochondrion (GO:1903747),1.0349434011939798,0.8082098364830017,7
Negative Regulation Of Telomere Maintenance Via Telomere Lengthening (GO:1904357),1.0349229140500826,0.8089393973350525,25
Mitotic Chromosome Condensation (GO:0007076),1.0348590513261058,0.8176146745681763,15
Negative Regulation Of Monooxygenase Activity (GO:0032769),1.0346247485051947,0.8091006875038147,7
Positive Regulation Of Multicellular Organismal Process (GO:0051240),1.0346202067928345,0.751933753490448,387
Nuclear mRNA Surveillance (GO:0071028),1.0344096269897094,0.806460976600647,9
Detection Of Light Stimulus Involved In Visual Perception (GO:0050908),1.0342513081470541,0.8183431029319763,11
Detection Of Light Stimulus Involved In Sensory Perception (GO:0050962),1.0342513081470541,0.8183431029319763,11
Negative Regulation Of Extrinsic Apoptotic Signaling Pathway (GO:2001237),1.034012309133009,0.7995850443840027,70
Fatty Acid Metabolic Process (GO:0006631),1.0334566096162865,0.7889174818992615,122
Regulation Of Neuroblast Proliferation (GO:1902692),1.0330832856036976,0.8183431029319763,24
Positive Regulation Of Lymphocyte Apoptotic Process (GO:0070230),1.0325528159530177,0.8104701638221741,6
Very Long-Chain Fatty Acid Biosynthetic Process (GO:0042761),1.0323656913967663,0.8176146745681763,12
Tetrahydrofolate Interconversion (GO:0035999),1.0318473884374941,0.8144401907920837,8
Neuron Remodeling (GO:0016322),1.0314774053467144,0.8092875480651855,9
Positive Regulation Of Vascular Endothelial Growth Factor Production (GO:0010575),1.0313450529752293,0.8183431029319763,24
Regulation Of Cell Adhesion (GO:0030155),1.0308958748714103,0.7947593331336975,144
fatty-acyl-CoA Metabolic Process (GO:0035337),1.0308059803759193,0.806460976600647,18
Positive Regulation Of mRNA Processing (GO:0050685),1.0306269558076349,0.8124778270721436,28
Regulation Of Telomere Maintenance Via Telomere Lengthening (GO:1904356),1.030606093242336,0.8179733157157898,17
Inner Ear Auditory Receptor Cell Differentiation (GO:0042491),1.030325006317848,0.8117203116416931,5
Negative Regulation Of Defense Response (GO:0031348),1.0303156145227106,0.7927939295768738,112
Positive Regulation Of Cell Population Proliferation (GO:0008284),1.0303016844446036,0.7679483294487,483
Negative Regulation Of Hemostasis (GO:1900047),1.0301858916118534,0.8117203116416931,10
Negative Regulation Of Interleukin-8 Production (GO:0032717),1.0300623628116612,0.8148411512374878,17
Cell Cycle G2/M Phase Transition (GO:0044839),1.0299911489190097,0.8091006875038147,40
Negative Regulation Of DNA-templated DNA Replication (GO:2000104),1.0298837988805765,0.8176146745681763,7
Protein Repair (GO:0030091),1.0297402181100803,0.8176146745681763,5
Positive Regulation Of Protein Deacetylation (GO:0090312),1.0297128233123862,0.806460976600647,13
Negative Regulation Of Cell Communication (GO:0010648),1.0297022663871143,0.806460976600647,22
Icosanoid Transport (GO:0071715),1.0295613072795256,0.8176146745681763,14
Positive Regulation Of Double-Strand Break Repair Via Nonhomologous End Joining (GO:2001034),1.029274226867125,0.8163626790046692,13
Vascular Endothelial Growth Factor Receptor-2 Signaling Pathway (GO:0036324),1.0292149741883785,0.8176146745681763,5
Regulation Of Nitric Oxide Metabolic Process (GO:0080164),1.0290946285876068,0.8191404938697815,7
Neurotrophin Signaling Pathway (GO:0038179),1.0289006582036524,0.8091006875038147,15
Anterograde Axonal Protein Transport (GO:0099641),1.0287185790716722,0.8148411512374878,7
Protein Localization To Presynapse (GO:1905383),1.0287185790716722,0.8148411512374878,7
Axo-Dendritic Protein Transport (GO:0099640),1.0287185790716722,0.8148411512374878,7
Megakaryocyte Development (GO:0035855),1.0283611217010737,0.8091006875038147,10
Organophosphate Catabolic Process (GO:0046434),1.0280289565997869,0.8204498291015625,12
Regulation Of Cellular Component Biogenesis (GO:0044087),1.02785130848917,0.8089393973350525,37
Nucleic Acid Phosphodiester Bond Hydrolysis (GO:0090305),1.0276961711823027,0.8176146745681763,26
Short-Chain Fatty Acid Catabolic Process (GO:0019626),1.027684421319649,0.8151381015777588,5
Regulation Of Epithelial Cell Proliferation (GO:0050678),1.0275172350586408,0.806460976600647,91
Positive Regulation Of Microtubule Nucleation (GO:0090063),1.026700488680879,0.8186075091362,7
Regulation Of Sister Chromatid Cohesion (GO:0007063),1.0266791102179147,0.8176146745681763,8
ERBB2 Signaling Pathway (GO:0038128),1.0266412159079978,0.8176146745681763,13
Regulation Of Blood Vessel Remodeling (GO:0060312),1.026572794623643,0.8091006875038147,5
Regulation Of Cell Development (GO:0060284),1.0259681377890686,0.8142565488815308,52
Cellular Response To Hydroxyurea (GO:0072711),1.0255883324050261,0.8179733157157898,8
Nuclear Chromosome Segregation (GO:0098813),1.0253262404804797,0.8091006875038147,16
Regulation Of Chemokine Production (GO:0032642),1.0252907277754546,0.8124736547470093,41
Positive Regulation Of Cell Differentiation (GO:0045597),1.0249693732572989,0.7889174818992615,283
Phosphatidylglycerol Acyl-Chain Remodeling (GO:0036148),1.0248869854411577,0.8117203116416931,8
Triglyceride Metabolic Process (GO:0006641),1.0245344111480545,0.8191333413124084,45
Membrane Lipid Metabolic Process (GO:0006643),1.0244653190132067,0.8082098364830017,17
Negative Regulation By Host Of Viral Process (GO:0044793),1.0244163701795546,0.8176146745681763,12
Regulation Of Transforming Growth Factor Beta Production (GO:0071634),1.024381816926795,0.8207747936248779,16
Protein Modification Process (GO:0036211),1.0243594873778816,0.751933753490448,711
Regulation Of Chemokine (C-C Motif) Ligand 5 Production (GO:0071649),1.0242783342881776,0.8176146745681763,7
"DNA Damage Response, Signal Transduction By P53 Class Mediator Resulting In Cell Cycle Arrest (GO:0006977)",1.0242396743294586,0.8179129958152771,17
NADP Metabolic Process (GO:0006739),1.0241958251464442,0.8117203116416931,19
Regulation Of Endosome Size (GO:0051036),1.024051443800777,0.8176146745681763,11
Positive Regulation Of Glial Cell Migration (GO:1903977),1.0239153684455549,0.8089393973350525,7
Regulation Of Lipid Catabolic Process (GO:0050994),1.023707712426364,0.8249257802963257,23
Lysosome Localization (GO:0032418),1.0236419682395452,0.8183431029319763,42
Ephrin Receptor Signaling Pathway (GO:0048013),1.0234915631278099,0.8142565488815308,43
Chondroitin Sulfate Biosynthetic Process (GO:0030206),1.022993646102082,0.8208197951316833,13
Endothelial Tube Morphogenesis (GO:0061154),1.0229445828529249,0.8183431029319763,9
Regulation Of Smooth Muscle Cell Proliferation (GO:0048660),1.022865771432244,0.8191404938697815,54
Negative Regulation Of Cell Motility (GO:2000146),1.0228311214962302,0.8089393973350525,133
Copper Ion Transport (GO:0006825),1.0227670405402711,0.8238903880119324,10
Peptidyl-Methionine Modification (GO:0018206),1.0227401844892992,0.8220852613449097,13
Pyrimidine Ribonucleotide Biosynthetic Process (GO:0009220),1.0226275848865034,0.8194316625595093,6
Positive Regulation Of Cellular Catabolic Process (GO:0031331),1.0226060701351845,0.8124736547470093,146
Heparan Sulfate Proteoglycan Biosynthetic Process (GO:0015012),1.0224163318149873,0.8197281360626221,23
Positive Regulation Of Neuron Apoptotic Process (GO:0043525),1.0222846326249946,0.8207747936248779,23
Neurotransmitter Biosynthetic Process (GO:0042136),1.0221971069075495,0.8258184194564819,11
Fc-gamma Receptor Signaling Pathway Involved In Phagocytosis (GO:0038096),1.0217352646031947,0.8183431029319763,20
GDP-mannose Metabolic Process (GO:0019673),1.0216960415711989,0.8176146745681763,5
Regulation Of Behavior (GO:0050795),1.0216645862056037,0.8089393973350525,19
Regulation Of RIG-I Signaling Pathway (GO:0039535),1.021470102226593,0.8176146745681763,18
Negative Regulation Of Vascular Associated Smooth Muscle Cell Differentiation (GO:1905064),1.021410045826346,0.8208197951316833,7
Negative Regulation Of Gene Expression (GO:0010629),1.021371295454075,0.7986443638801575,336
Regulation Of Calcium Ion Transmembrane Transport (GO:1903169),1.0213609635015297,0.8176146745681763,20
Regulation Of Oxidative Stress-Induced Cell Death (GO:1903201),1.0213257389309582,0.824091911315918,7
Adipose Tissue Development (GO:0060612),1.0211452001300374,0.8207747936248779,12
Positive Regulation Of Chromosome Separation (GO:1905820),1.0206782813267221,0.8176146745681763,13
Morphogenesis Of A Polarized Epithelium (GO:0001738),1.0205242608037612,0.8243061900138855,12
ncRNA Transcription (GO:0098781),1.0204941880332943,0.824091911315918,13
Negative Regulation Of Chemokine Production (GO:0032682),1.0202928293144704,0.8176146745681763,16
Positive Regulation Of T Cell Chemotaxis (GO:0010820),1.0202865448025522,0.8208197951316833,12
"Phagocytosis, Engulfment (GO:0006911)",1.020069530854465,0.8124736547470093,30
Apoptotic Process (GO:0006915),1.0200588944753401,0.8091006875038147,228
Negative Regulation Of T Cell Differentiation In Thymus (GO:0033085),1.019670489545752,0.8208197951316833,5
Regulation Of Protein Autophosphorylation (GO:0031952),1.019393691656534,0.8151984214782715,31
Protein Destabilization (GO:0031648),1.019346601421142,0.8176146745681763,36
Positive Regulation Of Locomotion (GO:0040017),1.019055395256566,0.8177733421325684,30
Galactosylceramide Biosynthetic Process (GO:0006682),1.01872165629418,0.8194316625595093,5
Galactolipid Biosynthetic Process (GO:0019375),1.01872165629418,0.8194316625595093,5
Regulation Of Histone Deacetylation (GO:0031063),1.0186902843188095,0.8092875480651855,21
Protein Targeting To Vacuole (GO:0006623),1.018567131519493,0.8207747936248779,34
Positive Regulation Of Macromolecule Metabolic Process (GO:0010604),1.0185349536000345,0.8007506728172302,364
Secondary Alcohol Biosynthetic Process (GO:1902653),1.0183633323395052,0.8176146745681763,24
Heart Process (GO:0003015),1.0182187972850143,0.824091911315918,16
MyD88-independent Toll-Like Receptor Signaling Pathway (GO:0002756),1.0180565170028022,0.8191333413124084,8
Protein Localization To Nuclear Envelope (GO:0090435),1.0179830496056819,0.8265378475189209,9
Positive Regulation Of Myeloid Cell Apoptotic Process (GO:0033034),1.017801951317451,0.8091006875038147,7
Carnitine Metabolic Process (GO:0009437),1.0177824871290226,0.824091911315918,9
Positive Regulation Of Leukocyte Activation (GO:0002696),1.0177137134028547,0.8204498291015625,20
Positive Regulation Of Cysteine-Type Endopeptidase Activity Involved In Apoptotic Signaling Pathway (GO:2001269),1.0175733124729842,0.8228868246078491,6
Regulation Of Macrophage Derived Foam Cell Differentiation (GO:0010743),1.0173536184771872,0.8191404938697815,30
Positive Regulation Of Endothelial Cell Apoptotic Process (GO:2000353),1.0172659317694097,0.8189393281936646,15
Release Of Sequestered Calcium Ion Into Cytosol (GO:0051209),1.0169761853707244,0.8176146745681763,39
Carbohydrate Phosphorylation (GO:0046835),1.0165153812265955,0.824091911315918,9
Protein Targeting To Peroxisome (GO:0006625),1.0163022484853845,0.824091911315918,16
Positive Regulation Of Ruffle Assembly (GO:1900029),1.0162209087010399,0.8280975222587585,12
Phosphatidylinositol-3-Phosphate Biosynthetic Process (GO:0036092),1.0159817008758494,0.8249257802963257,11
Positive Regulation Of Telomere Maintenance Via Telomerase (GO:0032212),1.015820957754129,0.8142565488815308,32
Glucocorticoid Metabolic Process (GO:0008211),1.0155151631080026,0.8228868246078491,7
Transcription Elongation By RNA Polymerase II (GO:0006368),1.0154905771557472,0.8183431029319763,28
Negative Regulation Of Autophagy (GO:0010507),1.0154721655506074,0.824091911315918,61
Regulation Of DNA Methylation (GO:0044030),1.0154239923320791,0.8281110525131226,8
Cellular Response To Glucose Stimulus (GO:0071333),1.015412951997721,0.824091911315918,34
Negative Regulation Of Interleukin-2 Production (GO:0032703),1.0153583441072314,0.8208197951316833,21
Negative Regulation Of Protein Binding (GO:0032091),1.0149037807132344,0.8249257802963257,71
Positive Regulation Of Mitotic Cell Cycle (GO:0045931),1.0147785036645505,0.8207747936248779,27
Erythrocyte Differentiation (GO:0030218),1.014477912788516,0.8208197951316833,49
Alpha-Amino Acid Catabolic Process (GO:1901606),1.014107796357814,0.8176146745681763,29
Regulation Of Proteasomal Ubiquitin-Dependent Protein Catabolic Process (GO:0032434),1.013972778020552,0.8186075091362,109
Regulation Of Cellular Metabolic Process (GO:0031323),1.0139470914582904,0.8228868246078491,45
Regulation Of Cellular Catabolic Process (GO:0031329),1.0136909524789142,0.8176146745681763,63
Peptidyl-Proline Hydroxylation (GO:0019511),1.0136904920762944,0.8258184194564819,10
Vesicle-Mediated Transport To The Plasma Membrane (GO:0098876),1.0136239809400112,0.8228868246078491,83
Positive Regulation Of Intracellular Transport (GO:0032388),1.0133452500467641,0.8207747936248779,39
Striated Muscle Cell Differentiation (GO:0051146),1.0132205084678418,0.8117203116416931,20
Regulation Of Striated Muscle Tissue Development (GO:0016202),1.0130672220588917,0.8275343179702759,6
Cellular Response To Copper Ion (GO:0071280),1.0129885262268596,0.8258184194564819,20
Positive Regulation Of Immunoglobulin Mediated Immune Response (GO:0002891),1.0129489695099825,0.8265378475189209,15
Basic Amino Acid Transport (GO:0015802),1.012777806925809,0.8176146745681763,5
Regulation Of Branching Involved In Ureteric Bud Morphogenesis (GO:0090189),1.0126722224738807,0.8262841701507568,14
Exit From Mitosis (GO:0010458),1.0126033914617782,0.8281110525131226,11
Detection Of Mechanical Stimulus Involved In Sensory Perception Of Sound (GO:0050910),1.0124483724681008,0.8281110525131226,8
Positive Regulation Of Epithelial Cell Proliferation (GO:0050679),1.01221323696083,0.8236958384513855,123
Fatty Acid Derivative Biosynthetic Process (GO:1901570),1.0121302826807215,0.8258184194564819,28
Response To Misfolded Protein (GO:0051788),1.0119876257940685,0.8258184194564819,8
Positive Regulation Of Osteoblast Proliferation (GO:0033690),1.0119694525851863,0.8317582011222839,5
Internal Peptidyl-Lysine Acetylation (GO:0018393),1.0119307679473646,0.8187770843505859,39
Positive Regulation Of Peptidyl-Serine Phosphorylation (GO:0033138),1.0116970795479931,0.8208197951316833,89
Epithelial Cell Migration (GO:0010631),1.0116668461517837,0.8258184194564819,46
Positive Regulation Of Rho Protein Signal Transduction (GO:0035025),1.0114942446070958,0.8258184194564819,31
Monoatomic Anion Transport (GO:0006820),1.0114078753411293,0.8262841701507568,57
Fatty Acid Transport (GO:0015908),1.0112732057460143,0.8258184194564819,38
Negative Regulation Of Type 2 Immune Response (GO:0002829),1.0112617881339951,0.8262841701507568,6
Regulation Of Nephron Tubule Epithelial Cell Differentiation (GO:0072182),1.0112251275215483,0.8207747936248779,8
Regulation Of Calcium Ion Transport (GO:0051924),1.0112087597738155,0.824091911315918,57
Regulation Of Transcription By RNA Polymerase III (GO:0006359),1.0109242423560127,0.8208197951316833,26
L-fucose Catabolic Process (GO:0042355),1.0109036650121828,0.8207747936248779,8
L-fucose Metabolic Process (GO:0042354),1.0109036650121828,0.8207747936248779,8
Fucose Catabolic Process (GO:0019317),1.0109036650121828,0.8207747936248779,8
Positive Regulation Of Early Endosome To Late Endosome Transport (GO:2000643),1.0106300433699764,0.8207747936248779,8
Regulation Of Microvillus Organization (GO:0032530),1.0106193679795175,0.8228868246078491,7
Negative Regulation Of Cell Growth (GO:0030308),1.0104406449494754,0.8201963305473328,125
Negative Regulation Of Epithelial Cell Proliferation (GO:0050680),1.0103722242740056,0.824091911315918,70
Sphingolipid Biosynthetic Process (GO:0030148),1.0101953431158206,0.8258184194564819,77
Positive Regulation Of Toll-Like Receptor 2 Signaling Pathway (GO:0034137),1.0100325473581915,0.8176146745681763,5
Positive Regulation Of Defense Response To Bacterium (GO:1900426),1.009933915547351,0.8208197951316833,10
Positive Regulation Of Mitotic Sister Chromatid Separation (GO:1901970),1.0098002473172603,0.8208197951316833,15
Negative Regulation Of Protein-Containing Complex Disassembly (GO:0043242),1.009799531207669,0.824091911315918,8
Lipid Transport (GO:0006869),1.00958420292312,0.824091911315918,108
Regulation Of Circadian Sleep/Wake Cycle (GO:0042749),1.0094418813810486,0.8298751711845398,5
Dosage Compensation By Inactivation Of X Chromosome (GO:0009048),1.00937890112827,0.8262841701507568,11
Mitotic Cell Cycle Checkpoint Signaling (GO:0007093),1.0093040328879967,0.8298751711845398,25
Regulation Of Axon Regeneration (GO:0048679),1.0092462256485384,0.824091911315918,10
Primary Alcohol Metabolic Process (GO:0034308),1.0091763259901523,0.8281110525131226,14
Transcription-Dependent Tethering Of RNA Polymerase II Gene DNA At Nuclear Periphery (GO:0000972),1.0091197329189474,0.8197281360626221,6
tRNA Methylation (GO:0030488),1.0091047765974759,0.8191818594932556,36
Long-Chain Fatty Acid Metabolic Process (GO:0001676),1.0090914970286509,0.8231709003448486,78
Cellular Response To Interferon-Alpha (GO:0035457),1.0090714239493286,0.8292887210845947,7
Negative Regulation Of Transferase Activity (GO:0051348),1.0090439150488861,0.8262841701507568,37
Neuron Projection Organization (GO:0106027),1.0090415307555558,0.8176404237747192,16
Negative Regulation Of Protein K63-linked Ubiquitination (GO:1900045),1.008942782386915,0.8262841701507568,7
Apoptotic DNA Fragmentation (GO:0006309),1.0087753530519632,0.8281110525131226,8
Regulation Of Actin Filament Organization (GO:0110053),1.0087363245444743,0.8258184194564819,12
"Positive Regulation Of DNA-templated Transcription, Elongation (GO:0032786)",1.0086830167608436,0.824091911315918,56
Regulation Of DNA Replication (GO:0006275),1.0086103737592114,0.8249257802963257,75
Regulation Of Leukocyte Chemotaxis (GO:0002688),1.0083091274178686,0.8249257802963257,17
Negative Regulation Of Coagulation (GO:0050819),1.0082739126462923,0.8258184194564819,12
Positive Regulation Of Receptor Recycling (GO:0001921),1.0081258068173917,0.8249257802963257,9
Positive Regulation Of Natural Killer Cell Mediated Cytotoxicity (GO:0045954),1.0080356285950263,0.8262841701507568,21
Positive Regulation Of Long-Term Synaptic Potentiation (GO:1900273),1.0080023802988418,0.8258184194564819,14
Glucose Transmembrane Transport (GO:1904659),1.0079648822449456,0.824091911315918,22
Lipid Modification (GO:0030258),1.0077239493104317,0.8231709003448486,42
mRNA Methylation (GO:0080009),1.0075326812351713,0.8258184194564819,15
Positive Regulation Of Interleukin-2 Production (GO:0032743),1.0073453681620557,0.8271090984344482,25
Lipoprotein Biosynthetic Process (GO:0042158),1.0072437184163165,0.8191404938697815,14
Regulation Of Spindle Assembly (GO:0090169),1.0071224982812488,0.8249257802963257,29
Regulation Of Developmental Growth (GO:0048638),1.0069556504980848,0.8208197951316833,29
Signal Transduction By P53 Class Mediator (GO:0072331),1.0067553578410884,0.8275343179702759,33
Positive Regulation Of Macroautophagy (GO:0016239),1.006685497090278,0.8258184194564819,64
Wybutosine Biosynthetic Process (GO:0031591),1.0066588613092682,0.824091911315918,5
Glycosyl Compound Biosynthetic Process (GO:1901659),1.0066588613092682,0.824091911315918,5
Wybutosine Metabolic Process (GO:0031590),1.0066588613092682,0.824091911315918,5
Positive Regulation Of Cell Migration (GO:0030335),1.0066056307002553,0.8207747936248779,272
Positive Regulation Of Telomere Maintenance In Response To DNA Damage (GO:1904507),1.0065862454698111,0.824091911315918,14
Positive Regulation Of Amyloid-Beta Formation (GO:1902004),1.0065447814058708,0.824091911315918,17
Mitochondrial Outer Membrane Permeabilization (GO:0097345),1.0059952358047697,0.8249257802963257,7
Negative Regulation Of Endocytosis (GO:0045806),1.005965764284265,0.817667543888092,33
Hepatocyte Growth Factor Receptor Signaling Pathway (GO:0048012),1.0059099256494972,0.8317582011222839,6
Response To Prostaglandin E (GO:0034695),1.005791856363786,0.824091911315918,10
Positive Regulation Of Mitochondrial Fission (GO:0090141),1.0057432209919057,0.8231709003448486,19
Apoptotic Cell Clearance (GO:0043277),1.0056676059152683,0.8258184194564819,28
Cellular Response To Hormone Stimulus (GO:0032870),1.005525477168568,0.8236958384513855,94
Regulation Of Mitochondrial Gene Expression (GO:0062125),1.0053417916864646,0.8280115723609924,8
Positive Regulation Of Protein Sumoylation (GO:0033235),1.0053366530036605,0.8262841701507568,9
Aminoglycan Catabolic Process (GO:0006026),1.0052620135476387,0.8271090984344482,14
Aromatic Amino Acid Transport (GO:0015801),1.005237295597737,0.8265378475189209,7
Negative Regulation Of T Cell Proliferation (GO:0042130),1.004821435186152,0.8267604112625122,36
Cellular Response To Prostaglandin Stimulus (GO:0071379),1.0046597766273284,0.8258184194564819,9
Base Conversion Or Substitution Editing (GO:0016553),1.0044902260428734,0.8317582011222839,17
"Synaptic Transmission, Glutamatergic (GO:0035249)",1.0044835924186697,0.824091911315918,27
Homologous Chromosome Pairing At Meiosis (GO:0007129),1.0043305050352482,0.8281110525131226,30
Adenine Nucleotide Transport (GO:0051503),1.0043084811739382,0.8281110525131226,20
Negative Regulation Of Leukocyte Migration (GO:0002686),1.0042395475151331,0.8249257802963257,9
Glycosaminoglycan Catabolic Process (GO:0006027),1.0041822115386423,0.8271090984344482,15
Regulation Of Chromosome Separation (GO:1905818),1.003851188570844,0.8258184194564819,12
Positive Regulation Of Cell Cycle G2/M Phase Transition (GO:1902751),1.0038450547782123,0.8287109732627869,24
Negative Regulation Of Meiotic Nuclear Division (GO:0045835),1.0037203658300353,0.824091911315918,6
Cellular Response To Salt (GO:1902075),1.0033789543881164,0.8280115723609924,109
Regulation Of Cell Communication (GO:0010646),1.0032838379053117,0.8267604112625122,49
Monoatomic Cation Transmembrane Transport (GO:0098655),1.0030209371830576,0.8189393281936646,281
Positive Regulation Of Fibroblast Migration (GO:0010763),1.0028269792430906,0.8317582011222839,7
Regulation Of Protein Binding (GO:0043393),1.002571930368996,0.8267604112625122,118
Vascular Transport (GO:0010232),1.0024414279791702,0.8352225422859192,83
Bone Resorption (GO:0045453),1.0022952827280673,0.8304489850997925,8
Response To Iron Ion (GO:0010039),1.0020064978073748,0.8317582011222839,12
Serine Transport (GO:0032329),1.0019116510718225,0.8281110525131226,6
Positive Regulation Of Protein Serine/Threonine Kinase Activity (GO:0071902),1.0015873171158398,0.8317582011222839,117
Sulfur Compound Catabolic Process (GO:0044273),1.0015469330584412,0.8275343179702759,20
Cellular Response To Oxygen-Containing Compound (GO:1901701),1.0015293854547214,0.8291347026824951,406
Negative Regulation Of Alcohol Biosynthetic Process (GO:1902931),1.0013482356018393,0.8281110525131226,12
Negative Regulation Of Protein Kinase Activity (GO:0006469),1.0013355232288832,0.8317582011222839,88
Negative Regulation Of Interleukin-17 Production (GO:0032700),1.0013027806977701,0.8317582011222839,10
Positive Regulation Of Lipase Activity (GO:0060193),1.0012046888786152,0.8262841701507568,9
Phosphatidylserine Acyl-Chain Remodeling (GO:0036150),1.0011667854759567,0.8317582011222839,7
Regulation Of ER To Golgi Vesicle-Mediated Transport (GO:0060628),1.0011347681759497,0.8291072249412537,9
DNA Replication Checkpoint Signaling (GO:0000076),1.0009717966142933,0.8271090984344482,17
Fc Receptor Signaling Pathway (GO:0038093),1.0003836204683576,0.8281110525131226,26
Positive Regulation Of Mitochondrial Membrane Permeability Involved In Apoptotic Process (GO:1902110),1.000024751894829,0.8309646844863892,8
Negative Regulation Of Cell Population Proliferation (GO:0008285),0.9998093763787053,0.8265378475189209,379
Cellular Response To Fatty Acid (GO:0071398),0.9996770824556905,0.824091911315918,16
Positive Regulation Of RNA Splicing (GO:0033120),0.999650265850985,0.8293622136116028,36
Gas Transport (GO:0015669),0.9994251167726887,0.8317582011222839,15
Positive Regulation Of Monooxygenase Activity (GO:0032770),0.9992645754762476,0.8294824957847595,26
Positive Regulation Of DNA Replication (GO:0045740),0.9991862623437748,0.8258184194564819,18
Negative Regulation Of Inflammatory Response (GO:0050728),0.9991283798565246,0.8317582011222839,111
Positive Regulation Of Heterochromatin Formation (GO:0031453),0.9990972399925564,0.8317582011222839,13
Positive Regulation Of Protein Kinase Activity (GO:0045860),0.9989970922228658,0.8391762375831604,145
Cellular Component Assembly (GO:0022607),0.9989322061622424,0.824091911315918,260
Positive Regulation Of Natural Killer Cell Mediated Immunity (GO:0002717),0.9987792566105602,0.8352225422859192,24
Regulation Of Telomere Maintenance In Response To DNA Damage (GO:1904505),0.998437471338565,0.8298751711845398,15
Negative Regulation Of Low-Density Lipoprotein Receptor Activity (GO:1905598),0.99835109398775,0.8317582011222839,6
Positive Regulation Of Binding (GO:0051099),0.9981672176037414,0.8372500538825989,91
Negative Regulation Of B Cell Receptor Signaling Pathway (GO:0050859),0.9981532002818377,0.8317582011222839,5
Sterol Metabolic Process (GO:0016125),0.9981010069471906,0.824091911315918,60
Positive Regulation Of Protein Dephosphorylation (GO:0035307),0.9980406653519561,0.8264259696006775,33
UV Protection (GO:0009650),0.9978649561285048,0.8367406725883484,7
Negative Regulation Of Protein Secretion (GO:0050709),0.9978589419469175,0.8317582011222839,39
Regulation Of Autophagy Of Mitochondrion (GO:1903146),0.9978480208547343,0.8317582011222839,19
Regulation Of Neurotransmitter Secretion (GO:0046928),0.9977969040425552,0.8317582011222839,38
Positive Regulation Of Chromosome Segregation (GO:0051984),0.9976983826881017,0.8337213397026062,18
Axonal Transport (GO:0098930),0.9976910986065977,0.8281644582748413,39
Mitochondrial Fragmentation Involved In Apoptotic Process (GO:0043653),0.9976489840788919,0.8317582011222839,8
Regulation Of Macromolecule Metabolic Process (GO:0060255),0.9976142703173255,0.8337213397026062,162
Negative Regulation Of Cell-Cell Adhesion (GO:0022408),0.9973922137549973,0.8271090984344482,40
Regulation Of Filopodium Assembly (GO:0051489),0.9973611346089042,0.8317582011222839,43
Protein Localization To Endoplasmic Reticulum (GO:0070972),0.9973280205877182,0.8332598209381104,16
Regulation Of Epithelial Cell Apoptotic Process (GO:1904035),0.9971432869855563,0.8408478498458862,11
Regulation Of Golgi Organization (GO:1903358),0.9970617145406854,0.8281110525131226,16
Peptidyl-Lysine Methylation (GO:0018022),0.9969806021650588,0.8320522308349609,27
ncRNA Export From Nucleus (GO:0097064),0.9965754438323252,0.8275343179702759,8
Inner Ear Receptor Cell Development (GO:0060119),0.99651421581092,0.8317582011222839,8
Myelination (GO:0042552),0.9964843516787927,0.8320522308349609,48
Positive Regulation Of Telomere Maintenance (GO:0032206),0.9964783067681446,0.8304200768470764,52
DNA Double-Strand Break Processing (GO:0000729),0.9963452133281717,0.8320522308349609,15
Positive Regulation Of Membrane Depolarization (GO:1904181),0.9962855902445538,0.8352225422859192,6
Interleukin-6-Mediated Signaling Pathway (GO:0070102),0.9962181183872793,0.8300747871398926,13
Negative Regulation Of Protein Import Into Nucleus (GO:0042308),0.9960596206039004,0.8320522308349609,8
Glycoprotein Catabolic Process (GO:0006516),0.99586501371958,0.8262841701507568,16
Regulation Of Nervous System Development (GO:0051960),0.9956554317623719,0.8281110525131226,46
Regulation Of Generation Of Precursor Metabolites And Energy (GO:0043467),0.9955537186137948,0.8352225422859192,8
Sterol Homeostasis (GO:0055092),0.9954621242654427,0.8317582011222839,73
Establishment Of Vesicle Localization (GO:0051650),0.9952898770421666,0.8317582011222839,18
Response To Histamine (GO:0034776),0.995250283476206,0.8337213397026062,9
Regulation Of Nitric-Oxide Synthase Activity (GO:0050999),0.9951696993920595,0.8337213397026062,28
Positive Regulation By Host Of Viral Transcription (GO:0043923),0.9950909032379183,0.8320522308349609,16
DNA-templated DNA Replication Maintenance Of Fidelity (GO:0045005),0.9947866998914598,0.8352225422859192,43
Regulation Of Leukocyte Tethering Or Rolling (GO:1903236),0.9947725161314114,0.8320522308349609,11
rDNA Heterochromatin Formation (GO:0000183),0.994768029790535,0.8275343179702759,6
Osteoclast Differentiation (GO:0030316),0.9947640778406378,0.8335956931114197,25
Amino Sugar Metabolic Process (GO:0006040),0.9945977989699631,0.8320522308349609,9
Nucleobase Biosynthetic Process (GO:0046112),0.994529803036967,0.8317582011222839,6
Growth Hormone Receptor Signaling Pathway (GO:0060396),0.9943204329105907,0.8352225422859192,17
Cholesterol Homeostasis (GO:0042632),0.9937539488715045,0.8352225422859192,72
Negative Regulation Of Neuroinflammatory Response (GO:0150079),0.9934707549356526,0.8337213397026062,13
Intracellular Calcium Ion Homeostasis (GO:0006874),0.9932514443655575,0.8317582011222839,139
Negative Regulation Of Smooth Muscle Cell Proliferation (GO:0048662),0.9931659548949224,0.8320522308349609,37
Amino Sugar Biosynthetic Process (GO:0046349),0.9931311627915465,0.8317582011222839,9
Negative Regulation Of Secretion (GO:0051048),0.9931001337515791,0.8317582011222839,13
Negative Regulation Of T-helper Cell Differentiation (GO:0045623),0.99273590320803,0.8317582011222839,10
Regulation Of Actin Nucleation (GO:0051125),0.9926431231539056,0.8352225422859192,24
Peptidyl-Proline Hydroxylation To 4-hydroxy-L-proline (GO:0018401),0.9925655970411543,0.8320522308349609,7
Adenylate Cyclase-Inhibiting G Protein-Coupled Receptor Signaling Pathway (GO:0007193),0.9923713558382149,0.8335956931114197,52
Regulation Of Ubiquitin Protein Ligase Activity (GO:1904666),0.9923348461267637,0.8278806209564209,17
Positive Regulation Of Dendritic Cell Cytokine Production (GO:0002732),0.9923058895978931,0.8317582011222839,8
rRNA Transcription (GO:0009303),0.9919928282916936,0.8337213397026062,17
"Nucleotide-Binding Domain, Leucine Rich Repeat Containing Receptor Signaling Pathway (GO:0035872)",0.9918020856053006,0.8328578472137451,5
Regulation Of Ceramide Biosynthetic Process (GO:2000303),0.991686065972679,0.8317582011222839,9
Regulation Of Peptidyl-Threonine Phosphorylation (GO:0010799),0.9915123733144927,0.8317582011222839,36
Regulation Of Establishment Of Protein Localization (GO:0070201),0.9912588731794143,0.8352225422859192,14
Regulation Of Intracellular Transport (GO:0032386),0.9912218057039389,0.8345273733139038,38
Establishment Of Protein Localization To Peroxisome (GO:0072663),0.9909501765221357,0.8335956931114197,7
Cytoskeleton-Dependent Cytokinesis (GO:0061640),0.990504341515252,0.8328578472137451,81
UDP-N-acetylglucosamine Metabolic Process (GO:0006047),0.9904418310712929,0.8372500538825989,10
Regulation Of Protein Localization To Nucleus (GO:1900180),0.9903837266378113,0.8437970876693726,52
Regulation Of Nuclear Cell Cycle DNA Replication (GO:0033262),0.9903616741778676,0.8475849628448486,8
Positive Regulation Of Autophagy Of Mitochondrion In Response To Mitochondrial Depolarization (GO:1904925),0.9903457431092242,0.8317582011222839,5
Steroid Hormone Biosynthetic Process (GO:0120178),0.9897942214351553,0.8352225422859192,19
Positive Regulation Of Supramolecular Fiber Organization (GO:1902905),0.9896478685888608,0.8328578472137451,96
Regulation Of Type II Interferon-Mediated Signaling Pathway (GO:0060334),0.9896402100114077,0.8317582011222839,11
Positive Regulation Of Endoplasmic Reticulum Stress-Induced Intrinsic Apoptotic Signaling Pathway (GO:1902237),0.9896292273182326,0.8352225422859192,6
Positive Regulation Of p38MAPK Cascade (GO:1900745),0.9896162407426531,0.8352225422859192,24
Negative Regulation Of Peptidyl-Tyrosine Phosphorylation (GO:0050732),0.989588613832362,0.8352225422859192,30
Synaptonemal Complex Assembly (GO:0007130),0.9895882874448976,0.8320522308349609,14
Synaptonemal Complex Organization (GO:0070193),0.9895882874448976,0.8320522308349609,14
Regulation Of Immature T Cell Proliferation In Thymus (GO:0033084),0.989002768974431,0.8352225422859192,5
Heterocycle Biosynthetic Process (GO:0018130),0.9888193246178576,0.8400149941444397,11
Regulation Of Autophagosome Maturation (GO:1901096),0.988728536736632,0.8317582011222839,16
Regulation Of Keratinocyte Proliferation (GO:0010837),0.9883805827801848,0.8317582011222839,25
Cortical Actin Cytoskeleton Organization (GO:0030866),0.9883677455055188,0.8352225422859192,19
TRIF-dependent Toll-Like Receptor Signaling Pathway (GO:0035666),0.9881932296907776,0.8352225422859192,7
Collagen-Activated Signaling Pathway (GO:0038065),0.9879985836152176,0.8408478498458862,8
Positive Regulation Of Ras Protein Signal Transduction (GO:0046579),0.9874684781163834,0.8337213397026062,51
Regulation Of Cell Migration (GO:0030334),0.9873168279584378,0.8502753973007202,434
Inflammatory Response To Wounding (GO:0090594),0.9871230796576342,0.8317582011222839,5
Negative Regulation Of Binding (GO:0051100),0.9870043849556452,0.8410003781318665,86
Acetylcholine Receptor Signaling Pathway (GO:0095500),0.9867007285634676,0.8317582011222839,22
Hexose Transmembrane Transport (GO:0008645),0.9862952355681786,0.8363511562347412,22
Regulation Of Lipid Metabolic Process (GO:0019216),0.9862775685955558,0.8400149941444397,54
Regulation Of Protein K63-linked Ubiquitination (GO:1900044),0.9861987101632042,0.8317582011222839,11
tRNA Aminoacylation For Mitochondrial Protein Translation (GO:0070127),0.9858471267990443,0.8408478498458862,7
Regulation Of Granulocyte Macrophage Colony-Stimulating Factor Production (GO:0032645),0.985553753875607,0.8317582011222839,15
"Regulation Of Synaptic Transmission, GABAergic (GO:0032228)",0.985318022526841,0.8352225422859192,16
Type B Pancreatic Cell Proliferation (GO:0044342),0.9852261476890826,0.8372500538825989,5
Galactosylceramide Metabolic Process (GO:0006681),0.9850293093476136,0.8352225422859192,7
Positive Regulation Of Small GTPase Mediated Signal Transduction (GO:0051057),0.9849653096223131,0.8317582011222839,17
Positive Regulation Of Hydrolase Activity (GO:0051345),0.9845413092658801,0.843891441822052,176
Positive Regulation Of Kinase Activity (GO:0033674),0.984533508647993,0.8441599011421204,104
Positive Regulation Of Cholesterol Metabolic Process (GO:0090205),0.9840662722685197,0.8337213397026062,10
Regulation Of Potassium Ion Transport (GO:0043266),0.9840526784979404,0.8337213397026062,30
Regulation Of Adenylate Cyclase Activity (GO:0045761),0.984035599158869,0.8391749262809753,17
Female Gamete Generation (GO:0007292),0.9838766673117536,0.8437970876693726,32
Regulation Of B Cell Receptor Signaling Pathway (GO:0050855),0.9838073339280862,0.8352225422859192,16
Transcription By RNA Polymerase I (GO:0006360),0.983800059135235,0.8337213397026062,17
Medium-Chain Fatty Acid Biosynthetic Process (GO:0051792),0.9836963877848713,0.8320522308349609,5
Synaptic Vesicle Localization (GO:0097479),0.9836336035264732,0.8352225422859192,13
IRE1-mediated Unfolded Protein Response (GO:0036498),0.9835272506772015,0.8437970876693726,6
Clathrin-Coated Vesicle Cargo Loading (GO:0035652),0.983477172313734,0.8369114995002747,6
"Clathrin-Coated Vesicle Cargo Loading, AP-3-mediated (GO:0035654)",0.983477172313734,0.8369114995002747,6
Regulation Of Muscle Organ Development (GO:0048634),0.9834185911069744,0.8435006737709045,6
Mitochondrial RNA Processing (GO:0000963),0.9832275300275439,0.8460527062416077,9
Regulation Of Vascular Endothelial Growth Factor Production (GO:0010574),0.9831274780891175,0.8441599011421204,26
Regulation Of Autophagosome Assembly (GO:2000785),0.9829685746885822,0.8437970876693726,40
Sodium Ion Export Across Plasma Membrane (GO:0036376),0.9827989349033308,0.8400149941444397,12
Positive Regulation Of Protein Targeting To Membrane (GO:0090314),0.9827516251935207,0.8335956931114197,23
Negative Regulation Of Transporter Activity (GO:0032410),0.9827490475504983,0.8372500538825989,8
Interleukin-1-Mediated Signaling Pathway (GO:0070498),0.9827340126134937,0.8337213397026062,19
Negative Regulation Of Toll-Like Receptor Signaling Pathway (GO:0034122),0.9825695190647887,0.8408478498458862,13
Regulated Exocytosis (GO:0045055),0.9825473687807792,0.8363511562347412,51
tRNA Aminoacylation (GO:0043039),0.9823374915822223,0.8352225422859192,22
Negative Regulation Of Wound Healing (GO:0061045),0.9822343911741418,0.8408478498458862,28
Actin Filament Network Formation (GO:0051639),0.982153010004094,0.843891441822052,8
Regulation Of Actin Filament Polymerization (GO:0030833),0.9819011271326785,0.8437970876693726,70
tRNA Wobble Base Modification (GO:0002097),0.9815660268544331,0.8408478498458862,15
Positive Regulation Of DNA Metabolic Process (GO:0051054),0.9813223521797328,0.8502753973007202,108
Synaptic Vesicle Budding From Presynaptic Endocytic Zone Membrane (GO:0016185),0.9811593952124225,0.8437970876693726,6
Dosage Compensation (GO:0007549),0.9810827350339866,0.843891441822052,9
Response To cAMP (GO:0051591),0.9809683747603554,0.8352225422859192,38
Regulation Of Centrosome Duplication (GO:0010824),0.9806943934256548,0.8352225422859192,31
Cellular Biogenic Amine Catabolic Process (GO:0042402),0.980475101276359,0.8408478498458862,7
Nucleolar Chromatin Organization (GO:1990700),0.9804051339766071,0.8489333987236023,7
Dicarboxylic Acid Transport (GO:0006835),0.97999236744361,0.8435006737709045,24
Regulation Of Natural Killer Cell Chemotaxis (GO:2000501),0.9799441151696846,0.8317582011222839,6
Positive Regulation Of Icosanoid Secretion (GO:0032305),0.9795162970220499,0.8392887711524963,6
Negative Regulation Of Single Stranded Viral RNA Replication Via Double Stranded DNA Intermediate (GO:0045869),0.9794964377871164,0.8408478498458862,14
Regulation Of Peptidyl-Serine Phosphorylation (GO:0033135),0.9794553147780185,0.8502753973007202,93
Glycolipid Biosynthetic Process (GO:0009247),0.9794316234319297,0.8408478498458862,43
Positive Regulation Of Nucleic Acid-Templated Transcription (GO:1903508),0.9793549665238291,0.868345320224762,557
Regulation Of Cell Cycle (GO:0051726),0.9791498451882049,0.8537064790725708,298
Termination Of RNA Polymerase II Transcription (GO:0006369),0.9790143554714158,0.8352225422859192,7
Tetrapyrrole Metabolic Process (GO:0033013),0.97887748207151,0.8408478498458862,9
Liver Development (GO:0001889),0.9784661086991479,0.8441599011421204,35
Inorganic Cation Transmembrane Transport (GO:0098662),0.9781149614574545,0.863018274307251,284
Cellular Response To Leptin Stimulus (GO:0044320),0.9775949805400186,0.843891441822052,7
Regulation Of Blood Vessel Endothelial Cell Proliferation Involved In Sprouting Angiogenesis (GO:1903587),0.9775887582632592,0.8335956931114197,16
Establishment Of Protein Localization To Telomere (GO:0070200),0.9775333443796095,0.845615565776825,5
Fc Receptor Mediated Stimulatory Signaling Pathway (GO:0002431),0.9771963995320377,0.8352225422859192,22
Nucleus Organization (GO:0006997),0.9771129393091177,0.8352225422859192,44
Positive Regulation Of Humoral Immune Response (GO:0002922),0.9770541295400411,0.8499463796615601,6
N-terminal Protein Amino Acid Modification (GO:0031365),0.9770358184588339,0.8501780033111572,13
Regulation Of Receptor Recycling (GO:0001919),0.9767683589104579,0.843891441822052,17
Detection Of Molecule Of Bacterial Origin (GO:0032490),0.976761491886682,0.843891441822052,5
Isoleucine Metabolic Process (GO:0006549),0.9767426496810955,0.8317582011222839,5
Organelle Organization (GO:0006996),0.9767270975968909,0.8685418963432312,418
Positive Regulation Of Cell-Cell Adhesion (GO:0022409),0.9766949126356902,0.8408478498458862,46
Negative Regulation Of Protein Localization To Membrane (GO:1905476),0.9765141232542843,0.843891441822052,25
Positive Regulation Of Syncytium Formation By Plasma Membrane Fusion (GO:0060143),0.9762592824596235,0.8408478498458862,15
Peptidyl-Amino Acid Modification (GO:0018193),0.9761719482777675,0.8460527062416077,9
Negative Regulation Of I-kappaB kinase/NF-kappaB Signaling (GO:0043124),0.9759406672200428,0.8440371751785278,42
Protein Catabolic Process In The Vacuole (GO:0007039),0.9759276609151497,0.8462293148040771,6
Negative Regulation Of Pathway-Restricted SMAD Protein Phosphorylation (GO:0060394),0.9754143387937656,0.8441599011421204,10
Enamel Mineralization (GO:0070166),0.9753734456360886,0.8534173369407654,5
Negative Regulation Of Cysteine-Type Endopeptidase Activity (GO:2000117),0.9752989499415989,0.8506100177764893,53
Monocarboxylic Acid Metabolic Process (GO:0032787),0.9752984864450621,0.8572052717208862,97
Ubiquinone Metabolic Process (GO:0006743),0.9748882405448983,0.843891441822052,14
Regulation Of Systemic Arterial Blood Pressure By Hormone (GO:0001990),0.9748110186664916,0.850597620010376,15
Positive Regulation Of Telomere Maintenance Via Telomere Lengthening (GO:1904358),0.9743017305487892,0.8435006737709045,35
Positive Regulation Of Microtubule Polymerization (GO:0031116),0.9742980447453452,0.843891441822052,29
Regulation Of Mitotic Centrosome Separation (GO:0046602),0.9738881027580648,0.8502753973007202,8
Mesenchyme Development (GO:0060485),0.9737168107149288,0.8477590084075928,17
Regulation Of Neuroinflammatory Response (GO:0150077),0.9735065312012665,0.8460527062416077,19
Cellular Response To ATP (GO:0071318),0.9734099306437043,0.8520213961601257,14
Regulation Of Neuron Death (GO:1901214),0.9733204546327929,0.8517646789550781,58
siRNA Processing (GO:0030422),0.9730645096399708,0.850597620010376,7
Carbohydrate Derivative Catabolic Process (GO:1901136),0.9729503018816823,0.8520213961601257,17
Establishment Of Protein Localization To Membrane (GO:0090150),0.9729227866859783,0.8602880835533142,69
Regulation Of Lipoprotein Metabolic Process (GO:0050746),0.9727962813595313,0.8502753973007202,7
Regulation Of Protein Lipidation (GO:1903059),0.9727350986631864,0.8502753973007202,9
Response To ATP (GO:0033198),0.9727198432168943,0.8488406538963318,20
Negative Regulation Of Lipoprotein Lipase Activity (GO:0051005),0.9726795048114444,0.8473533987998962,5
Regulation Of Synapse Assembly (GO:0051963),0.9726500115629365,0.8460527062416077,51
Response To Metal Ion (GO:0010038),0.972386549247072,0.8520213961601257,64
Dicarboxylic Acid Biosynthetic Process (GO:0043650),0.9723678802590412,0.8460527062416077,9
Negative Regulation Of Heart Contraction (GO:0045822),0.9717608329345704,0.8498505353927612,11
Purine Deoxyribonucleotide Catabolic Process (GO:0009155),0.9716917347874303,0.8502753973007202,5
Negative Regulation Of Cell-Substrate Adhesion (GO:0010812),0.971640869366297,0.8435006737709045,39
Membrane Repolarization During Action Potential (GO:0086011),0.9715159489533312,0.8511441946029663,15
"Nucleotide-Excision Repair, DNA Gap Filling (GO:0006297)",0.9715129643609572,0.8502753973007202,5
Negative Regulation Of DNA-binding Transcription Factor Activity (GO:0043433),0.9714182279687483,0.8639366030693054,149
Glycerolipid Metabolic Process (GO:0046486),0.9713269066050714,0.855808675289154,9
Cytoskeleton-Dependent Intracellular Transport (GO:0030705),0.9712853962812481,0.8439327478408813,22
Negative Regulation Of TOR Signaling (GO:0032007),0.9712309057537665,0.850597620010376,54
Negative Regulation Of Phosphoprotein Phosphatase Activity (GO:0032515),0.9712012818004675,0.8502753973007202,20
DNA Dealkylation Involved In DNA Repair (GO:0006307),0.9707696211764242,0.843891441822052,7
DNA Dealkylation (GO:0035510),0.9707696211764242,0.843891441822052,7
Intracellular Potassium Ion Homeostasis (GO:0030007),0.9702282766422282,0.8393499255180359,13
Mitochondrial DNA Replication (GO:0006264),0.9700542210168598,0.8372500538825989,9
Positive Regulation Of Lipopolysaccharide-Mediated Signaling Pathway (GO:0031666),0.969933587046834,0.8501465320587158,6
Negative Regulation Of Bone Mineralization (GO:0030502),0.969824334627035,0.8417531847953796,13
Positive Regulation Of RNA Biosynthetic Process (GO:1902680),0.9698108856401009,0.8544849157333374,9
Regulation Of Protein Export From Nucleus (GO:0046825),0.9697512461783198,0.8502753973007202,22
UDP-N-acetylglucosamine Biosynthetic Process (GO:0006048),0.9695472787522814,0.8498505353927612,8
Neuron Maturation (GO:0042551),0.9694318492291909,0.843891441822052,17
Aspartate Family Amino Acid Metabolic Process (GO:0009066),0.9691236731978897,0.850597620010376,12
Protein Kinase C Signaling (GO:0070528),0.9690670881432498,0.843891441822052,10
Transition Metal Ion Transport (GO:0000041),0.9689904243861293,0.8520213961601257,32
Negative Regulation Of Peptidyl-Lysine Acetylation (GO:2000757),0.9686923354300299,0.8441599011421204,7
Post-Transcriptional Regulation Of Gene Expression (GO:0010608),0.9685357680264318,0.8502753973007202,57
Membrane Lipid Biosynthetic Process (GO:0046467),0.968446980488519,0.8614823818206787,57
Substrate-Dependent Cell Migration (GO:0006929),0.9684381845559946,0.8506677746772766,13
Negative Regulation Of G2/M Transition Of Mitotic Cell Cycle (GO:0010972),0.9682161234856989,0.8570512533187866,28
Positive Regulation Of Blood Circulation (GO:1903524),0.9681318126618116,0.8589941263198853,6
Regulation Of Blood Coagulation (GO:0030193),0.9678138867371024,0.8502753973007202,29
Medium-Chain Fatty Acid Metabolic Process (GO:0051791),0.9677670462247299,0.8444703817367554,14
mRNA Metabolic Process (GO:0016071),0.9677206671142133,0.8639366030693054,85
Regulation Of Response To External Stimulus (GO:0032101),0.9675301363938821,0.862262487411499,127
Positive Regulation Of Cytokinesis (GO:0032467),0.9674923743005625,0.8502753973007202,39
Protein K6-linked Ubiquitination (GO:0085020),0.9672203689926705,0.8489333987236023,9
Tryptophan Catabolic Process (GO:0006569),0.9670241636887125,0.8460527062416077,7
Endochondral Ossification (GO:0001958),0.9669087867996917,0.8462293148040771,8
Negative Regulation Of Amyloid-Beta Clearance (GO:1900222),0.9660883038875906,0.8501465320587158,7
Transepithelial Chloride Transport (GO:0030321),0.9659204629175062,0.8484504222869873,6
Positive Regulation Of Skeletal Muscle Tissue Development (GO:0048643),0.9654832386203309,0.8493297696113586,9
Regulation Of Primary Metabolic Process (GO:0080090),0.9653879010421785,0.8562712669372559,43
Regulation Of Cell Population Proliferation (GO:0042127),0.9653632877075382,0.9018675684928894,766
Regulation Of Viral Transcription (GO:0046782),0.965333048348762,0.8498505353927612,17
Positive Regulation Of Reproductive Process (GO:2000243),0.9652277527656878,0.8468567132949829,33
Bradykinin Catabolic Process (GO:0010815),0.96516757396336,0.8544849157333374,5
5S Class rRNA Transcription By RNA Polymerase III (GO:0042791),0.9651277360135564,0.8444703817367554,5
Calcium Ion Transmembrane Transport (GO:0070588),0.9647414204354077,0.8589941263198853,80
Nicotinamide Nucleotide Biosynthetic Process (GO:0019359),0.9643737475170461,0.8589941263198853,8
Negative Regulation Of Activated T Cell Proliferation (GO:0046007),0.964367545951555,0.845615565776825,10
Negative Regulation Of Viral Transcription (GO:0032897),0.9639939166195984,0.8475849628448486,13
Response To DNA Damage Checkpoint Signaling (GO:0072423),0.9637957787563478,0.8610346913337708,5
Peroxisomal Transport (GO:0043574),0.9637195652859314,0.8502753973007202,8
"Base-Excision Repair, Gap-Filling (GO:0006287)",0.9636549221899129,0.8498505353927612,12
Positive Regulation Of Exocytosis (GO:0045921),0.9636430579039761,0.8562712669372559,37
Regulation Of Extent Of Cell Growth (GO:0061387),0.9634297390826659,0.8506677746772766,7
Regulation Of Skeletal Muscle Fiber Development (GO:0048742),0.9634182270949505,0.8439327478408813,7
Keratinocyte Differentiation (GO:0030216),0.9634109993530792,0.8554604649543762,42
Positive Regulation Of RNA Binding (GO:1905216),0.9633729212995831,0.8502753973007202,6
Sulfur Amino Acid Metabolic Process (GO:0000096),0.9630756498945356,0.8408478498458862,17
Adenosine To Inosine Editing (GO:0006382),0.9629200030823007,0.850597620010376,6
Regulation Of G2/M Transition Of Mitotic Cell Cycle (GO:0010389),0.9628734078759106,0.8554604649543762,35
Formation Of Translation Preinitiation Complex (GO:0001731),0.9627920598071014,0.8517646789550781,8
Positive Regulation Of DNA Biosynthetic Process (GO:2000573),0.9627530531320119,0.8639366030693054,65
Modulation By Host Of Symbiont Process (GO:0051851),0.9622739732619997,0.8589941263198853,42
Regulation Of Actin Filament Bundle Assembly (GO:0032231),0.9621731700869753,0.8570512533187866,26
Phosphatidylinositol Metabolic Process (GO:0046488),0.9614815300023724,0.8639366030693054,63
RNA Transport (GO:0050658),0.9612294298001357,0.8589046597480774,39
Negative Regulation Of Cell Projection Organization (GO:0031345),0.9610714678735605,0.8589941263198853,50
Positive Regulation Of Centriole Replication (GO:0046601),0.9610217178780086,0.8537064790725708,8
Positive Regulation Of Phosphoprotein Phosphatase Activity (GO:0032516),0.9609364511044919,0.853863000869751,18
Cellular Response To Histamine (GO:0071420),0.9605965832426662,0.8639366030693054,6
Inclusion Body Assembly (GO:0070841),0.9605180819914395,0.8572052717208862,5
Protein Localization To Mitochondrion (GO:0070585),0.9602328293304069,0.8473533987998962,16
Ruffle Organization (GO:0031529),0.9599413999391808,0.8498505353927612,16
Glomerular Epithelial Cell Differentiation (GO:0072311),0.9595538300374278,0.850597620010376,5
Renal Filtration Cell Differentiation (GO:0061318),0.9595538300374278,0.850597620010376,5
Positive Regulation Of Morphogenesis Of An Epithelium (GO:1905332),0.9594910981211132,0.8593884110450745,23
Regulation Of TORC1 Signaling (GO:1903432),0.9594760674166727,0.8558366298675537,50
Cytosolic Transport (GO:0016482),0.959188959840513,0.8717787265777588,127
Sphingosine-1-Phosphate Receptor Signaling Pathway (GO:0003376),0.9590518433048522,0.8560179471969604,8
Regulation Of Isotype Switching (GO:0045191),0.9590380331031418,0.8570512533187866,15
"Pentose-Phosphate Shunt, Non-Oxidative Branch (GO:0009052)",0.9588540567461735,0.850597620010376,5
Autophagy Of Peroxisome (GO:0030242),0.9584989645429662,0.8589046597480774,9
"DNA Damage Response, Signal Transduction By P53 Class Mediator (GO:0030330)",0.9581660341372633,0.8623965978622437,36
Dicarboxylic Acid Catabolic Process (GO:0043649),0.958087031068023,0.8625273108482361,16
RNA 3'-End Processing (GO:0031123),0.9579638235298081,0.8610346913337708,38
Regulation Of Triglyceride Metabolic Process (GO:0090207),0.9572915858480406,0.8639366030693054,7
Regulation Of Vesicle-Mediated Transport (GO:0060627),0.9570450678113753,0.8673783540725708,89
Regulation Of Signal Transduction (GO:0009966),0.9570176328927227,0.8763545751571655,193
Regulation Of Protein Localization To Membrane (GO:1905475),0.956711340590749,0.8612592816352844,28
Epithelium Development (GO:0060429),0.956672001528357,0.8781337738037109,154
Chromatin Remodeling (GO:0006338),0.9566337606265373,0.8870899677276611,228
Sulfate Transport (GO:0008272),0.9561882212065684,0.8597345948219299,11
Osmosensory Signaling Pathway (GO:0007231),0.9561106684933176,0.8560179471969604,5
Branched-Chain Amino Acid Metabolic Process (GO:0009081),0.9557661339460841,0.8559849858283997,15
Negative Regulation Of Transport (GO:0051051),0.9555791133120561,0.8610346913337708,39
Epidermal Cell Differentiation (GO:0009913),0.9555345794604028,0.8562712669372559,54
Regulation Of Exocytosis (GO:0017157),0.9548434092617097,0.8589046597480774,54
Regulation Of G1/S Transition Of Mitotic Cell Cycle (GO:2000045),0.9548035046622659,0.8731974363327026,106
Anaphase-Promoting Complex-Dependent Catabolic Process (GO:0031145),0.953785776877464,0.8610346913337708,21
Regulation Of Mitotic Metaphase/Anaphase Transition (GO:0030071),0.9537725633360956,0.8597345948219299,49
poly(A)+ mRNA Export From Nucleus (GO:0016973),0.9537444908090154,0.8639366030693054,21
Positive Regulation Of Animal Organ Morphogenesis (GO:0110110),0.9535096856047737,0.8578290939331055,5
Negative Regulation Of Protein Kinase B Signaling (GO:0051898),0.9532736877260969,0.86162269115448,36
Negative Regulation Of Response To Stimulus (GO:0048585),0.9531896480854858,0.86162269115448,52
Single Strand Break Repair (GO:0000012),0.9530938746451031,0.8652364611625671,7
Negative Regulation Of Cellular Component Organization (GO:0051129),0.9529897557432602,0.8686854839324951,79
Negative Regulation Of Blood Coagulation (GO:0030195),0.9523607957843621,0.8597345948219299,30
Protein auto-ADP-ribosylation (GO:0070213),0.9521687043532139,0.8658391833305359,10
Response To Hydrogen Peroxide (GO:0042542),0.9520084630895241,0.868345320224762,46
Calcium-Mediated Signaling (GO:0019722),0.9518618141413433,0.8731974363327026,85
Protein Modification By Small Protein Removal (GO:0070646),0.9518179924859834,0.8673783540725708,114
Vesicle Fusion With Golgi Apparatus (GO:0048280),0.9517629028191329,0.86162269115448,6
Protein Localization To Golgi Apparatus (GO:0034067),0.9517286231779378,0.8639366030693054,28
Transport Across Blood-Brain Barrier (GO:0150104),0.9517285809532947,0.8720323443412781,85
Regulation Of Response To Cytokine Stimulus (GO:0060759),0.9516926279282489,0.863018274307251,16
Positive Regulation Of Mitochondrial Membrane Potential (GO:0010918),0.9516381904635202,0.8589941263198853,5
Histone H3-K4 Methylation (GO:0051568),0.9516006146751136,0.8673783540725708,26
Regulation Of Ryanodine-Sensitive Calcium-Release Channel Activity (GO:0060314),0.9515396001418365,0.8597345948219299,24
Autophagy Of Mitochondrion (GO:0000422),0.9511072907074051,0.8695361018180847,49
Regulation Of DNA Demethylation (GO:1901535),0.9509614117749948,0.8673783540725708,8
fatty-acyl-CoA Catabolic Process (GO:0036115),0.950941063290243,0.863018274307251,5
Positive Regulation Of Pattern Recognition Receptor Signaling Pathway (GO:0062208),0.9509368108523099,0.8608629107475281,39
Glial Cell Differentiation (GO:0010001),0.9508501664327678,0.8639366030693054,34
Epithelial Cell-Cell Adhesion (GO:0090136),0.9508406010012435,0.8639366030693054,11
Negative Regulation Of Cysteine-Type Endopeptidase Activity Involved In Apoptotic Process (GO:0043154),0.9505898904747041,0.8658391833305359,49
Positive Regulation Of Nuclear Cell Cycle DNA Replication (GO:0010571),0.9505577357314442,0.8658391833305359,5
Regulation Of DNA-templated Transcription Elongation (GO:0032784),0.950506629416504,0.8639366030693054,44
Purine Ribonucleoside Catabolic Process (GO:0046130),0.9503799589443478,0.8639366030693054,5
Positive Regulation Of Myoblast Fusion (GO:1901741),0.9500740701183079,0.8589941263198853,9
Positive Regulation Of Nitric-Oxide Synthase Activity (GO:0051000),0.9490031344135106,0.8651794791221619,17
Bile Acid And Bile Salt Transport (GO:0015721),0.9489562668921737,0.8562712669372559,23
Positive Regulation Of Collagen Biosynthetic Process (GO:0032967),0.9485303172771834,0.8639366030693054,15
Regulation Of Cell Morphogenesis (GO:0022604),0.9483674688060192,0.8685418963432312,31
Negative Regulation Of Lipid Localization (GO:1905953),0.9482458859268911,0.8639366030693054,9
Protein Mannosylation (GO:0035268),0.9482161330110893,0.8589046597480774,21
Neurogenesis (GO:0022008),0.9476834208181805,0.868345320224762,49
Protein Autoubiquitination (GO:0051865),0.9475403703111048,0.8717787265777588,71
3'-UTR-mediated mRNA Destabilization (GO:0061158),0.9473412907073165,0.8639366030693054,15
Golgi Inheritance (GO:0048313),0.947151176154481,0.86162269115448,9
Regulation Of Lens Fiber Cell Differentiation (GO:1902746),0.9466677572693006,0.868345320224762,6
Positive Regulation Of Male Gonad Development (GO:2000020),0.9465748053968558,0.8639366030693054,5
Positive Regulation Of Gonad Development (GO:1905941),0.9465748053968558,0.8639366030693054,5
"Endonucleolytic Cleavage In ITS1 To Separate SSU-rRNA From 5.8S rRNA And LSU-rRNA From Tricistronic rRNA Transcript (SSU-rRNA, 5.8S rRNA, LSU-rRNA) (GO:0000447)",0.9465534763160867,0.86162269115448,7
Negative Regulation Of Nervous System Process (GO:0031645),0.94647167058499,0.8639366030693054,5
Regulation Of RNA Splicing (GO:0043484),0.9461491267983532,0.8760802745819092,102
Negative Regulation Of Retinoic Acid Receptor Signaling Pathway (GO:0048387),0.946040103460517,0.8639366030693054,6
Sphingosine Metabolic Process (GO:0006670),0.9460206709969307,0.8589046597480774,19
Positive Regulation Of Phosphatase Activity (GO:0010922),0.9460034099218275,0.8673783540725708,22
Terpenoid Metabolic Process (GO:0006721),0.9459913927077408,0.8708354830741882,7
Mitotic Recombination (GO:0006312),0.9459444770364203,0.8685665130615234,14
Telomere Maintenance Via Recombination (GO:0000722),0.9457660076982988,0.8639366030693054,9
Negative Regulation Of Telomere Maintenance Via Telomerase (GO:0032211),0.9456424897445994,0.8658391833305359,19
Positive Regulation Of Neuron Differentiation (GO:0045666),0.9449599202125065,0.8673783540725708,42
Regulation Of Protein Localization To Centrosome (GO:1904779),0.9448978566777813,0.8639366030693054,9
Positive Regulation Of Transcription Elongation By RNA Polymerase II (GO:0032968),0.9447884124737129,0.8720323443412781,43
Regulation Of Endocytic Recycling (GO:2001135),0.9447240551352073,0.8655961155891418,11
Chondroitin Sulfate Proteoglycan Metabolic Process (GO:0050654),0.9446972647906989,0.8639366030693054,9
Regulation Of Protein Targeting (GO:1903533),0.9444288567586911,0.8673783540725708,5
Glycogen Catabolic Process (GO:0005980),0.9443277623099662,0.8673783540725708,6
Regulation Of Mitophagy (GO:1901524),0.9442332080329316,0.8639366030693054,7
Placenta Development (GO:0001890),0.943958555437962,0.8647221922874451,22
Aldehyde Biosynthetic Process (GO:0046184),0.9438898846959972,0.8676538467407227,6
Regulation Of Acute Inflammatory Response (GO:0002673),0.943730768585841,0.8639366030693054,19
Regulation Of Lamellipodium Morphogenesis (GO:2000392),0.9433421556919892,0.8685418963432312,10
Protein Deubiquitination Involved In Ubiquitin-Dependent Protein Catabolic Process (GO:0071947),0.9428463215179163,0.8652364611625671,7
Centromeric Sister Chromatid Cohesion (GO:0070601),0.9428212830747827,0.8708354830741882,5
Negative Regulation Of Intracellular Signal Transduction (GO:1902532),0.9427286287510913,0.9023342728614807,231
Negative Regulation Of Epithelial Cell Migration (GO:0010633),0.9426288613487176,0.8717787265777588,33
Positive Regulation Of Sodium Ion Transmembrane Transporter Activity (GO:2000651),0.9425583704576342,0.8717787265777588,12
Vesicle-Mediated Transport (GO:0016192),0.9425084027834423,0.9201430678367615,411
Intracellular pH Elevation (GO:0051454),0.9424834432140882,0.8685665130615234,7
Steroid Biosynthetic Process (GO:0006694),0.9424131746511053,0.8685665130615234,50
Regulation Of Protein Sumoylation (GO:0033233),0.9419272706561582,0.8685418963432312,17
Regulation Of MAP Kinase Activity (GO:0043405),0.9418286895167202,0.8825488686561584,114
Regulation Of Megakaryocyte Differentiation (GO:0045652),0.9415805355467849,0.8578290939331055,19
Guanine Nucleotide Transmembrane Transport (GO:1903790),0.9413468224284485,0.8717787265777588,5
Positive Regulation Of Cell-Matrix Adhesion (GO:0001954),0.9412961865263362,0.8658391833305359,43
Gland Development (GO:0048732),0.9411083397541125,0.8760802745819092,74
Chromosome Organization (GO:0051276),0.9410718978783609,0.8695361018180847,45
Positive Regulation Of Fatty Acid Biosynthetic Process (GO:0045723),0.941064038169359,0.8639366030693054,13
Positive Regulation Of Protein Phosphorylation (GO:0001934),0.9408666239812273,0.9208316802978516,377
Glycerophospholipid Biosynthetic Process (GO:0046474),0.9403315150730277,0.8853455185890198,108
Regulation Of DNA-templated Transcription Initiation (GO:2000142),0.9402519955101806,0.8685418963432312,8
Positive Regulation Of Cyclin-Dependent Protein Kinase Activity (GO:1904031),0.940100421166837,0.8685418963432312,18
Positive Regulation Of Stress-Activated MAPK Cascade (GO:0032874),0.939548028423826,0.8825488686561584,105
Positive Regulation Of Protein Autophosphorylation (GO:0031954),0.9389221692904693,0.8652364611625671,22
Hexose Import Across Plasma Membrane (GO:0140271),0.9387519416016308,0.8705247640609741,5
Positive Regulation Of Microglial Cell Migration (GO:1904141),0.9386416870078854,0.8647221922874451,5
Protein O-linked Mannosylation (GO:0035269),0.9385481162081993,0.8676538467407227,16
Regulation Of Bone Mineralization (GO:0030500),0.9383694911128082,0.8802125453948975,58
Regulation Of Mast Cell Degranulation (GO:0043304),0.9381300884750502,0.8685418963432312,14
Purine Ribonucleotide Transport (GO:0015868),0.9380706980302286,0.8673783540725708,19
Keratan Sulfate Metabolic Process (GO:0042339),0.937768579445793,0.8717787265777588,17
Positive Regulation Of miRNA Metabolic Process (GO:2000630),0.9372017888771268,0.8727651834487915,49
Peptidyl-Diphthamide Biosynthetic Process From Peptidyl-Histidine (GO:0017183),0.9369872034205711,0.8717787265777588,5
Peptidyl-Diphthamide Metabolic Process (GO:0017182),0.9369872034205711,0.8717787265777588,5
Sensory Perception Of Mechanical Stimulus (GO:0050954),0.9369523901167655,0.8814234137535095,89
Regulation Of Growth Hormone Receptor Signaling Pathway (GO:0060398),0.9366218104026162,0.8731974363327026,5
Regulation Of Endocytosis (GO:0030100),0.9365347640270322,0.8814234137535095,66
Regulation Of Mitochondrial Membrane Permeability Involved In Apoptotic Process (GO:1902108),0.9362766271916046,0.8748556971549988,6
Immunoglobulin Production Involved In Immunoglobulin-Mediated Immune Response (GO:0002381),0.9361840133581086,0.8731974363327026,19
Positive Regulation Of Nervous System Development (GO:0051962),0.9360538298748932,0.8714611530303955,49
PERK-mediated Unfolded Protein Response (GO:0036499),0.9360197607073797,0.8652364611625671,5
Regulation Of Vitamin D Biosynthetic Process (GO:0060556),0.9360037682644674,0.8717787265777588,5
Glycosaminoglycan Biosynthetic Process (GO:0006024),0.9358893180173686,0.8731974363327026,58
Regulation Of Cardiac Muscle Contraction (GO:0055117),0.9358400486084619,0.8676538467407227,35
Cellular Response To Magnesium Ion (GO:0071286),0.9357722451099384,0.8658391833305359,5
Stress Granule Assembly (GO:0034063),0.9357498019519761,0.8695361018180847,24
Aromatic Compound Biosynthetic Process (GO:0019438),0.9353883610595289,0.8673783540725708,5
Regulation Of Male Gonad Development (GO:2000018),0.9352708433517872,0.8685665130615234,6
Icosanoid Metabolic Process (GO:0006690),0.9352013202764846,0.8708354830741882,52
"Alternative mRNA Splicing, Via Spliceosome (GO:0000380)",0.9349952152391224,0.8695361018180847,16
Regulation Of Cell Division (GO:0051302),0.9348116785038095,0.881502628326416,83
Gamma-Aminobutyric Acid Signaling Pathway (GO:0007214),0.9347490488784134,0.8685418963432312,20
Translational Termination (GO:0006415),0.9345304631343047,0.868345320224762,8
P-body Assembly (GO:0033962),0.9342885792411262,0.8652364611625671,11
Cobalamin Transport (GO:0015889),0.9342552823677945,0.869208037853241,8
Proteoglycan Catabolic Process (GO:0030167),0.9340407071128233,0.8658391833305359,6
Metanephric Mesenchyme Development (GO:0072075),0.9335672283673948,0.8705247640609741,10
Peptidyl-Serine Dephosphorylation (GO:0070262),0.9334099765096953,0.8717787265777588,9
Nuclear Envelope Organization (GO:0006998),0.9333264948861875,0.8708354830741882,17
Endodermal Cell Fate Commitment (GO:0001711),0.9329377213079172,0.8717787265777588,9
Detection Of Chemical Stimulus Involved In Sensory Perception Of Taste (GO:0050912),0.9329317680729751,0.8717787265777588,45
Regulation Of Cell-Matrix Adhesion (GO:0001952),0.9328578213781037,0.877498984336853,65
Response To Lipid (GO:0033993),0.9328386530681378,0.8981197476387024,110
Phosphatidylcholine Acyl-Chain Remodeling (GO:0036151),0.9327103387854403,0.8717787265777588,12
Positive Regulation Of Autophagosome Assembly (GO:2000786),0.9326509977530645,0.8717787265777588,16
Regulation Of Mitochondrial mRNA Stability (GO:0044528),0.932292281489663,0.8740754723548889,6
Positive Regulation Of Metabolic Process (GO:0009893),0.9322754493479268,0.8955768346786499,108
Positive Regulation Of Calcium Ion Transport Into Cytosol (GO:0010524),0.9321624717626561,0.8685665130615234,8
Neuron Differentiation (GO:0030182),0.9320564246081788,0.8966569304466248,173
HALLMARK_SPERMATOGENESIS,0.9319777514377106,0.8891105651855469,135
Peptidyl-Arginine Modification (GO:0018195),0.9319333271095366,0.8708354830741882,6
Ear Development (GO:0043583),0.9318135335168699,0.8720323443412781,5
Protein O-linked Glycosylation Via Serine (GO:0018242),0.9316415709380409,0.8717787265777588,9
Fructose Transmembrane Transport (GO:0015755),0.9316259412863838,0.8673783540725708,7
Regulation Of Cellular Extravasation (GO:0002691),0.9314322063034327,0.8673783540725708,9
Epoxygenase P450 Pathway (GO:0019373),0.9310900658507288,0.8717787265777588,17
Positive Regulation Of Microtubule Polymerization Or Depolymerization (GO:0031112),0.9309845235909532,0.8673783540725708,26
Transcription-Coupled Nucleotide-Excision Repair (GO:0006283),0.9309695432258523,0.8685418963432312,8
Spliceosomal Complex Assembly (GO:0000245),0.9308563908345364,0.8895784020423889,62
Negative Regulation Of Extrinsic Apoptotic Signaling Pathway Via Death Domain Receptors (GO:1902042),0.9307123935822224,0.8673783540725708,23
Histone H2A-K119 Monoubiquitination (GO:0036353),0.9306822331411125,0.8705247640609741,6
Negative Regulation Of Extrinsic Apoptotic Signaling Pathway In Absence Of Ligand (GO:2001240),0.9305957532756353,0.8673783540725708,22
Negative Regulation Of Signal Transduction In Absence Of Ligand (GO:1901099),0.9305957532756353,0.8673783540725708,22
Chitin Catabolic Process (GO:0006032),0.9303868818381335,0.8720323443412781,5
Chitin Metabolic Process (GO:0006030),0.9303868818381335,0.8720323443412781,5
Negative Regulation Of Epithelial To Mesenchymal Transition (GO:0010719),0.9302923363479966,0.8720323443412781,30
Positive Regulation Of Catalytic Activity (GO:0043085),0.9299755758655461,0.8717787265777588,40
Positive Regulation Of Stress-Activated Protein Kinase Signaling Cascade (GO:0070304),0.9294824151175609,0.8739572763442993,18
Regulation Of Protein Modification Process (GO:0031399),0.9284155898735781,0.8771307468414307,45
Negative Regulation Of Interferon-Beta Production (GO:0032688),0.9280149315018366,0.8673783540725708,10
Regulation Of Natural Killer Cell Mediated Cytotoxicity (GO:0042269),0.9275918470192623,0.8717787265777588,32
Positive Regulation Of Macrophage Derived Foam Cell Differentiation (GO:0010744),0.9275831603324447,0.8752779960632324,17
Sphingoid Metabolic Process (GO:0046519),0.9275370319882447,0.8685418963432312,11
Negative Regulation Of Endothelial Cell Proliferation (GO:0001937),0.9274211263721157,0.8720323443412781,37
Positive Regulation Of Cellular Biosynthetic Process (GO:0031328),0.927408818210135,0.9043757915496826,174
Positive Regulation Of Alpha-Beta T Cell Proliferation (GO:0046641),0.9273971360221143,0.8720323443412781,17
Monocyte Chemotaxis (GO:0002548),0.9272597344003615,0.8760237693786621,42
Regulation Of Oxidative Stress-Induced Neuron Intrinsic Apoptotic Signaling Pathway (GO:1903376),0.9270804390881422,0.8717787265777588,6
Histone Lysine Methylation (GO:0034968),0.9269851410432337,0.8717787265777588,32
protein-DNA Covalent Cross-Linking Repair (GO:0106300),0.926736855086768,0.8717787265777588,6
Serine Family Amino Acid Catabolic Process (GO:0009071),0.9265550971543904,0.8823761940002441,9
Cellular Modified Amino Acid Catabolic Process (GO:0042219),0.9264493306360505,0.8669927716255188,13
Positive Regulation Of Canonical Wnt Signaling Pathway (GO:0090263),0.926387922469737,0.8931397199630737,85
Sensory Perception Of Sound (GO:0007605),0.9262090369947558,0.8921012282371521,92
Regulation Of Extrinsic Apoptotic Signaling Pathway In Absence Of Ligand (GO:2001239),0.9261025077881725,0.8717787265777588,27
Folic Acid Metabolic Process (GO:0046655),0.9259187669351834,0.8720323443412781,12
Trigeminal Nerve Development (GO:0021559),0.9258066668651106,0.8764803409576416,5
Negative Regulation Of Epidermal Growth Factor-Activated Receptor Activity (GO:0007175),0.9257288189983492,0.8673783540725708,12
Monoacylglycerol Biosynthetic Process (GO:0006640),0.9257159636205753,0.8781337738037109,6
Organophosphate Biosynthetic Process (GO:0090407),0.9255513760862926,0.8717787265777588,34
Positive Regulation Of Developmental Process (GO:0051094),0.9254963853334038,0.9141772985458374,233
"Positive Regulation Of mRNA Splicing, Via Spliceosome (GO:0048026)",0.925334960993943,0.8720323443412781,23
Non-Canonical Wnt Signaling Pathway (GO:0035567),0.925231751957819,0.8763545751571655,41
interleukin-17A-mediated Signaling Pathway (GO:0038173),0.925214329649787,0.8717787265777588,5
Negative Regulation Of Substrate Adhesion-Dependent Cell Spreading (GO:1900025),0.9248827887449397,0.8691971898078918,12
Response To Acidic pH (GO:0010447),0.9246268761649891,0.8651794791221619,17
Cardiac Muscle Cell Membrane Repolarization (GO:0099622),0.9246141405277192,0.8755108118057251,10
Mitochondrial tRNA Modification (GO:0070900),0.9244845764006772,0.8720323443412781,7
Positive Regulation Of Membrane Potential (GO:0045838),0.9240714588273391,0.8895784020423889,7
Regulation Of Intrinsic Apoptotic Signaling Pathway In Response To DNA Damage (GO:1902229),0.9238024322893269,0.8720323443412781,15
Negative Regulation Of Smooth Muscle Cell Migration (GO:0014912),0.9236224060939195,0.8705247640609741,14
snRNA Transcription By RNA Polymerase II (GO:0042795),0.9235459376545682,0.8731974363327026,10
Response To Estradiol (GO:0032355),0.9230514920987414,0.8814234137535095,31
Stabilization Of Membrane Potential (GO:0030322),0.9230317904134911,0.8763545751571655,16
Regulation Of mRNA Polyadenylation (GO:1900363),0.9229293392539387,0.8705247640609741,10
Chromosome Condensation (GO:0030261),0.9228488596206164,0.8760802745819092,32
Regulation Of Wound Healing (GO:0061041),0.9227294988489984,0.8800192475318909,47
Membrane Fusion (GO:0061025),0.9224567384872355,0.8785484433174133,28
Regulation Of Resting Membrane Potential (GO:0060075),0.9224328435060515,0.8720323443412781,5
Regulation Of Cell Killing (GO:0031341),0.9220458592388195,0.8760802745819092,8
Negative Regulation Of MAP Kinase Activity (GO:0043407),0.9218103802693007,0.8754252195358276,51
Peptidyl-Threonine Modification (GO:0018210),0.9215284584778409,0.8876931071281433,66
Positive Regulation Of Epithelial Cell Migration (GO:0010634),0.9213264684006466,0.8989737629890442,95
Methionine Metabolic Process (GO:0006555),0.9210127154648676,0.8760802745819092,7
Rescue Of Stalled Ribosome (GO:0072344),0.9210103992212129,0.8708354830741882,23
Regulation Of Natural Killer Cell Activation (GO:0032814),0.9207937005438241,0.8717787265777588,16
Positive Regulation Of Ubiquitin-Dependent Protein Catabolic Process (GO:2000060),0.9206000381262974,0.8918517827987671,83
Negative Regulation Of Insulin-Like Growth Factor Receptor Signaling Pathway (GO:0043569),0.9204551268515799,0.8790470957756042,5
Regulation Of Cholesterol Efflux (GO:0010874),0.920383491087683,0.8802125453948975,32
Morphogenesis Of An Epithelium (GO:0002009),0.9202128315502646,0.8802125453948975,29
Positive Regulation Of Protein Binding (GO:0032092),0.9202064751577682,0.8924117088317871,59
Dense Core Granule Cytoskeletal Transport (GO:0099519),0.9198987492294011,0.8731974363327026,6
Negative Regulation Of Macromolecule Metabolic Process (GO:0010605),0.919671374779868,0.9149762988090515,186
Alpha-Amino Acid Biosynthetic Process (GO:1901607),0.9196011997124891,0.8724451661109924,10
Histone Ubiquitination (GO:0016574),0.9193262141332549,0.8824098706245422,9
Regulation Of I-kappaB Phosphorylation (GO:1903719),0.9191765367287011,0.8811467885971069,6
snRNA Transcription (GO:0009301),0.9190877162958312,0.8717787265777588,12
Positive Regulation Of Adipose Tissue Development (GO:1904179),0.9187678376579899,0.8777034282684326,7
Aminophospholipid Transport (GO:0015917),0.9185796224035461,0.8814234137535095,5
Cellular Response To Metal Ion (GO:0071248),0.9183906555049411,0.8989737629890442,135
Actin Filament Organization (GO:0007015),0.9183474335669519,0.9138039350509644,144
Positive Regulation Of DNA Demethylation (GO:1901537),0.9181808410826303,0.8802125453948975,7
Positive Regulation Of NLRP3 Inflammasome Complex Assembly (GO:1900227),0.917999993707249,0.8763545751571655,18
Negative Regulation Of Cytokinesis (GO:0032466),0.9176318223631625,0.8724998831748962,5
Regulation Of Cyclin-Dependent Protein Serine/Threonine Kinase Activity (GO:0000079),0.9175284622447611,0.8955768346786499,79
Ubiquinone Biosynthetic Process (GO:0006744),0.9173804260893929,0.8763545751571655,13
Positive Regulation Of Insulin Secretion (GO:0032024),0.9171869783500907,0.8795819878578186,40
Regulation Of Glucose Import (GO:0046324),0.9169844405813204,0.8869894742965698,36
Myoblast Fusion (GO:0007520),0.9169255925712733,0.8748579621315002,18
Positive Regulation Of Neuron Migration (GO:2001224),0.9168178013390973,0.8726162314414978,12
Regulation Of NMDA Receptor Activity (GO:2000310),0.916742108688999,0.8741413354873657,16
Gamma-Aminobutyric Acid Metabolic Process (GO:0009448),0.9167403103648962,0.8824098706245422,5
Negative Regulation Of Lens Fiber Cell Differentiation (GO:1902747),0.9166755032922169,0.8823946118354797,5
Regulation Of calcineurin-NFAT Signaling Cascade (GO:0070884),0.9163556385458749,0.8817217946052551,34
Protein K11-linked Deubiquitination (GO:0035871),0.9162492488427117,0.8810828924179077,9
Positive Regulation Of Killing Of Cells Of Another Organism (GO:0051712),0.9162173708743463,0.8810680508613586,5
G Protein-Coupled Acetylcholine Receptor Signaling Pathway (GO:0007213),0.91597635339205,0.8822282552719116,17
Negative Regulation Of Smooth Muscle Cell Differentiation (GO:0051151),0.9159436513987117,0.882047176361084,8
Amide Biosynthetic Process (GO:0043604),0.9156392684505168,0.8834535479545593,51
Primary Neural Tube Formation (GO:0014020),0.9156286126367681,0.8802125453948975,28
C-terminal Protein Amino Acid Modification (GO:0018410),0.9154980036197419,0.8760237693786621,12
Nucleoside Diphosphate Metabolic Process (GO:0009132),0.9154216017795518,0.8824098706245422,8
Innate Immune Response Activating Cell Surface Receptor Signaling Pathway (GO:0002220),0.915353821419152,0.8717787265777588,30
Regulation Of Protein Phosphorylation (GO:0001932),0.9151622927448082,0.9393910765647888,265
Positive Regulation Of Cell Cycle G1/S Phase Transition (GO:1902808),0.9151507823550645,0.8844826221466064,40
Tryptophan Metabolic Process (GO:0006568),0.9145168704162394,0.8763545751571655,7
Regulation Of Monoatomic Ion Transmembrane Transporter Activity (GO:0032412),0.9141400694708142,0.8933138847351074,69
Negative Regulation Of Leukocyte Chemotaxis (GO:0002689),0.9141119216158082,0.8824098706245422,11
Regulation Of Lamellipodium Organization (GO:1902743),0.9140860160398975,0.8771307468414307,13
Regulation Of Cardiac Muscle Contraction By Regulation Of The Release Of Sequestered Calcium Ion (GO:0010881),0.9140785107682641,0.8731974363327026,16
Positive Regulation Of MAP Kinase Activity (GO:0043406),0.9136558447794567,0.9018675684928894,91
Negative Regulation Of Nucleic Acid-Templated Transcription (GO:1903507),0.9135658847912388,0.9585498571395874,456
Response To Reactive Oxygen Species (GO:0000302),0.9135606244936175,0.8933138847351074,66
Negative Regulation Of Viral-Induced Cytoplasmic Pattern Recognition Receptor Signaling Pathway (GO:0039532),0.9129437981818976,0.8781337738037109,16
Positive Regulation Of Mitotic Cell Cycle Phase Transition (GO:1901992),0.9128429520566086,0.8918517827987671,63
Vesicle-Mediated Transport In Synapse (GO:0099003),0.9126883432657206,0.8720323443412781,18
Negative Regulation Of Peptidyl-Serine Phosphorylation (GO:0033137),0.9125650958001045,0.8814234137535095,19
Positive Regulation Of Reactive Oxygen Species Biosynthetic Process (GO:1903428),0.9121279085918422,0.8720323443412781,12
Mesoderm Development (GO:0007498),0.9121116168435789,0.8810828924179077,19
Radial Glial Cell Differentiation (GO:0060019),0.9120292567256693,0.8845207095146179,5
Regulation Of Nucleic Acid-Templated Transcription (GO:1903506),0.9120145593126038,0.9621114134788513,452
Negative Regulation Of TORC1 Signaling (GO:1904262),0.911974601936517,0.8760802745819092,25
Spermidine Metabolic Process (GO:0008216),0.9119695287944956,0.8834535479545593,7
Norepinephrine Metabolic Process (GO:0042415),0.911752654405612,0.8824098706245422,7
Regulation Of Response To Endoplasmic Reticulum Stress (GO:1905897),0.9116063165716883,0.8802125453948975,13
Regulation Of Cytokinesis (GO:0032465),0.9114361893556829,0.8924117088317871,80
Regulation Of Transforming Growth Factor Beta2 Production (GO:0032909),0.9112121026368423,0.8834535479545593,6
Negative Regulation Of Intracellular Transport (GO:0032387),0.9111525994059319,0.8855130672454834,7
Relaxation Of Muscle (GO:0090075),0.9110467304667343,0.8901243209838867,13
Positive Regulation Of Aspartic-Type Endopeptidase Activity Involved In Amyloid Precursor Protein Catabolic Process (GO:1902961),0.9110101885113299,0.8825488686561584,6
Negative Regulation Of Cell Cycle Phase Transition (GO:1901988),0.9108765781149147,0.8720323443412781,12
Toxin Transport (GO:1901998),0.9108136628795621,0.8835290670394897,9
Regulation Of Defense Response To Bacterium (GO:1900424),0.9104264276588929,0.8824098706245422,8
Negative Regulation Of Phosphorylation (GO:0042326),0.9103834123695227,0.8991348743438721,75
Regulation Of Protein Neddylation (GO:2000434),0.9100983664198867,0.8781663179397583,18
Negative Regulation Of Cardiocyte Differentiation (GO:1905208),0.9093117136110291,0.8825488686561584,6
Negative Regulation Of Cell-Matrix Adhesion (GO:0001953),0.9092386643599418,0.8844918608665466,31
Regulation Of Cell Motility (GO:2000145),0.9091406543050914,0.9147624373435974,123
Inhibition Of Cysteine-Type Endopeptidase Activity (GO:0097340),0.9089284286204571,0.8835290670394897,7
Negative Regulation Of Protein Modification Process (GO:0031400),0.908829624808435,0.8924117088317871,78
Regulation Of Macrophage Migration (GO:1905521),0.9087857194379294,0.8790470957756042,8
Positive Regulation Of Collagen Metabolic Process (GO:0010714),0.9087347647920331,0.8825488686561584,16
Negative Regulation Of Wnt Signaling Pathway (GO:0030178),0.9086908756997933,0.9270200729370117,140
Establishment Or Maintenance Of Epithelial Cell Apical/Basal Polarity (GO:0045197),0.9082491268778221,0.8755108118057251,40
Phospholipid Catabolic Process (GO:0009395),0.9078059958642822,0.8844918608665466,28
Kidney Morphogenesis (GO:0060993),0.9076366217238658,0.8844918608665466,5
Membrane Assembly (GO:0071709),0.9074210674241088,0.8876931071281433,38
Negative Regulation Of Leukocyte Mediated Cytotoxicity (GO:0001911),0.9073808194363635,0.8825488686561584,14
Regulation Of Actin Filament-Based Process (GO:0032970),0.9071287581835105,0.8991348743438721,70
Positive Regulation Of Calcium Ion Transport (GO:0051928),0.9068794110052567,0.8824098706245422,29
Cellular Response To Calcium Ion (GO:0071277),0.906764122788973,0.8924117088317871,69
Protein Localization To Membrane (GO:0072657),0.9065116948016436,0.9342164993286133,192
Positive Regulation Of Cell Cycle Phase Transition (GO:1901989),0.906482250266855,0.8844918608665466,17
T-helper 2 Cell Differentiation (GO:0045064),0.9064752199527827,0.8825488686561584,5
Kynurenine Metabolic Process (GO:0070189),0.9064363312380018,0.8812677264213562,8
Regulation Of Transforming Growth Factor Beta Activation (GO:1901388),0.9063935663255892,0.8780997395515442,7
Epidermal Growth Factor Receptor Signaling Pathway (GO:0007173),0.9060682455458864,0.8907954692840576,45
Cell Projection Organization (GO:0030030),0.9058352718700065,0.8870899677276611,20
Positive Regulation Of Branching Involved In Ureteric Bud Morphogenesis (GO:0090190),0.9057233932871284,0.8902938365936279,11
Positive Regulation Of Monoatomic Ion Transmembrane Transport (GO:0034767),0.9055822523921324,0.8844918608665466,5
Regulation Of Chemokine (C-X-C Motif) Ligand 2 Production (GO:2000341),0.9054684376812335,0.8876931071281433,12
Synaptic Vesicle Membrane Organization (GO:0048499),0.9053656308943614,0.8870899677276611,14
Positive Regulation Of calcineurin-NFAT Signaling Cascade (GO:0070886),0.9050757515381651,0.8835290670394897,19
Positive Regulation Of Calcineurin-Mediated Signaling (GO:0106058),0.9050757515381651,0.8835290670394897,19
Peptidyl-Lysine Trimethylation (GO:0018023),0.905032972921643,0.8790470957756042,15
ERBB Signaling Pathway (GO:0038127),0.9048066794272197,0.8870899677276611,54
Phosphorylation (GO:0016310),0.9048013913450863,0.962426483631134,429
Visual Perception (GO:0007601),0.904503213079576,0.9154781103134155,101
Axon Extension (GO:0048675),0.9044946866331306,0.8800192475318909,23
Cellular Response To Decreased Oxygen Levels (GO:0036294),0.9043236405028784,0.9018675684928894,73
DNA Strand Resection Involved In Replication Fork Processing (GO:0110025),0.9041256418443824,0.8848468065261841,6
Regulation Of Vasculature Development (GO:1901342),0.9040697443808632,0.8844918608665466,30
Regulation Of JUN Kinase Activity (GO:0043506),0.9038457312459807,0.8924117088317871,43
Acylglycerol Catabolic Process (GO:0046464),0.9037883138780307,0.8844918608665466,24
Regulation Of Ruffle Assembly (GO:1900027),0.9035806911324743,0.8824098706245422,24
Regulation Of Canonical Wnt Signaling Pathway (GO:0060828),0.9033300715160556,0.9416543841362,207
Cellular Response To Peptide (GO:1901653),0.903168756586062,0.8955768346786499,56
Negative Regulation Of Transcription By Competitive Promoter Binding (GO:0010944),0.903101525009227,0.8870899677276611,9
Positive Regulation Of Wnt Signaling Pathway (GO:0030177),0.9023489938328331,0.9184594750404358,109
Positive Regulation Of Cell Killing (GO:0031343),0.9022057587501721,0.8924117088317871,6
Mitotic DNA Integrity Checkpoint Signaling (GO:0044774),0.9020976914268373,0.8760802745819092,12
Phagocytosis (GO:0006909),0.9012533963842976,0.8998684287071228,69
Lipid Droplet Disassembly (GO:1905691),0.9008423905081079,0.8891105651855469,5
Positive Regulation Of Cell Cycle (GO:0045787),0.9007870476501928,0.8957844376564026,65
"Fatty Acid Elongation, Polyunsaturated Fatty Acid (GO:0034626)",0.9004532415494069,0.8924117088317871,6
"Fatty Acid Elongation, Unsaturated Fatty Acid (GO:0019368)",0.9004532415494069,0.8924117088317871,6
"Fatty Acid Elongation, Monounsaturated Fatty Acid (GO:0034625)",0.9004532415494069,0.8924117088317871,6
"Fatty Acid Elongation, Saturated Fatty Acid (GO:0019367)",0.9004532415494069,0.8924117088317871,6
Stress Fiber Assembly (GO:0043149),0.9003930930117512,0.8825488686561584,14
Contractile Actin Filament Bundle Assembly (GO:0030038),0.9003930930117512,0.8825488686561584,14
Protein Heterotetramerization (GO:0051290),0.9003590768936178,0.8825488686561584,12
Positive Regulation Of Calcium Ion-Dependent Exocytosis (GO:0045956),0.9002312939487278,0.8741586804389954,8
Regulation Of Gene Expression (GO:0010468),0.8999817810521116,0.9953625202178955,1127
Positive Regulation Of MAPK Cascade (GO:0043410),0.8999252410280197,0.9621114134788513,310
Regulation Of Toll-Like Receptor Signaling Pathway (GO:0034121),0.8995742700533591,0.8869894742965698,20
Mitotic intra-S DNA Damage Checkpoint Signaling (GO:0031573),0.8994919013006654,0.8814234137535095,14
Cellular Response To Hypoxia (GO:0071456),0.8990434360598709,0.9077779650688171,72
Response To Fatty Acid (GO:0070542),0.8988798724480406,0.8891105651855469,19
Protein Kinase B Signaling (GO:0043491),0.8987843563165806,0.8904256224632263,24
Positive Regulation Of Glucose Metabolic Process (GO:0010907),0.8984936384936285,0.8876931071281433,15
Purine Nucleobase Metabolic Process (GO:0006144),0.8984598682046805,0.8844918608665466,9
Ribonucleoside Bisphosphate Metabolic Process (GO:0033875),0.8981787327696598,0.8875713348388672,25
Purine Nucleoside Bisphosphate Metabolic Process (GO:0034032),0.8981787327696598,0.8875713348388672,25
Regulation Of Attachment Of Mitotic Spindle Microtubules To Kinetochore (GO:1902423),0.8980577121955157,0.8901243209838867,7
Positive Regulation Of Attachment Of Mitotic Spindle Microtubules To Kinetochore (GO:1902425),0.8980577121955157,0.8901243209838867,7
Protein K27-linked Ubiquitination (GO:0044314),0.8976879194773546,0.8845207095146179,7
Establishment Of Protein Localization To Plasma Membrane (GO:0061951),0.8974129099956104,0.8920186161994934,38
Regulation Of Acrosome Reaction (GO:0060046),0.8972892399903422,0.8876931071281433,12
Fatty Acid Beta-Oxidation (GO:0006635),0.8972886638799095,0.8966569304466248,49
Positive Regulation Of Phosphorylation (GO:0042327),0.8968849716375623,0.9481950402259827,231
Surfactant Homeostasis (GO:0043129),0.8962886865625159,0.8885900974273682,10
HALLMARK_ESTROGEN_RESPONSE_EARLY,0.8962757484778191,0.9428689479827881,200
Gland Morphogenesis (GO:0022612),0.8961864059622757,0.8924117088317871,6
Negative Regulation Of ERK1 And ERK2 Cascade (GO:0070373),0.8961304787331598,0.8955768346786499,48
Negative Regulation Of Ossification (GO:0030279),0.8961197087287126,0.8924117088317871,24
Positive Regulation Of Protein Localization To Cell Surface (GO:2000010),0.8958136398000338,0.8924022316932678,12
Dendrite Extension (GO:0097484),0.895804879980346,0.8812677264213562,5
2-Oxoglutarate Metabolic Process (GO:0006103),0.8956348975438381,0.8891105651855469,14
Regulation Of Intestinal Cholesterol Absorption (GO:0030300),0.895438497408856,0.8924117088317871,6
Detection Of Bacterium (GO:0016045),0.8952300406004013,0.8892362713813782,12
Regulation Of Store-Operated Calcium Entry (GO:2001256),0.8951084387577832,0.8870899677276611,9
Ceramide Biosynthetic Process (GO:0046513),0.8950577362638314,0.8924117088317871,42
Positive Regulation Of Lipid Metabolic Process (GO:0045834),0.8946881758652417,0.8918517827987671,24
Regulation Of Stress Fiber Assembly (GO:0051492),0.8943150205281764,0.909365177154541,75
Mitotic DNA Replication Checkpoint Signaling (GO:0033314),0.8942651129360831,0.8885572552680969,9
Protein K63-linked Deubiquitination (GO:0070536),0.8941247136969034,0.8933138847351074,33
Quinone Biosynthetic Process (GO:1901663),0.8940051789778277,0.8825488686561584,12
Protein O-linked Glycosylation (GO:0006493),0.8939410703134726,0.919660747051239,93
Negative Regulation Of Lipopolysaccharide-Mediated Signaling Pathway (GO:0031665),0.8939063986865906,0.8916388154029846,10
Spindle Assembly (GO:0051225),0.8938441474447361,0.9140062928199768,81
Positive Regulation Of Arp2/3 Complex-Mediated Actin Nucleation (GO:2000601),0.8935454820713985,0.8901243209838867,7
Positive Regulation Of Leukocyte Proliferation (GO:0070665),0.8931271860599949,0.8857854008674622,17
Protein Depolymerization (GO:0051261),0.8930331392127632,0.8924022316932678,28
Induction Of Positive Chemotaxis (GO:0050930),0.8928836474569254,0.8955768346786499,10
Positive Regulation Of Signaling Receptor Activity (GO:2000273),0.8927781989194737,0.8945138454437256,36
Positive Regulation Of Secretion By Cell (GO:1903532),0.8920593482856589,0.9123436808586121,73
Positive Regulation Of miRNA Transcription (GO:1902895),0.8919796825946431,0.9043757915496826,43
Aromatic Amino Acid Family Catabolic Process (GO:0009074),0.8918948226086076,0.8904256224632263,10
Lipid Droplet Organization (GO:0034389),0.8912815077049574,0.8931397199630737,29
Regulation Of Complement-Dependent Cytotoxicity (GO:1903659),0.8911807251310537,0.8901243209838867,9
Regulation Of Synapse Maturation (GO:0090128),0.8907170346210637,0.8924117088317871,10
succinyl-CoA Catabolic Process (GO:1901289),0.8907108669662057,0.8834535479545593,5
Positive Regulation Of Pinocytosis (GO:0048549),0.8905695379223043,0.8977875113487244,6
Regulation Of Memory T Cell Differentiation (GO:0043380),0.8902108432632693,0.8933138847351074,9
RNA Destabilization (GO:0050779),0.8901425466317221,0.8844918608665466,19
Mitochondrion Morphogenesis (GO:0070584),0.8901394389971158,0.8920186161994934,9
Negative Regulation Of Protein Ubiquitination (GO:0031397),0.8901274207213177,0.8933138847351074,54
Tongue Development (GO:0043586),0.8899655927654597,0.8924117088317871,5
Establishment Of Protein Localization To Chromatin (GO:0071169),0.8898937568750106,0.8929806351661682,8
Negative Regulation Of Vascular Associated Smooth Muscle Cell Proliferation (GO:1904706),0.8894592126011454,0.8924022316932678,17
CENP-A Containing Chromatin Assembly (GO:0034080),0.8893366237999651,0.8869894742965698,6
Chromatin Remodeling At Centromere (GO:0031055),0.8893366237999651,0.8869894742965698,6
Regulation Of Fatty Acid Biosynthetic Process (GO:0042304),0.8890795374161617,0.8895784020423889,26
NAD Metabolic Process (GO:0019674),0.8888243515388109,0.8857854008674622,22
Positive Regulation Of Macrophage Differentiation (GO:0045651),0.888767873983744,0.8901243209838867,10
Relaxation Of Cardiac Muscle (GO:0055119),0.8886645412664689,0.8924117088317871,12
Positive Regulation Of Cellular Extravasation (GO:0002693),0.8885541517957998,0.8885572552680969,12
Regulation Of Membrane Protein Ectodomain Proteolysis (GO:0051043),0.888529155445696,0.8921399116516113,21
Positive Regulation Of DNA-templated Transcription (GO:0045893),0.8884085444850081,0.9964361190795898,1243
HALLMARK_MYOGENESIS,0.8883323496054599,0.9450240731239319,200
Negative Regulation Of Digestive System Process (GO:0060457),0.8881854652761597,0.8834535479545593,6
Negative Regulation Of Signaling (GO:0023057),0.8880300361124412,0.8910652995109558,28
Negative Regulation Of Fatty Acid Biosynthetic Process (GO:0045717),0.8869844531547987,0.8848468065261841,14
Negative Regulation Of Cilium Assembly (GO:1902018),0.8867665848781553,0.8924117088317871,14
Endothelial Cell Migration (GO:0043542),0.8867157343549487,0.8955768346786499,40
Protein Acetylation (GO:0006473),0.8866756986583251,0.8955768346786499,29
Negative Regulation Of Cellular Biosynthetic Process (GO:0031327),0.886255588879674,0.9428689479827881,137
tRNA Pseudouridine Synthesis (GO:0031119),0.8862488046128953,0.8870899677276611,5
Apoptotic Nuclear Changes (GO:0030262),0.886192759337112,0.8924117088317871,16
Regulation Of Carbohydrate Metabolic Process (GO:0006109),0.8861598161918947,0.8885572552680969,15
Negative Regulation Of Telomere Capping (GO:1904354),0.8860808911033635,0.8931397199630737,6
Protein Localization To Microtubule (GO:0035372),0.8860382015636257,0.8910476565361023,9
Regulation Of Glomerular Filtration (GO:0003093),0.8858706194523605,0.8920186161994934,5
Regulation Of T Cell Mediated Cytotoxicity (GO:0001914),0.8857591347107691,0.8978385925292969,36
Steroid Catabolic Process (GO:0006706),0.8857508793962375,0.8924117088317871,12
Response To Tumor Necrosis Factor (GO:0034612),0.8857120620389107,0.9361522197723389,108
Response To Calcium Ion (GO:0051592),0.8856721156823542,0.9297267198562622,106
Purine Nucleobase Transport (GO:0006863),0.8855714896170319,0.8924117088317871,8
Arginine Catabolic Process (GO:0006527),0.8852196110773074,0.8924117088317871,7
Glycogen Metabolic Process (GO:0005977),0.8850920134433021,0.8892362713813782,19
Negative Regulation Of Phosphatase Activity (GO:0010923),0.884896962956738,0.8933138847351074,16
Positive Regulation Of Membrane Protein Ectodomain Proteolysis (GO:0051044),0.8848918581537076,0.89400315284729,14
Positive Regulation Of Vesicle Fusion (GO:0031340),0.8846716988534358,0.8957828283309937,5
Regulation Of Neurotransmitter Receptor Activity (GO:0099601),0.8846115874909393,0.9018675684928894,42
Regulation Of Sprouting Angiogenesis (GO:1903670),0.8840599062800899,0.901415228843689,33
DNA Replication-Dependent Chromatin Assembly (GO:0006335),0.883783804846304,0.894818902015686,5
Cellular Response To Corticosteroid Stimulus (GO:0071384),0.8836573817996736,0.8945138454437256,15
Negative Regulation Of Supramolecular Fiber Organization (GO:1902904),0.8835631446897985,0.9217663407325745,71
Positive Regulation Of Chromatin Binding (GO:0035563),0.8834274410136389,0.894938051700592,8
Neuron Development (GO:0048666),0.8828935427460036,0.9423649907112122,150
Glutathione Catabolic Process (GO:0006751),0.88282915463214,0.8945138454437256,7
RNA Polyadenylation (GO:0043631),0.8822312944843863,0.8924117088317871,25
Basement Membrane Organization (GO:0071711),0.8821611531855938,0.8981197476387024,10
Inositol Metabolic Process (GO:0006020),0.8819180905059225,0.8902938365936279,6
"Positive Regulation Of Nuclear-Transcribed mRNA Catabolic Process, Deadenylation-Dependent Decay (GO:1900153)",0.8815024726343412,0.8931397199630737,14
Cochlea Morphogenesis (GO:0090103),0.8814827491072785,0.8931980133056641,11
Histone mRNA Catabolic Process (GO:0071044),0.8809323277138429,0.8987563848495483,14
Aggrephagy (GO:0035973),0.8808043467302746,0.8966569304466248,6
Glycosphingolipid Biosynthetic Process (GO:0006688),0.8804925585982063,0.8955768346786499,19
Regulation Of NK T Cell Proliferation (GO:0051140),0.8803538624062448,0.8901243209838867,6
Regulation Of Lymphocyte Migration (GO:2000401),0.8802009996389238,0.8929806351661682,12
Negative Regulation Of Epithelial Cell Differentiation (GO:0030857),0.8799975237265373,0.8924117088317871,15
Aspartate Family Amino Acid Biosynthetic Process (GO:0009067),0.8799257902984364,0.9023342728614807,7
Regulation Of Mitotic Cytokinesis (GO:1902412),0.8798797319057791,0.8931397199630737,6
Reticulophagy (GO:0061709),0.8797449267589551,0.8931397199630737,16
Regulation Of Cell-Substrate Adhesion (GO:0010810),0.879659304536042,0.9079504013061523,44
Positive Regulation Of Muscle Hypertrophy (GO:0014742),0.8795795389016681,0.8875713348388672,16
Regulation Of Intracellular Estrogen Receptor Signaling Pathway (GO:0033146),0.8795779462111476,0.8924117088317871,25
Cellular Response To Prostaglandin E Stimulus (GO:0071380),0.8791921717774847,0.9018675684928894,6
Positive Regulation Of Interleukin-13 Production (GO:0032736),0.8791288143941182,0.8997614979743958,10
Monoatomic Ion Transport (GO:0006811),0.8787115929789935,0.9312936663627625,107
Cytoplasmic Sequestering Of Protein (GO:0051220),0.8786345740378885,0.897124171257019,13
Steroid Metabolic Process (GO:0008202),0.8784427155540545,0.9201168417930603,92
ATP Transport (GO:0015867),0.8777590252795466,0.8997614979743958,13
Positive Regulation Of Autophagy (GO:0010508),0.8777545534371468,0.938784658908844,107
mRNA Polyadenylation (GO:0006378),0.8774835059719844,0.8924117088317871,24
Regulation Of Leukocyte Mediated Cytotoxicity (GO:0001910),0.8774025225051902,0.8986748456954956,9
Xenobiotic Transport (GO:0042908),0.8773188083557565,0.8955768346786499,20
Regulation Of Transcription Regulatory Region DNA Binding (GO:2000677),0.877248232817564,0.8924117088317871,27
Regulation Of Tooth Mineralization (GO:0070170),0.8770728720693719,0.8997614979743958,5
Positive Regulation Of Cell Migration By Vascular Endothelial Growth Factor Signaling Pathway (GO:0038089),0.8770520337980504,0.8991348743438721,7
Negative Regulation Of Canonical Wnt Signaling Pathway (GO:0090090),0.8768941664480084,0.9381622672080994,114
Positive Regulation Of Lipoprotein Particle Clearance (GO:0010986),0.876846546546466,0.8997614979743958,5
NADH Metabolic Process (GO:0006734),0.8766396527863215,0.8987563848495483,7
Regulatory ncRNA Processing (GO:0070918),0.8763382158056444,0.9018675684928894,35
Cellular Response To Insulin Stimulus (GO:0032869),0.8760982040211462,0.9373079538345337,99
Regulation Of Potassium Ion Transmembrane Transport (GO:1901379),0.8758974120706509,0.9023342728614807,33
Regulation Of Chromatin Binding (GO:0035561),0.8747674871195027,0.8955768346786499,10
Sensory Perception Of Light Stimulus (GO:0050953),0.874612975231976,0.9299202561378479,102
Positive Regulation Of Transcription Regulatory Region DNA Binding (GO:2000679),0.8744884454229978,0.8998324871063232,21
Gap Junction Assembly (GO:0016264),0.8737131827359196,0.8955768346786499,6
Cyclooxygenase Pathway (GO:0019371),0.873633223051566,0.8984177112579346,8
Regulation Of Neural Precursor Cell Proliferation (GO:2000177),0.8734081684389895,0.8955768346786499,22
Cellular Response To Nutrient Levels (GO:0031669),0.8731155752392793,0.924768328666687,78
Inorganic Anion Transport (GO:0015698),0.8718728647180223,0.9199256300926208,58
Regulation Of Fertilization (GO:0080154),0.8718095351890912,0.9023342728614807,8
Regulation Of Lipid Biosynthetic Process (GO:0046890),0.8716932000856281,0.8997614979743958,28
Positive Regulation Of Antigen Processing And Presentation (GO:0002579),0.8714226302879482,0.8955768346786499,5
Positive Regulation Of Dendritic Cell Antigen Processing And Presentation (GO:0002606),0.8714226302879482,0.8955768346786499,5
Regulation Of Epithelial To Mesenchymal Transition (GO:0010717),0.8712497311281957,0.9358336925506592,83
Keratinocyte Proliferation (GO:0043616),0.8711019849726307,0.9025822877883911,6
Response To Lipoteichoic Acid (GO:0070391),0.8710441372013495,0.9077779650688171,5
Cellular Response To Lipoteichoic Acid (GO:0071223),0.8710441372013495,0.9077779650688171,5
Protein Localization To Microtubule Cytoskeleton (GO:0072698),0.8709393090269862,0.9058667421340942,9
Negative Regulation Of MAPK Cascade (GO:0043409),0.8709135698809755,0.9423649907112122,105
Cerebral Cortex Cell Migration (GO:0021795),0.8709062743313983,0.9054681658744812,5
Dephosphorylation (GO:0016311),0.8705490271785712,0.9469691514968872,147
"Base-Excision Repair, AP Site Formation (GO:0006285)",0.8702529050363936,0.8991348743438721,11
Response To Transforming Growth Factor Beta (GO:0071559),0.8700176544962489,0.9147624373435974,38
Activin Receptor Signaling Pathway (GO:0032924),0.8700014840280527,0.8973603844642639,16
Heparan Sulfate Proteoglycan Catabolic Process (GO:0030200),0.8693640369746015,0.8924117088317871,5
Positive Regulation Of Filopodium Assembly (GO:0051491),0.869240267622248,0.8997614979743958,27
Regulation Of Pattern Recognition Receptor Signaling Pathway (GO:0062207),0.8674792095028061,0.901415228843689,8
Programmed Necrotic Cell Death (GO:0097300),0.8674566790543637,0.9023342728614807,11
Positive Regulation Of Calcium-Mediated Signaling (GO:0050850),0.8673011659194269,0.8984177112579346,12
Negative Regulation Of DNA Metabolic Process (GO:0051053),0.8671198254708886,0.9136191010475159,49
Positive Regulation Of Cation Transmembrane Transport (GO:1904064),0.867068390125629,0.9043757915496826,18
Nuclear Migration (GO:0007097),0.8667822778227233,0.8984177112579346,16
Lymphocyte Migration (GO:0072676),0.8661927579105014,0.916234016418457,41
poly-N-acetyllactosamine Metabolic Process (GO:0030309),0.8660956779629735,0.9066072106361389,5
Membrane Repolarization During Cardiac Muscle Cell Action Potential (GO:0086013),0.8658972358011795,0.9018675684928894,14
Positive Regulation Of Cytoskeleton Organization (GO:0051495),0.8658100235785469,0.9352777600288391,79
Regulation Of Transmembrane Transport (GO:0034762),0.8654684197839725,0.9018675684928894,32
Regulation Of Protein Targeting To Membrane (GO:0090313),0.8654303834618166,0.9103291630744934,28
Negative Regulation Of Angiogenesis (GO:0016525),0.8654108421869434,0.9369482398033142,86
Vitamin Transport (GO:0051180),0.8647918233722547,0.9149762988090515,39
Regulation Of Cortisol Biosynthetic Process (GO:2000064),0.8646489010131736,0.9018675684928894,6
Glycine Transport (GO:0015816),0.8644920722273072,0.9039114713668823,10
Regulation Of Platelet-Derived Growth Factor Receptor Signaling Pathway (GO:0010640),0.8643650973648599,0.9127291440963745,12
Positive Regulation Of Protein Modification Process (GO:0031401),0.8643641963794987,0.968630313873291,225
Regulation Of G Protein-Coupled Receptor Signaling Pathway (GO:0008277),0.8640767498574363,0.9362549781799316,70
Cellular Response To Alcohol (GO:0097306),0.863918036845556,0.9263279438018799,53
Negative Regulation Of Cyclase Activity (GO:0031280),0.8637445168955485,0.8991348743438721,11
Negative Regulation Of Membrane Protein Ectodomain Proteolysis (GO:0051045),0.8635460514837725,0.9089323878288269,6
SCF-dependent Proteasomal Ubiquitin-Dependent Protein Catabolic Process (GO:0031146),0.8632731209177205,0.9168263673782349,43
Regulation Of Lipoprotein Lipase Activity (GO:0051004),0.8632008243362841,0.9023342728614807,15
Positive Regulation Of Vascular Associated Smooth Muscle Cell Differentiation (GO:1905065),0.8627721878112656,0.9018675684928894,5
Intermediate Filament Bundle Assembly (GO:0045110),0.8627100673509954,0.9055635929107666,7
Response To Estrogen (GO:0043627),0.862282606745093,0.9150453209877014,34
Regulation Of Toll-Like Receptor 4 Signaling Pathway (GO:0034143),0.861897679062129,0.9077779650688171,23
Regulation Of Neuron Differentiation (GO:0045664),0.8615501360301768,0.9381622672080994,79
Negative Regulation Of Adenylate Cyclase Activity (GO:0007194),0.8613910878758319,0.8987341523170471,10
Interleukin-12-Mediated Signaling Pathway (GO:0035722),0.8605963139243589,0.916387140750885,8
Tube Closure (GO:0060606),0.8605703706295657,0.9018675684928894,29
Positive Regulation Of DNA-binding Transcription Factor Activity (GO:0051091),0.8602640321011057,0.968630313873291,246
Regulation Of Glucagon Secretion (GO:0070092),0.8602137257888237,0.9043757915496826,5
Negative Regulation Of Blood Vessel Endothelial Cell Migration (GO:0043537),0.8592769350799268,0.9073969125747681,33
Positive Regulation Of Signal Transduction By P53 Class Mediator (GO:1901798),0.8592727370051397,0.9039114713668823,21
Acylglycerol Biosynthetic Process (GO:0046463),0.8591256766063197,0.907616138458252,22
Diol Metabolic Process (GO:0034311),0.8591034053113524,0.9023342728614807,10
Negative Regulation Of Sequestering Of Triglyceride (GO:0010891),0.859048846458246,0.9107540249824524,5
Positive Regulation Of Actin Filament Bundle Assembly (GO:0032233),0.8586720993974158,0.9295211434364319,51
Negative Regulation Of Macrophage Activation (GO:0043031),0.8584642478559126,0.9149762988090515,15
Regulation Of Gene Expression By Genomic Imprinting (GO:0006349),0.8582067583047788,0.9103291630744934,10
Calcium Ion Import (GO:0070509),0.858159241533952,0.9023351073265076,12
Positive Regulation Of Regulated Secretory Pathway (GO:1903307),0.8580100468682196,0.9147624373435974,12
Positive Regulation Of Cilium Assembly (GO:0045724),0.857909710925381,0.9149762988090515,22
Positive Regulation Of Protein Acetylation (GO:1901985),0.8573875160466087,0.9023342728614807,9
Positive Regulation Of Memory T Cell Differentiation (GO:0043382),0.8572581268068393,0.9163774847984314,8
Cellular Response To Platelet-Derived Growth Factor Stimulus (GO:0036120),0.8572317737028483,0.9023342728614807,8
Response To Steroid Hormone (GO:0048545),0.8571803885719316,0.9123436808586121,29
Protein Geranylgeranylation (GO:0018344),0.8565728822145753,0.9201430678367615,5
Integrated Stress Response Signaling (GO:0140467),0.8563579469724388,0.9150453209877014,29
Peptidyl-Serine Phosphorylation (GO:0018105),0.8559838734457004,0.9625669121742249,158
Negative Regulation Of Plasma Membrane Bounded Cell Projection Assembly (GO:0120033),0.8559509091779306,0.9079504013061523,29
Actin Filament Bundle Assembly (GO:0051017),0.8558391430660615,0.9150453209877014,33
Peptidyl-Serine Modification (GO:0018209),0.8555817038251443,0.9634825587272644,166
Regulation Of Actin Filament Length (GO:0030832),0.8555449828867316,0.9116008877754211,9
Protein Deubiquitination (GO:0016579),0.8554690347599166,0.9428689479827881,112
Nucleoside Transport (GO:0015858),0.855343187816604,0.9141772985458374,5
I-kappaB Phosphorylation (GO:0007252),0.8551156335349056,0.9103291630744934,9
Negative Regulation Of Stress Fiber Assembly (GO:0051497),0.8550957500310452,0.9029895663261414,25
Receptor Metabolic Process (GO:0043112),0.8550587869650583,0.9150453209877014,20
HALLMARK_TGF_BETA_SIGNALING,0.854768703697354,0.9417563080787659,54
Receptor-Mediated Endocytosis (GO:0006898),0.8543434328428635,0.9541793465614319,122
Organic Anion Transport (GO:0015711),0.8538151682261578,0.942419171333313,89
"Regulation Of CD4-positive, Alpha-Beta T Cell Proliferation (GO:2000561)",0.8533979195850733,0.9065461158752441,9
Positive Regulation Of Striated Muscle Cell Differentiation (GO:0051155),0.8533525975995878,0.9123436808586121,25
Transferrin Transport (GO:0033572),0.8532011802512787,0.9103291630744934,9
Negative Regulation Of Amino Acid Transport (GO:0051956),0.8530880304501965,0.9181481599807739,5
Benzene-Containing Compound Metabolic Process (GO:0042537),0.8526855397858767,0.9060720801353455,7
Positive Regulation Of Proteasomal Protein Catabolic Process (GO:1901800),0.8526734650037259,0.938784658908844,90
Protein Localization To Site Of Double-Strand Break (GO:1990166),0.8523356389710932,0.9071045517921448,5
Endosomal Vesicle Fusion (GO:0034058),0.85213479847803,0.916387140750885,10
Positive Regulation Of Protein Maturation (GO:1903319),0.8513308004563538,0.916387140750885,11
Regulation Of Interleukin-1-Mediated Signaling Pathway (GO:2000659),0.8508149585753358,0.9149762988090515,5
Regulation Of Vascular Endothelial Growth Factor Receptor Signaling Pathway (GO:0030947),0.8507980607181079,0.9147624373435974,22
snRNA Transcription By RNA Polymerase III (GO:0042796),0.850378997197969,0.924768328666687,7
Negative Regulation Of Triglyceride Metabolic Process (GO:0090209),0.8500062716174759,0.9103291630744934,8
Maintenance Of DNA Repeat Elements (GO:0043570),0.8497984042031121,0.9183528423309326,5
Regulation Of Histone H3-K4 Methylation (GO:0051569),0.849767275362141,0.9055635929107666,14
Regulation Of Calcium-Mediated Signaling (GO:0050848),0.8495966659059486,0.924101710319519,30
Regulation Of Release Of Sequestered Calcium Ion Into Cytosol By Sarcoplasmic Reticulum (GO:0010880),0.8492785017838296,0.9123436808586121,22
Regulation Of Gastrulation (GO:0010470),0.8488145792162964,0.9036933779716492,13
Establishment Of Protein Localization To Vacuole (GO:0072666),0.8478131617433284,0.9208316802978516,27
Short-Chain Fatty Acid Metabolic Process (GO:0046459),0.847787487685683,0.9150453209877014,6
Axon Regeneration (GO:0031103),0.8471924516569476,0.9150453209877014,9
Positive Regulation Of Extracellular Matrix Organization (GO:1903055),0.8471198822100185,0.9191141128540039,18
Establishment Of Mitotic Sister Chromatid Cohesion (GO:0034087),0.8470951846492907,0.9168960452079773,6
Lipid Droplet Formation (GO:0140042),0.8470775163195886,0.9023342728614807,12
Regulation Of Insulin Receptor Signaling Pathway (GO:0046626),0.8470726115401609,0.9367090463638306,44
"Regulation Of mRNA Splicing, Via Spliceosome (GO:0048024)",0.8470679811571953,0.9454425573348999,94
Regulation Of Protein Deacetylation (GO:0090311),0.847029705339578,0.9058667421340942,18
Branching Involved In Blood Vessel Morphogenesis (GO:0001569),0.8469549600819419,0.924768328666687,13
Meiosis I (GO:0007127),0.8466132758597993,0.9201430678367615,26
Regulation Of ERK1 And ERK2 Cascade (GO:0070372),0.8464647105215138,0.9754729866981506,244
Regulation Of Endothelial Cell Proliferation (GO:0001936),0.8460287482271109,0.948428750038147,93
Protein Localization To Plasma Membrane (GO:0072659),0.8458948546539135,0.9523265957832336,137
Long-Chain Fatty Acid Transport (GO:0015909),0.8454958093492921,0.9184594750404358,23
Positive Regulation Of Acrosome Reaction (GO:2000344),0.8450490225720027,0.9150453209877014,9
mRNA Catabolic Process (GO:0006402),0.843896001420105,0.9332448840141296,43
Protein Sulfation (GO:0006477),0.8437373493776165,0.9204089045524597,5
Retinal Rod Cell Differentiation (GO:0060221),0.8435691112005755,0.9150453209877014,6
Positive Regulation Of Autophagosome Maturation (GO:1901098),0.8435291737354715,0.9180060625076294,6
Organic Substance Transport (GO:0071702),0.842890965232205,0.977199137210846,201
Response To Hydroxyurea (GO:0072710),0.8418867177504625,0.9150453209877014,9
Glucose Homeostasis (GO:0042593),0.8413448196287856,0.952752411365509,87
Calcium-Ion Regulated Exocytosis (GO:0017156),0.8412256877088036,0.9294930100440979,26
Positive Regulation Of Cell Projection Organization (GO:0031346),0.8412158323773538,0.9522760510444641,118
Negative Regulation Of Microglial Cell Activation (GO:1903979),0.8407753876960402,0.916387140750885,7
Secretion (GO:0046903),0.8405588073209577,0.924101710319519,12
Lipid Oxidation (GO:0034440),0.8396975905773391,0.9147624373435974,13
Nucleoside Diphosphate Catabolic Process (GO:0009134),0.839555955832041,0.9275588393211365,6
Regulation Of Small Molecule Metabolic Process (GO:0062012),0.8395479832235078,0.9306105375289917,40
Protein Import (GO:0017038),0.8390960187692745,0.9358336925506592,5
Negative Regulation Of Vascular Endothelial Growth Factor Receptor Signaling Pathway (GO:0030948),0.8383110173841443,0.929716944694519,10
Regulation Of Multicellular Organismal Development (GO:2000026),0.8381345526976424,0.9423649907112122,59
Positive Regulation Of Ubiquitin Protein Ligase Activity (GO:1904668),0.8379588457624324,0.9307194948196411,8
Negative Regulation Of Calcineurin-Mediated Signaling (GO:0106057),0.8376296494230437,0.9154781103134155,11
Negative Regulation Of calcineurin-NFAT Signaling Cascade (GO:0070885),0.8376296494230437,0.9154781103134155,11
Positive Regulation Of Cell Junction Assembly (GO:1901890),0.83754592290693,0.9423649907112122,61
Complement Receptor Mediated Signaling Pathway (GO:0002430),0.837538387341295,0.9299124479293823,11
"Regulation Of Alternative mRNA Splicing, Via Spliceosome (GO:0000381)",0.8374699709215152,0.9369482398033142,53
Positive Regulation Of Metaphase/Anaphase Transition Of Cell Cycle (GO:1902101),0.8372188364269286,0.9163774847984314,11
Positive Regulation Of Mitotic Metaphase/Anaphase Transition (GO:0045842),0.8372188364269286,0.9163774847984314,11
Mitotic Cytokinesis (GO:0000281),0.8372046369354947,0.9428689479827881,59
Nucleobase Transport (GO:0015851),0.8370129451442333,0.9283230304718018,5
Negative Regulation Of Signal Transduction (GO:0009968),0.8368259181461374,0.9841892123222351,267
"Neurotransmitter Receptor Transport, Endosome To Postsynaptic Membrane (GO:0098887)",0.8367684655420343,0.9201430678367615,6
"Neurotransmitter Receptor Transport, Endosome To Plasma Membrane (GO:0099639)",0.8367684655420343,0.9201430678367615,7
Positive Regulation Of NF-kappaB Transcription Factor Activity (GO:0051092),0.8366545732390572,0.9685500860214233,152
piRNA Processing (GO:0034587),0.8365164339419435,0.924101710319519,19
Negative Regulation By Host Of Viral Genome Replication (GO:0044828),0.8364805612486748,0.9358336925506592,8
Somatic Hypermutation Of Immunoglobulin Genes (GO:0016446),0.8363462847023208,0.9201927185058594,7
Negative Regulation Of Blood Vessel Morphogenesis (GO:2000181),0.8363153193828454,0.9481950402259827,77
Maintenance Of Blood-Brain Barrier (GO:0035633),0.8362911709439741,0.9312936663627625,29
Plasma Membrane To Endosome Transport (GO:0048227),0.8358964333351256,0.9158897399902344,7
Homophilic Cell Adhesion Via Plasma Membrane Adhesion Molecules (GO:0007156),0.8357605742579897,0.9458697438240051,60
Neuron Apoptotic Process (GO:0051402),0.835118917511939,0.9299124479293823,19
Neuromuscular Process Controlling Balance (GO:0050885),0.8350450836591844,0.9103291630744934,13
HALLMARK_BILE_ACID_METABOLISM,0.834959692553864,0.9615277051925659,112
"Regulation Of Nuclear-Transcribed mRNA Catabolic Process, Nonsense-Mediated Decay (GO:2000622)",0.8345353242828352,0.9267412424087524,10
Negative Regulation Of Dephosphorylation (GO:0035305),0.8341836654668299,0.9150453209877014,10
Regulation Of Neuron Projection Development (GO:0010975),0.8341072006988742,0.9723896980285645,174
Protein Localization To Endoplasmic Reticulum Exit Site (GO:0070973),0.8340106773737955,0.9243924617767334,6
Positive Regulation Of I-kappaB Phosphorylation (GO:1903721),0.8339920443951047,0.9301238656044006,5
Positive Regulation Of JNK Cascade (GO:0046330),0.8335818461165946,0.9481950402259827,77
Organelle Assembly (GO:0070925),0.833224336702878,0.9866726994514465,322
Regulation Of Interleukin-5 Production (GO:0032674),0.83293744173087,0.9257904887199402,12
Leukotriene D4 Metabolic Process (GO:1901748),0.832786439833721,0.9201927185058594,11
Cytoskeleton Organization (GO:0007010),0.8324331013906785,0.9621114134788513,111
Negative Regulation Of Receptor Signaling Pathway Via JAK-STAT (GO:0046426),0.8321939564670127,0.9270200729370117,16
Hepatocyte Differentiation (GO:0070365),0.8317831996384473,0.9299124479293823,5
Ribosome-Associated Ubiquitin-Dependent Protein Catabolic Process (GO:1990116),0.830962439553128,0.9299124479293823,6
Regulation Of Mitochondrion Organization (GO:0010821),0.8308956920563791,0.9387374520301819,50
Positive Regulation Of Histone Deacetylation (GO:0031065),0.8307664312847377,0.9299124479293823,13
Positive Regulation Of Regulatory T Cell Differentiation (GO:0045591),0.830167814900055,0.9367090463638306,17
Regulation Of Cellular Component Organization (GO:0051128),0.8301612104389953,0.968630313873291,153
Regulation Of Glycolytic Process (GO:0006110),0.8299171639693673,0.938399076461792,40
Valine Metabolic Process (GO:0006573),0.8299032520793111,0.9294930100440979,5
Positive Regulation Of Protein Localization To Centrosome (GO:1904781),0.8296009387784363,0.9362549781799316,6
Peptidyl-Threonine Phosphorylation (GO:0018107),0.8292743782498432,0.9416543841362,58
Positive Regulation Of Fat Cell Differentiation (GO:0045600),0.8291690907143288,0.938784658908844,50
Regulation Of Cardiac Conduction (GO:1903779),0.8289677245016522,0.916387140750885,21
Regulation Of Myeloid Cell Differentiation (GO:0045637),0.8287813766840005,0.9358336925506592,26
Post-Transcriptional Gene Silencing (GO:0016441),0.8286590955824136,0.9290329217910767,11
Regulation Of Wnt Signaling Pathway (GO:0030111),0.8284949950365584,0.9625669121742249,109
Neural Tube Closure (GO:0001843),0.8280500599792667,0.9299124479293823,32
Negative Chemotaxis (GO:0050919),0.8275615834698065,0.9319002628326416,31
Cellular Response To Epidermal Growth Factor Stimulus (GO:0071364),0.8271164343745915,0.9295211434364319,27
Response To Chemokine (GO:1990868),0.8265447835755406,0.916387140750885,13
Neuron Projection Maintenance (GO:1990535),0.8265440941738847,0.9294930100440979,10
Synaptic Vesicle Cycle (GO:0099504),0.826512961731464,0.9367090463638306,37
Response To Sterol (GO:0036314),0.8261834514332936,0.9224751591682434,10
Regulation Of Pseudopodium Assembly (GO:0031272),0.8259468292364042,0.9299202561378479,11
Positive Regulation Of Pseudopodium Assembly (GO:0031274),0.8259468292364042,0.9299202561378479,11
Membrane Repolarization (GO:0086009),0.8258999507596843,0.9253324270248413,18
Cell-Matrix Adhesion (GO:0007160),0.8257537311319737,0.962426483631134,109
Positive Regulation Of Endothelial Cell Proliferation (GO:0001938),0.8256739152454995,0.9485811591148376,77
Regulation Of Toll-Like Receptor 9 Signaling Pathway (GO:0034163),0.8255529309302015,0.9294930100440979,10
Response To Epidermal Growth Factor (GO:0070849),0.8245047093521491,0.9337093830108643,30
Cleavage Furrow Formation (GO:0036089),0.8244504324426005,0.938399076461792,6
Skeletal System Development (GO:0001501),0.8242181487150438,0.9749619364738464,149
Positive Regulation Of Cardiac Muscle Hypertrophy (GO:0010613),0.8242145831820331,0.9154969453811646,17
Regulation Of mRNA Metabolic Process (GO:1903311),0.8234630145026332,0.9369482398033142,15
Blood Vessel Diameter Maintenance (GO:0097746),0.8229883092598183,0.938784658908844,36
Positive Regulation Of Activin Receptor Signaling Pathway (GO:0032927),0.8227119229082894,0.9267412424087524,5
Postsynapse Organization (GO:0099173),0.8226452907006193,0.9295211434364319,7
Protein Localization To Non-Motile Cilium (GO:0097499),0.822245967554428,0.938784658908844,5
Sterol Biosynthetic Process (GO:0016126),0.821940525033754,0.9366118907928467,28
Regulation Of Focal Adhesion Assembly (GO:0051893),0.8217852751553633,0.9469691514968872,54
Regulation Of Cytoskeleton Organization (GO:0051493),0.8216765298573615,0.9696184396743774,114
"Negative Regulation Of Gene Expression, Epigenetic (GO:0045814)",0.8212584040649141,0.9423649907112122,51
Chondroitin Sulfate Metabolic Process (GO:0030204),0.8212268987093175,0.9208316802978516,16
Negative Regulation Of Lipid Metabolic Process (GO:0045833),0.8206568831005128,0.9381622672080994,26
Golgi To Plasma Membrane Protein Transport (GO:0043001),0.820603247950204,0.9367090463638306,28
Response To Magnesium Ion (GO:0032026),0.8205823451715869,0.9287904500961304,8
Oligosaccharide Biosynthetic Process (GO:0009312),0.8204519424187671,0.9367414712905884,22
Negative Regulation Of Developmental Process (GO:0051093),0.8198327000727188,0.962426483631134,109
Positive Regulation Of Substrate Adhesion-Dependent Cell Spreading (GO:1900026),0.8197428156731682,0.9369482398033142,35
Positive Regulation Of Gluconeogenesis (GO:0045722),0.8195440901378699,0.924101710319519,7
Negative Regulation Of Neuron Projection Development (GO:0010977),0.8195149428593612,0.9428689479827881,54
Negative Regulation Of Protein Localization To Nucleus (GO:1900181),0.8191902855037004,0.9375592470169067,22
snRNA Processing (GO:0016180),0.8188523237908227,0.9362549781799316,19
ncRNA-mediated Post-Transcriptional Gene Silencing (GO:0035194),0.8185837501905339,0.92833411693573,18
post-Golgi Vesicle-Mediated Transport (GO:0006892),0.8185127481912734,0.9520267248153687,56
Response To Amyloid-Beta (GO:1904645),0.8183404107788671,0.9423649907112122,43
Biogenic Amine Biosynthetic Process (GO:0042401),0.8182470714383581,0.9287904500961304,11
Sulfur Amino Acid Catabolic Process (GO:0000098),0.8182371159182714,0.9358096122741699,6
Negative Regulation Of Cytoskeleton Organization (GO:0051494),0.817876717115984,0.9358336925506592,28
Regulation Of Mitochondrial Fission (GO:0090140),0.816329004118867,0.9373079538345337,27
Positive Regulation Of Carbohydrate Metabolic Process (GO:0045913),0.8162928875344707,0.9375592470169067,34
Cell Junction Organization (GO:0034330),0.8161094589482111,0.9531248211860657,62
Establishment Of Spindle Localization (GO:0051293),0.8160463155012533,0.9275588393211365,14
Antifungal Innate Immune Response (GO:0061760),0.8160426334970561,0.9351300001144409,16
7-Methylguanosine RNA Capping (GO:0009452),0.8160425095842158,0.9416543841362,5
Positive Regulation Of Transcription By RNA Polymerase III (GO:0045945),0.8146717560562422,0.9373079538345337,15
Negative Regulation Of Multicellular Organismal Process (GO:0051241),0.8142561501458859,0.9835646748542786,231
Organelle Fusion (GO:0048284),0.8137350746876615,0.941102147102356,26
Protein Phosphorylation (GO:0006468),0.8135197693419831,0.9986312985420227,500
Integrin Activation (GO:0033622),0.8134191656114246,0.9358336925506592,8
Dermatan Sulfate Proteoglycan Biosynthetic Process (GO:0050651),0.8133743144924509,0.938784658908844,7
Negative Regulation Of Steroid Biosynthetic Process (GO:0010894),0.8131111751335532,0.938784658908844,10
Dendrite Self-Avoidance (GO:0070593),0.8129907321253104,0.9294930100440979,12
Monoatomic Anion Transmembrane Transport (GO:0098656),0.8128090178497658,0.9520267248153687,54
Organic Cyclic Compound Catabolic Process (GO:1901361),0.8125386653559326,0.9290633797645569,11
Multinuclear Osteoclast Differentiation (GO:0072674),0.8123652924748928,0.9373079538345337,5
Negative Regulation Of Cell-Cell Adhesion Mediated By Cadherin (GO:2000048),0.8121761727025729,0.9358336925506592,9
Positive Regulation Of Transcription By RNA Polymerase II (GO:0045944),0.8121535612258387,1.0,938
Glycerol Metabolic Process (GO:0006071),0.8120679284360235,0.9358336925506592,11
Positive Regulation Of Protein Kinase C Signaling (GO:0090037),0.8112195111832097,0.9381622672080994,8
Response To Nutrient Levels (GO:0031667),0.8106416443421665,0.9481950402259827,35
Protein Prenylation (GO:0018342),0.8104106561923221,0.9375592470169067,10
Regulation Of Monoatomic Cation Transmembrane Transport (GO:1904062),0.810288214025523,0.938784658908844,39
Peptidyl-Tyrosine Autophosphorylation (GO:0038083),0.8102003165434621,0.9299124479293823,13
Negative Regulation Of Receptor Signaling Pathway Via STAT (GO:1904893),0.8099502522843602,0.9350575804710388,14
Regulation Of Endothelial Cell Migration (GO:0010594),0.8096223526482401,0.9638040065765381,88
Lung Epithelium Development (GO:0060428),0.8091841159997494,0.938784658908844,9
Primary miRNA Processing (GO:0031053),0.8091285911441378,0.9345225095748901,12
Autophagosome-Lysosome Fusion (GO:0061909),0.8088975747287831,0.938784658908844,8
Organelle Membrane Fusion (GO:0090174),0.8087147191901861,0.9406908750534058,26
Negative Regulation Of Peptide Hormone Secretion (GO:0090278),0.8080413154461297,0.9387374520301819,18
Negative Regulation Of Smooth Muscle Cell Apoptotic Process (GO:0034392),0.8079231474316328,0.938784658908844,6
Protein Localization To Cell Junction (GO:1902414),0.8076070574954716,0.938784658908844,23
Multi-Ciliated Epithelial Cell Differentiation (GO:1903251),0.8075508732247108,0.9369482398033142,7
Positive Regulation Of Signaling (GO:0023056),0.807545821335545,0.9423649907112122,37
Cellular Response To Interleukin-12 (GO:0071349),0.8068410483910544,0.9387374520301819,10
Negative Regulation Of Lymphocyte Apoptotic Process (GO:0070229),0.8067948654511282,0.9299124479293823,9
Regulation Of Embryonic Development (GO:0045995),0.8067362321892144,0.9566853046417236,62
Retrograde Axonal Transport (GO:0008090),0.8063620395082947,0.9332448840141296,15
Cellular Response To Peptide Hormone Stimulus (GO:0071375),0.8059672952226028,0.9629566073417664,89
Double-Strand Break Repair Via Classical Nonhomologous End Joining (GO:0097680),0.805891490368447,0.9429375529289246,5
Plasma Membrane Bounded Cell Projection Organization (GO:0120036),0.8058542022525549,0.9754729866981506,132
Positive Regulation Of Signal Transduction (GO:0009967),0.8055591805470106,0.9939457178115845,266
Lamellipodium Organization (GO:0097581),0.8053634264805468,0.9423649907112122,30
Regulation Of Intracellular Signal Transduction (GO:1902531),0.8051025097879094,0.9956305027008057,297
TORC2 Signaling (GO:0038203),0.8050103785282785,0.9423649907112122,5
Sympathetic Ganglion Development (GO:0061549),0.8048186407658858,0.9381622672080994,8
Defense Response To Tumor Cell (GO:0002357),0.8046907059386031,0.9373079538345337,12
Positive Regulation Of Protein Localization To Membrane (GO:1905477),0.8044485691131937,0.9660130143165588,79
Regulation Of Immunoglobulin Mediated Immune Response (GO:0002889),0.8040673306153419,0.9368387460708618,5
Positive Regulation Of Cyclase Activity (GO:0031281),0.8035805496375011,0.9371404051780701,13
Rap Protein Signal Transduction (GO:0032486),0.8029419001923687,0.9331814050674438,10
Pyrimidine Deoxyribonucleotide Catabolic Process (GO:0009223),0.8026774975316682,0.9367090463638306,12
Histone H4 Acetylation (GO:0043967),0.8024964815185197,0.9509961009025574,39
Small GTPase Mediated Signal Transduction (GO:0007264),0.8023723383688484,0.9696784615516663,112
"Retrograde Transport, Vesicle Recycling Within Golgi (GO:0000301)",0.8023124708171705,0.938784658908844,8
C-terminal Protein Lipidation (GO:0006501),0.8022935859229844,0.9423649907112122,5
Cellular Response To Oxidised Low-Density Lipoprotein Particle Stimulus (GO:0140052),0.8021931807927901,0.9371528029441833,9
N-terminal Protein Amino Acid Acetylation (GO:0006474),0.8020911934035334,0.938784658908844,15
Positive Regulation Of Peptidyl-Serine Phosphorylation Of STAT Protein (GO:0033141),0.8016127769622858,0.9381622672080994,17
Regulation Of Catecholamine Secretion (GO:0050433),0.8014935347477969,0.9393910765647888,27
Negative Regulation Of Gene Expression Via CpG Island Methylation (GO:0044027),0.8007577445113775,0.9453545212745667,5
Urogenital System Development (GO:0001655),0.8002675927741867,0.9369482398033142,10
Negative Regulation Of Glycogen Metabolic Process (GO:0070874),0.8002308836639428,0.938784658908844,6
Monoatomic Cation Transport (GO:0006812),0.7998714977640509,0.95181804895401,42
Constitutive Heterochromatin Formation (GO:0140719),0.7998506465077374,0.9449488520622253,8
Negative Regulation Of Smoothened Signaling Pathway (GO:0045879),0.7997188758821189,0.9443766474723816,25
Positive Regulation Of Tooth Mineralization (GO:0070172),0.7996729513646376,0.938784658908844,7
Eye Photoreceptor Cell Differentiation (GO:0001754),0.7996439704889092,0.938784658908844,12
Negative Regulation Of DNA-templated Transcription (GO:0045892),0.7996052666072014,1.0,1025
Regulation Of Microglial Cell Migration (GO:1904139),0.7993518331100645,0.9443766474723816,6
Regulation Of Nitric-Oxide Synthase Biosynthetic Process (GO:0051769),0.7992542130528406,0.9369482398033142,13
Protein Modification By Small Protein Conjugation Or Removal (GO:0070647),0.7992241321087526,0.9485811591148376,5
Regulation Of Protein Localization To Cilium (GO:1903564),0.7991797809754702,0.9423649907112122,7
Activation Of Protein Kinase Activity (GO:0032147),0.7990475215874082,0.9638040065765381,81
Regulation Of Interleukin-1 Production (GO:0032652),0.7986372096107767,0.9358336925506592,16
Negative Regulation Of Immune Effector Process (GO:0002698),0.7984223041102125,0.9367414712905884,15
Glycine Metabolic Process (GO:0006544),0.7975594631431487,0.9453545212745667,7
Positive Regulation Of Cell-Substrate Adhesion (GO:0010811),0.7973600247953294,0.962426483631134,71
Positive Regulation Of Secretion (GO:0051047),0.7967124684901241,0.9373079538345337,15
Vitamin D Metabolic Process (GO:0042359),0.7966693437259156,0.938784658908844,11
Mesenchymal To Epithelial Transition (GO:0060231),0.7963236423191871,0.9409402012825012,9
Regulation Of Meiotic Nuclear Division (GO:0040020),0.7961276222402223,0.9428689479827881,7
Negative Regulation Of Cell Differentiation (GO:0045596),0.7961245466334712,0.9884334206581116,207
Intracellular Sodium Ion Homeostasis (GO:0006883),0.7941810466939427,0.9423649907112122,18
7-Methylguanosine mRNA Capping (GO:0006370),0.7941404168928322,0.9450240731239319,6
Inositol Phosphate Biosynthetic Process (GO:0032958),0.7935416555155579,0.9373079538345337,10
Regulation Of Cytoplasmic Translational Elongation (GO:1900247),0.7928464964278565,0.9450240731239319,7
Endochondral Bone Morphogenesis (GO:0060350),0.7927558747665213,0.9423649907112122,12
Sarcoplasmic Reticulum Calcium Ion Transport (GO:0070296),0.7923830951192773,0.938784658908844,10
Regulation Of Myeloid Leukocyte Mediated Immunity (GO:0002886),0.7921493555660217,0.9428689479827881,9
Negative Regulation Of Transposition (GO:0010529),0.7921178664655038,0.9520267248153687,25
Actin Crosslink Formation (GO:0051764),0.7921060210974337,0.9428689479827881,11
Regulation Of Chaperone-Mediated Autophagy (GO:1904714),0.792075517899159,0.9416543841362,7
Positive Regulation Of Epithelial Cell Differentiation Involved In Kidney Development (GO:2000698),0.791873345189959,0.9454425573348999,5
Receptor Catabolic Process (GO:0032801),0.7917215865277766,0.9450240731239319,15
Positive Regulation Of Sodium Ion Transmembrane Transport (GO:1902307),0.7915847242244489,0.9381622672080994,9
Positive Regulation Of Sprouting Angiogenesis (GO:1903672),0.7911331175228401,0.9399123191833496,15
Negative Regulation Of RIG-I Signaling Pathway (GO:0039536),0.7905337104546578,0.9429375529289246,6
Response To Corticosteroid (GO:0031960),0.7901175759943356,0.9457187652587891,10
Positive Regulation Of Brown Fat Cell Differentiation (GO:0090336),0.789816194547455,0.9362549781799316,13
Peptidyl-Lysine Monomethylation (GO:0018026),0.7894710329540995,0.9423649907112122,8
Regulation Of Kinase Activity (GO:0043549),0.7893907424925419,0.9754729866981506,85
Positive Regulation Of Notch Signaling Pathway (GO:0045747),0.7892707649654618,0.95181804895401,33
Regulation Of Osteoblast Proliferation (GO:0033688),0.7889615533628729,0.9423649907112122,16
Mast Cell Mediated Immunity (GO:0002448),0.7887275992659358,0.938784658908844,11
Regulation Of Leukocyte Degranulation (GO:0043300),0.7882042326363307,0.9443766474723816,7
Regulation Of Natural Killer Cell Mediated Cytotoxicity Directed Against Tumor Cell Target (GO:0002858),0.7878507963531,0.9423649907112122,7
HALLMARK_WNT_BETA_CATENIN_SIGNALING,0.7875786380888274,0.9520267248153687,42
Regulation Of Short-Term Neuronal Synaptic Plasticity (GO:0048172),0.78718760092671,0.9448906183242798,13
Positive Regulation Of Proteasomal Ubiquitin-Dependent Protein Catabolic Process (GO:0032436),0.7871494068680486,0.968630313873291,83
Regulation Of Transcription Involved In G1/S Transition Of Mitotic Cell Cycle (GO:0000083),0.7870550736561582,0.938784658908844,19
Positive Regulation Of Ion Transmembrane Transporter Activity (GO:0032414),0.786853961779328,0.9520267248153687,33
Intracellular Monoatomic Ion Homeostasis (GO:0006873),0.7862380829205473,0.9454425573348999,20
Positive Regulation Of Granulocyte Macrophage Colony-Stimulating Factor Production (GO:0032725),0.7861022108531777,0.9428689479827881,13
Substrate Adhesion-Dependent Cell Spreading (GO:0034446),0.7852451135007565,0.9520267248153687,36
Cellular Response To Alkaloid (GO:0071312),0.7850623763439271,0.9457187652587891,17
Positive Regulation Of Synaptic Plasticity (GO:0031915),0.7847313514065031,0.9448906183242798,6
Activation Of GTPase Activity (GO:0090630),0.7846928349635311,0.9754729866981506,102
Ganglion Development (GO:0061548),0.784173620451213,0.9429375529289246,11
Regulation Of Receptor Internalization (GO:0002090),0.783851276916965,0.9609882831573486,36
Positive Regulation Of Hormone Secretion (GO:0046887),0.7836159301381264,0.9481950402259827,19
Spinal Cord Development (GO:0021510),0.7832181871012717,0.9490473866462708,12
Negative Regulation Of Endothelial Cell Migration (GO:0010596),0.7830869299844371,0.9621114134788513,37
Plasma Membrane Bounded Cell Projection Morphogenesis (GO:0120039),0.7829659006561156,0.962426483631134,50
Negative Regulation Of Transcription From RNA Polymerase II Promoter In Response To Stress (GO:0097201),0.7828809899657482,0.9592992067337036,5
Regulation Of Protein Glycosylation (GO:0060049),0.7828286562817897,0.9509961009025574,7
Cellular Response To Monoamine Stimulus (GO:0071868),0.7825387624761275,0.9531248211860657,6
Protein Localization To Centrosome (GO:0071539),0.7818393241225953,0.9497280120849609,17
Positive Regulation Of Hormone Metabolic Process (GO:0032352),0.7818326288832121,0.9490473866462708,6
Positive Regulation Of Protein Localization (GO:1903829),0.7816749025425156,0.968630313873291,85
"Heparan Sulfate Proteoglycan Biosynthetic Process, Polysaccharide Chain Biosynthetic Process (GO:0015014)",0.7815791586774758,0.9520267248153687,7
N-terminal Peptidyl-Methionine Acetylation (GO:0017196),0.7811903956619206,0.9520267248153687,7
Positive Regulation Of Leukocyte Tethering Or Rolling (GO:1903238),0.7800013525745582,0.9517772793769836,6
Regulation Of Hormone Secretion (GO:0046883),0.7799839313111336,0.9481950402259827,15
Estrogen Biosynthetic Process (GO:0006703),0.7799177022596546,0.9547302722930908,7
Negative Regulation Of Insulin Secretion (GO:0046676),0.7798493565694538,0.9445807933807373,17
Regulation Of Myelination (GO:0031641),0.7797350806584259,0.9520267248153687,25
Intracellular Cholesterol Transport (GO:0032367),0.7790805960433889,0.9434857368469238,16
Regulation Of DNA-templated Transcription (GO:0006355),0.7788188500187161,1.0,1922
Hemopoiesis (GO:0030097),0.7785625476581259,0.9754729866981506,101
Positive Regulation Of GTPase Activity (GO:0043547),0.7785597268057135,0.9956305027008057,234
Myeloid Dendritic Cell Differentiation (GO:0043011),0.7784806018017327,0.9467391967773438,9
Regulation Of Superoxide Metabolic Process (GO:0090322),0.7779179322261065,0.9551028609275818,5
Phospholipid Dephosphorylation (GO:0046839),0.7776268656089416,0.9581931829452515,30
Positive Regulation Of Nitrogen Compound Metabolic Process (GO:0051173),0.7775313827739793,0.9547302722930908,33
Adenylate Cyclase-Inhibiting Serotonin Receptor Signaling Pathway (GO:0007198),0.7768422091891557,0.95181804895401,6
Positive Regulation Of Blood Vessel Endothelial Cell Proliferation Involved In Sprouting Angiogenesis (GO:1903589),0.7766754964693438,0.9458377957344055,8
Regulation Of Heart Rate By Cardiac Conduction (GO:0086091),0.7766203998993164,0.962426483631134,41
Positive Regulation Of Stress Fiber Assembly (GO:0051496),0.7764115114765597,0.962426483631134,43
Catecholamine Biosynthetic Process (GO:0042423),0.775967859709961,0.9429375529289246,11
Positive Regulation Of Epithelial Cell Proliferation Involved In Wound Healing (GO:0060054),0.7756240836773309,0.9454189538955688,8
Chloride Transport (GO:0006821),0.7754457724394804,0.968630313873291,77
Glucan Biosynthetic Process (GO:0009250),0.7754179440373337,0.9423649907112122,9
Glycogen Biosynthetic Process (GO:0005978),0.7754179440373337,0.9423649907112122,9
Regulation Of Norepinephrine Secretion (GO:0014061),0.7753992505320207,0.9509961009025574,6
Regulation Of Saliva Secretion (GO:0046877),0.7752062138141874,0.9566853046417236,6
Positive Regulation Of Developmental Growth (GO:0048639),0.7745142966046961,0.9634825587272644,50
Arachidonic Acid Metabolic Process (GO:0019369),0.7736196188201306,0.9654465913772583,52
Ribonucleoside Bisphosphate Catabolic Process (GO:0034031),0.7735817881450318,0.9513105750083923,8
Purine Nucleoside Bisphosphate Catabolic Process (GO:0034034),0.7735817881450318,0.9513105750083923,8
Medium-Chain fatty-acyl-CoA Metabolic Process (GO:0036112),0.7732422027891319,0.9520267248153687,5
Positive Regulation Of Glucose Import (GO:0046326),0.7731976581392169,0.952752411365509,25
Negative Regulation Of Actin Filament Bundle Assembly (GO:0032232),0.7731779748910906,0.9520267248153687,28
Regulation Of Fat Cell Differentiation (GO:0045598),0.7728083871440189,0.9723966717720032,75
Regulation Of Osteoclast Differentiation (GO:0045670),0.7722763570675626,0.9609882831573486,42
Negative Regulation Of Biomineral Tissue Development (GO:0070168),0.7721763130331467,0.9592992067337036,21
Ketone Biosynthetic Process (GO:0042181),0.7717562938622672,0.9509961009025574,9
Cobalamin Metabolic Process (GO:0009235),0.7717511493735122,0.9485811591148376,7
Negative Regulation Of DNA Replication (GO:0008156),0.7716160930940955,0.9469691514968872,15
Regulation Of Protein ADP-ribosylation (GO:0010835),0.7715014680831425,0.955181896686554,8
Regulation Of Mitochondrial Fusion (GO:0010635),0.7712548833745214,0.9504530429840088,11
Female Gonad Development (GO:0008585),0.7711097741596601,0.9520267248153687,5
Histone H2A Ubiquitination (GO:0033522),0.7710831293307561,0.9428689479827881,11
Mitochondrial Protein Processing (GO:0034982),0.7701826675816829,0.9501917958259583,10
Positive Regulation Of mRNA Catabolic Process (GO:0061014),0.7701345705182946,0.9625669121742249,45
Positive Regulation Of Peptidyl-Lysine Acetylation (GO:2000758),0.7701243309534106,0.9416543841362,17
Negative Regulation Of Glycogen Biosynthetic Process (GO:0045719),0.769788417358995,0.9520267248153687,5
Regulation Of Digestive System Process (GO:0044058),0.7697782770187281,0.9592992067337036,6
Dermatan Sulfate Proteoglycan Metabolic Process (GO:0050655),0.7697219214705385,0.952752411365509,5
Regulation Of Smooth Muscle Cell Apoptotic Process (GO:0034391),0.7696932177630229,0.9434857368469238,10
Negative Regulation Of Natural Killer Cell Mediated Immunity (GO:0002716),0.7691559797524377,0.9481950402259827,10
Negative Regulation Of Fatty Acid Metabolic Process (GO:0045922),0.7690240055133646,0.9572581648826599,19
Sensory Organ Morphogenesis (GO:0090596),0.768780945731564,0.9525627493858337,8
Negative Regulation Of Mitochondrial Fusion (GO:0010637),0.7676681422170587,0.9531248211860657,7
Negative Regulation Of Protein Modification By Small Protein Conjugation Or Removal (GO:1903321),0.7673333903983166,0.9696184396743774,54
Macrophage Chemotaxis (GO:0048246),0.7671533729684651,0.9509961009025574,11
Response To Glucocorticoid (GO:0051384),0.7669879066668477,0.9509961009025574,26
Astral Microtubule Organization (GO:0030953),0.7660034791173241,0.9520267248153687,8
snRNA Metabolic Process (GO:0016073),0.7656983006225581,0.9531248211860657,21
T-helper Cell Differentiation (GO:0042093),0.7654174305906183,0.9544295072555542,18
Regulation Of Rho Protein Signal Transduction (GO:0035023),0.7650320478052252,0.9718191623687744,73
Positive Regulation Of ERK1 And ERK2 Cascade (GO:0070374),0.7649307080346782,0.9939457178115845,179
Amino-Acid Betaine Metabolic Process (GO:0006577),0.7649269743007037,0.9509027004241943,6
Negative Regulation Of Peptidyl-Threonine Phosphorylation (GO:0010801),0.7637873164601038,0.9481950402259827,14
Organelle Disassembly (GO:1903008),0.7637346985810872,0.9696184396743774,54
Negative Regulation Of Small GTPase Mediated Signal Transduction (GO:0051058),0.762856982338762,0.9584229588508606,20
Regulation Of Plasma Membrane Bounded Cell Projection Assembly (GO:0120032),0.7618059715974986,0.977249264717102,75
Synaptic Vesicle Recycling (GO:0036465),0.7616112105122034,0.968630313873291,44
Regulation Of Lysosomal Protein Catabolic Process (GO:1905165),0.7616095556570585,0.9581931829452515,8
acetyl-CoA Metabolic Process (GO:0006084),0.760840888316343,0.9520267248153687,16
Nervous System Development (GO:0007399),0.7608007352194962,1.0,433
Cytoplasmic Microtubule Organization (GO:0031122),0.7597421045430259,0.968630313873291,48
Positive Regulation Of T Cell Cytokine Production (GO:0002726),0.7597346900315295,0.9520267248153687,21
Neuron Projection Development (GO:0031175),0.7596220802583528,0.9956305027008057,192
Release Of Sequestered Calcium Ion Into Cytosol By Sarcoplasmic Reticulum (GO:0014808),0.7594320014809419,0.9513105750083923,6
Negative Regulation Of GTPase Activity (GO:0034260),0.7593835176729103,0.9547302722930908,21
Positive Regulation Of Stem Cell Differentiation (GO:2000738),0.7590013576249525,0.9509961009025574,17
Dermatan Sulfate Metabolic Process (GO:0030205),0.7588726883305762,0.9609882831573486,5
Calcium Ion Transport (GO:0006816),0.7583522746999246,0.9840949773788452,112
Dorsal/Ventral Pattern Formation (GO:0009953),0.7582940461580214,0.9553412199020386,27
mRNA Destabilization (GO:0061157),0.7581516591378253,0.968630313873291,43
DNA-templated Transcription Termination (GO:0006353),0.7579227912513221,0.9520267248153687,16
Depyrimidination (GO:0045008),0.757786863253681,0.9571468830108643,7
Positive Regulation Of Neurotransmitter Secretion (GO:0001956),0.7575102708710613,0.9596343040466309,6
Granulocyte Activation (GO:0036230),0.7575097718558478,0.9520267248153687,12
Catecholamine Catabolic Process (GO:0042424),0.7568333569486653,0.9614194631576538,7
Dopamine Catabolic Process (GO:0042420),0.7568333569486653,0.9614194631576538,7
Hexose Catabolic Process (GO:0019320),0.7561663277747701,0.9520267248153687,5
Mitophagy (GO:0000423),0.7561594201184433,0.9547302722930908,16
Autophagy Of Nucleus (GO:0044804),0.7558274998076734,0.9621114134788513,18
Regulation Of Substrate Adhesion-Dependent Cell Spreading (GO:1900024),0.75577902471771,0.968630313873291,51
Protein Localization To Cell Periphery (GO:1990778),0.7556005284185999,0.9896278977394104,142
Response To Cholesterol (GO:0070723),0.7554713433745625,0.9547302722930908,18
Regulation Of Long-Term Synaptic Potentiation (GO:1900271),0.7554382773277717,0.962426483631134,31
Positive Regulation Of Cardiac Muscle Cell Differentiation (GO:2000727),0.7550988879027549,0.9634825587272644,5
Cellular Response To Reactive Oxygen Species (GO:0034614),0.7548679320387158,0.9754729866981506,73
Positive Regulation Of G1/S Transition Of Mitotic Cell Cycle (GO:1900087),0.7548404775196145,0.9596343040466309,31
Actin Filament Bundle Organization (GO:0061572),0.7547181749368528,0.9634825587272644,33
Innate Immune Response-Activating Signaling Pathway (GO:0002758),0.7542516859054953,0.9592992067337036,16
Entrainment Of Circadian Clock By Photoperiod (GO:0043153),0.7542479286061166,0.9547004699707031,23
Central Nervous System Development (GO:0007417),0.754034752744481,0.9983068704605103,283
Phosphatidylglycerol Metabolic Process (GO:0046471),0.7533728981344002,0.9566853046417236,20
Regulation Of Post-Transcriptional Gene Silencing By RNA (GO:1900368),0.7527707178363693,0.962426483631134,5
Carbohydrate Biosynthetic Process (GO:0016051),0.752583340563387,0.962426483631134,25
Cellular Response To Increased Oxygen Levels (GO:0036295),0.7525326578780523,0.9509961009025574,10
Regulation Of ERBB Signaling Pathway (GO:1901184),0.7524395027408093,0.9541234970092773,13
Stem Cell Development (GO:0048864),0.7524037237199043,0.9520267248153687,15
Cell-Cell Adhesion Via Plasma-Membrane Adhesion Molecules (GO:0098742),0.7523120399818412,0.9956305027008057,172
Histone H3-K14 Acetylation (GO:0044154),0.7520063757516001,0.9547302722930908,10
Cell Projection Assembly (GO:0030031),0.7515820814608453,0.9520267248153687,12
Cellular Response To cAMP (GO:0071320),0.7514987123015742,0.962426483631134,31
Potassium Ion Export Across Plasma Membrane (GO:0097623),0.7501620343566601,0.9520267248153687,13
Protein Localization To Microtubule Organizing Center (GO:1905508),0.7501537592613835,0.9531248211860657,15
Positive Regulation Of Cold-Induced Thermogenesis (GO:0120162),0.749956272911259,0.9860379695892334,98
Cell-Cell Junction Assembly (GO:0007043),0.749501834318015,0.977199137210846,71
Non-Membrane-Bounded Organelle Assembly (GO:0140694),0.7493091051499082,0.9848583936691284,135
Negative Regulation Of Neuron Projection Regeneration (GO:0070571),0.7492570230616132,0.9634825587272644,6
Atrial Cardiac Muscle Cell Action Potential (GO:0086014),0.7489475708128904,0.9547302722930908,12
"Heparan Sulfate Proteoglycan Biosynthetic Process, Enzymatic Modification (GO:0015015)",0.7485177897895913,0.9592992067337036,10
Apical Junction Assembly (GO:0043297),0.7480913952247125,0.9695181250572205,54
Regulation Of Cytoplasmic Transport (GO:1903649),0.7477274693113729,0.952710747718811,11
Dopaminergic Neuron Differentiation (GO:0071542),0.74701040955122,0.9592992067337036,19
Presynaptic Endocytosis (GO:0140238),0.7465988608273484,0.9677273631095886,31
Positive Regulation Of Lipid Biosynthetic Process (GO:0046889),0.7462870437412521,0.9695181250572205,39
Stress-Activated Protein Kinase Signaling Cascade (GO:0031098),0.7453248259227548,0.9621114134788513,20
Negative Regulation Of Signaling Receptor Activity (GO:2000272),0.7446956137131991,0.962426483631134,25
Negative Regulation Of Nuclear Division (GO:0051784),0.7437632028327091,0.9570273756980896,10
Regulation Of JNK Cascade (GO:0046328),0.7433437916190355,0.9863744974136353,110
Regulation Of Low-Density Lipoprotein Particle Clearance (GO:0010988),0.7430354143595137,0.9612501859664917,10
Phospholipase C-activating G Protein-Coupled Receptor Signaling Pathway (GO:0007200),0.7428920501327305,0.9829568862915039,83
Peptidyl-Lysine Acetylation (GO:0018394),0.7427015510440952,0.9571468830108643,9
Positive Regulation Of Bone Mineralization (GO:0030501),0.7423483690540539,0.968630313873291,38
Positive Regulation Of CREB Transcription Factor Activity (GO:0032793),0.7418551067208798,0.9625669121742249,18
Endocytosis (GO:0006897),0.7417615951008777,0.9956305027008057,189
Homologous Chromosome Segregation (GO:0045143),0.7417262841692785,0.9638040065765381,22
Embryonic Cranial Skeleton Morphogenesis (GO:0048701),0.7416319204859071,0.9625829458236694,14
Negative Regulation Of Erythrocyte Differentiation (GO:0045647),0.7412793569739085,0.9634825587272644,5
Negative Regulation Of Cell Division (GO:0051782),0.7405905903773261,0.9533702731132507,11
Positive Regulation Of Megakaryocyte Differentiation (GO:0045654),0.7403614630491517,0.955181896686554,8
Spliceosomal tri-snRNP Complex Assembly (GO:0000244),0.7399905710715995,0.9625669121742249,13
Stress-Activated MAPK Cascade (GO:0051403),0.7399690244482999,0.9754729866981506,42
Negative Regulation Of JNK Cascade (GO:0046329),0.7397588160225484,0.9701788425445557,34
Positive Regulation Of Epidermal Growth Factor-Activated Receptor Activity (GO:0045741),0.7396940791315416,0.9541234970092773,10
Negative Regulation Of Chondrocyte Differentiation (GO:0032331),0.7395819794289585,0.961044430732727,14
Calcium Ion Homeostasis (GO:0055074),0.7390326457774491,0.9841892123222351,102
Oxoacid Metabolic Process (GO:0043436),0.7389802685886566,0.9621114134788513,22
Regulation Of Ventricular Cardiac Muscle Cell Action Potential (GO:0098911),0.7385864170647561,0.9634825587272644,11
Negative Regulation Of Receptor Internalization (GO:0002091),0.7385048777421721,0.9621114134788513,13
Positive Regulation Of Smooth Muscle Contraction (GO:0045987),0.7384280597857654,0.9587204456329346,9
"Nuclear-Transcribed mRNA Catabolic Process, Deadenylation-Dependent Decay (GO:0000288)",0.7379425980876743,0.9763391613960266,39
Double-Strand Break Repair Via Synthesis-Dependent Strand Annealing (GO:0045003),0.7374885564331434,0.9621114134788513,5
Purine Ribonucleoside Metabolic Process (GO:0046128),0.7374764977864363,0.962426483631134,6
Arginine Metabolic Process (GO:0006525),0.737434702771044,0.962426483631134,10
Positive Regulation Of Telomere Capping (GO:1904355),0.7370268171716198,0.963337242603302,16
Protein Autophosphorylation (GO:0046777),0.7370195137673683,0.9962587356567383,162
Second-Messenger-Mediated Signaling (GO:0019932),0.7368132451462718,0.9840949773788452,72
Heart Contraction (GO:0060047),0.7367306526263047,0.9638040065765381,41
Protein Heterooligomerization (GO:0051291),0.7364547147378283,0.9634825587272644,19
Xenobiotic Transport Across Blood-Brain Barrier (GO:1990962),0.7364344778972548,0.9611014723777771,5
Positive Regulation Of Sterol Transport (GO:0032373),0.7364171174629373,0.9638040065765381,5
Male Meiosis I (GO:0007141),0.7363942295849688,0.9624102711677551,16
Regulation Of Chemokine-Mediated Signaling Pathway (GO:0070099),0.7363545142803856,0.962426483631134,7
Positive Regulation Of NK T Cell Activation (GO:0051135),0.7363386749199486,0.962426483631134,8
Negative Regulation Of ERAD Pathway (GO:1904293),0.7354321272487306,0.9638040065765381,5
Negative Regulation Of Potassium Ion Transmembrane Transporter Activity (GO:1901017),0.7352639855029942,0.9634825587272644,9
Regulation Of Steroid Metabolic Process (GO:0019218),0.7351644548362251,0.9581931829452515,21
Signal Complex Assembly (GO:0007172),0.7349610623170384,0.9634825587272644,5
Negative Regulation Of Cellular Response To Growth Factor Stimulus (GO:0090288),0.7349418529451677,0.9829568862915039,71
Regulation Of Anatomical Structure Morphogenesis (GO:0022603),0.7349293197269186,0.9941684007644653,127
Regulation Of Voltage-Gated Calcium Channel Activity (GO:1901385),0.7348080499745893,0.9634825587272644,29
Regulation Of Rac Protein Signal Transduction (GO:0035020),0.7347366396365086,0.9634825587272644,15
Transcription Initiation At RNA Polymerase I Promoter (GO:0006361),0.7343778494888847,0.9634825587272644,7
Positive Regulation Of Oxidoreductase Activity (GO:0051353),0.7339524927445674,0.962426483631134,23
Positive Regulation Of Meiotic Nuclear Division (GO:0045836),0.7334850085990791,0.9638040065765381,7
Regulation Of Myeloid Leukocyte Differentiation (GO:0002761),0.732924908523159,0.9621114134788513,7
Negative Regulation Of Sprouting Angiogenesis (GO:1903671),0.7328724120417388,0.9638040065765381,10
Regulation Of B Cell Apoptotic Process (GO:0002902),0.7325748610787063,0.962426483631134,10
Positive Regulation Of Dendrite Morphogenesis (GO:0050775),0.7323890562804987,0.962426483631134,17
Regulation Of Glycogen Biosynthetic Process (GO:0005979),0.7318731049368437,0.968630313873291,25
Erythrose 4-Phosphate/Phosphoenolpyruvate Family Amino Acid Catabolic Process (GO:1902222),0.7317025567781721,0.968630313873291,5
L-phenylalanine Metabolic Process (GO:0006558),0.7317025567781721,0.968630313873291,5
L-phenylalanine Catabolic Process (GO:0006559),0.7317025567781721,0.968630313873291,5
Heterochromatin Organization (GO:0070828),0.7311330955870508,0.9696184396743774,39
Photoperiodism (GO:0009648),0.7309388273301963,0.9673455953598022,24
Cell Part Morphogenesis (GO:0032990),0.7299514071483211,0.9531915783882141,11
Hemostasis (GO:0007599),0.7298172627138769,0.962426483631134,6
miRNA-mediated Gene Silencing (GO:0035195),0.7298124940641689,0.9634825587272644,26
Regulation Of Transcription By RNA Polymerase II (GO:0006357),0.7298011144338831,1.0,2028
Ventricular Compact Myocardium Morphogenesis (GO:0003223),0.7292582829965236,0.968630313873291,5
Regulation Of Response To Biotic Stimulus (GO:0002831),0.7291548213791688,0.9696784615516663,31
Regulation Of Calcium Ion Import Across Plasma Membrane (GO:1905664),0.7290320365678974,0.9634825587272644,10
Negative Regulation Of Reactive Oxygen Species Metabolic Process (GO:2000378),0.7290108164861828,0.962426483631134,21
Regulation Of ERAD Pathway (GO:1904292),0.728973348451149,0.962426483631134,10
Uridine Transport (GO:0015862),0.7289183199277725,0.9629566073417664,5
Purine Nucleobase Transmembrane Transport (GO:1904823),0.7289183199277725,0.9629566073417664,5
Pyrimidine Nucleoside Transport (GO:0015864),0.7289183199277725,0.9629566073417664,5
Membrane Invagination (GO:0010324),0.7284244372939767,0.9625669121742249,6
Body Fluid Secretion (GO:0007589),0.7284127257638298,0.9592992067337036,13
Regulation Of Notch Signaling Pathway (GO:0008593),0.7283506187427713,0.9800556898117065,70
Monosaccharide Transmembrane Transport (GO:0015749),0.7270597028988929,0.962426483631134,14
Positive Regulation Of Epithelial Tube Formation (GO:1905278),0.7269272555203021,0.9621114134788513,7
Negative Regulation Of Mononuclear Cell Migration (GO:0071676),0.726804503670013,0.9621114134788513,12
Positive Regulation Of Protein Localization To Plasma Membrane (GO:1903078),0.7261873030833723,0.9802003502845764,51
Regulation Of Protein Tyrosine Kinase Activity (GO:0061097),0.7256967584428544,0.9754729866981506,39
Regulation Of Coagulation (GO:0050818),0.7255730893340937,0.9621114134788513,10
Regulation Of Chromatin Organization (GO:1902275),0.7251816590690742,0.9695181250572205,27
Positive Regulation Of Calcium Ion Import (GO:0090280),0.7251404415064091,0.962426483631134,7
Negative Regulation Of RNA Biosynthetic Process (GO:1902679),0.7244469402046583,0.9621114134788513,16
Regulation Of Telomere Capping (GO:1904353),0.7237378694365773,0.968630313873291,22
Regulation Of Microtubule Binding (GO:1904526),0.7226873202549693,0.9660130143165588,6
Positive Regulation Of Epithelial To Mesenchymal Transition (GO:0010718),0.7219610108103217,0.9795224666595459,47
Release Of Sequestered Calcium Ion Into Cytosol By Endoplasmic Reticulum (GO:1903514),0.7216549681019859,0.9625829458236694,7
Positive Regulation Of Protein-Containing Complex Disassembly (GO:0043243),0.7215162695011815,0.9625829458236694,14
Regulation Of Microtubule Polymerization Or Depolymerization (GO:0031110),0.7209426101641314,0.977199137210846,27
Heterochromatin Formation (GO:0031507),0.7208624190807972,0.968630313873291,32
Regulation Of Anoikis (GO:2000209),0.7200208487459047,0.968630313873291,21
Epithelial Cell Differentiation Involved In Kidney Development (GO:0035850),0.7195923622164299,0.968630313873291,6
Positive Regulation Of Amyloid Precursor Protein Catabolic Process (GO:1902993),0.7195103734783694,0.9696184396743774,21
Regulation Of GTPase Activity (GO:0043087),0.7194962424704796,0.9967949390411377,214
Calcium Ion Transmembrane Import Into Cytosol (GO:0097553),0.7188810491278801,0.9827473759651184,83
GTP Metabolic Process (GO:0046039),0.718510230209099,0.9638040065765381,13
Pituitary Gland Development (GO:0021983),0.7180103077628107,0.968630313873291,6
Positive Regulation Of T Cell Differentiation In Thymus (GO:0033089),0.7171450343940661,0.968630313873291,5
Regulation Of Cardiac Muscle Cell Action Potential (GO:0098901),0.7169476913789908,0.9696784615516663,28
Cellular Response To Amyloid-Beta (GO:1904646),0.7168642366138396,0.9763391613960266,34
Positive Regulation Of Osteoblast Differentiation (GO:0045669),0.7163311320230862,0.9779902696609497,44
Positive Regulation Of T-helper 17 Cell Differentiation (GO:2000321),0.7162138213401732,0.9660130143165588,6
Ether Lipid Metabolic Process (GO:0046485),0.7157352103654225,0.963337242603302,13
Lamellipodium Assembly (GO:0030032),0.7154511241591348,0.968630313873291,25
miRNA-mediated Gene Silencing By Inhibition Of Translation (GO:0035278),0.71456645287916,0.9621114134788513,14
Regulation Of p38MAPK Cascade (GO:1900744),0.7144053682618835,0.977249264717102,37
Regulation Of Exit From Mitosis (GO:0007096),0.7143502750363389,0.968630313873291,14
Aspartate Family Amino Acid Catabolic Process (GO:0009068),0.7135619820768561,0.9638040065765381,11
Negative Regulation Of Cyclin-Dependent Protein Serine/Threonine Kinase Activity (GO:0045736),0.7135422648349417,0.968630313873291,19
Regulation Of Systemic Arterial Blood Pressure By Renin-Angiotensin (GO:0003081),0.7133850875020606,0.9701788425445557,6
Long-Chain Fatty Acid Import Into Cell (GO:0044539),0.7133313022141081,0.9629566073417664,9
Golgi Disassembly (GO:0090166),0.7127419167435961,0.9754729866981506,5
Ganglioside Biosynthetic Process (GO:0001574),0.712099999696513,0.9654465913772583,15
Synaptic Vesicle Uncoating (GO:0016191),0.7113380738291204,0.968630313873291,5
acyl-CoA Metabolic Process (GO:0006637),0.7110015831315699,0.9701788425445557,31
Positive Regulation Of Type 2 Immune Response (GO:0002830),0.710838774971659,0.962426483631134,13
Positive Regulation Of Neurogenesis (GO:0050769),0.7107498164986927,0.9848583936691284,75
Regulation Of Keratinocyte Apoptotic Process (GO:1902172),0.7106606210122979,0.968630313873291,5
Axonal Fasciculation (GO:0007413),0.7100696895134022,0.9634825587272644,12
Protein Dephosphorylation (GO:0006470),0.7099125526779294,0.9964361190795898,124
Positive Regulation Of Synaptic Transmission (GO:0050806),0.7098780259470616,0.987585723400116,77
Regulation Of Cholesterol Metabolic Process (GO:0090181),0.7098536625727899,0.9695181250572205,23
Positive Regulation Of Insulin-Like Growth Factor Receptor Signaling Pathway (GO:0043568),0.7096133651377128,0.968630313873291,7
Negative Regulation Of Stress-Activated MAPK Cascade (GO:0032873),0.7094420079959477,0.977249264717102,37
Plasma Membrane Invagination (GO:0099024),0.7093418906945835,0.9754729866981506,26
Keratan Sulfate Biosynthetic Process (GO:0018146),0.7092288810732007,0.968630313873291,15
"Wnt Signaling Pathway, Planar Cell Polarity Pathway (GO:0060071)",0.709199647487345,0.9754729866981506,26
Peptidyl-Lysine Deacetylation (GO:0034983),0.7089098241501027,0.968630313873291,7
Protein Polymerization (GO:0051258),0.7088856077112531,0.9841892123222351,63
Regulation Of Hemopoiesis (GO:1903706),0.7086752474171727,0.962426483631134,14
Phosphatidylcholine Biosynthetic Process (GO:0006656),0.7085415043812135,0.9701788425445557,19
Negative Regulation Of Cardiac Muscle Cell Differentiation (GO:2000726),0.7083366157002817,0.9701788425445557,5
Nitric Oxide Mediated Signal Transduction (GO:0007263),0.7076496469064386,0.9695181250572205,18
Axonogenesis (GO:0007409),0.7073028304543351,0.9967949390411377,188
Regulation Of Dendritic Spine Morphogenesis (GO:0061001),0.70719506157737,0.9763447642326355,30
Transmembrane Receptor Protein Tyrosine Kinase Signaling Pathway (GO:0007169),0.7059439214557598,1.0,284
Positive Regulation Of JUN Kinase Activity (GO:0043507),0.7058804069382052,0.9695181250572205,30
Negative Regulation Of Muscle Cell Differentiation (GO:0051148),0.7051460702523572,0.9701788425445557,7
Positive Regulation Of NK T Cell Proliferation (GO:0051142),0.7050433609907845,0.9723896980285645,5
Regulation Of T Cell Cytokine Production (GO:0002724),0.7048404334916887,0.9726470112800598,18
Response To Cadmium Ion (GO:0046686),0.7045345474437855,0.968630313873291,21
Regulation Of Nitrogen Compound Metabolic Process (GO:0051171),0.7044159722916855,0.968630313873291,13
Negative Regulation Of Protein Polymerization (GO:0032272),0.7041117617512722,0.9706698060035706,26
Regulation Of Presynapse Organization (GO:0099174),0.7033563157629447,0.9701788425445557,16
Regulation Of Presynapse Assembly (GO:1905606),0.7033563157629447,0.9701788425445557,16
Regulation Of Myoblast Fusion (GO:1901739),0.7029633018092571,0.9660130143165588,13
Lymphocyte Mediated Immunity (GO:0002449),0.7024734347934425,0.9720439910888672,16
Positive Regulation Of Stem Cell Proliferation (GO:2000648),0.7020532698947141,0.968630313873291,16
Sodium Ion Homeostasis (GO:0055078),0.7020004939235142,0.9754729866981506,25
Negative Regulation Of Cyclin-Dependent Protein Kinase Activity (GO:1904030),0.701241850002729,0.9754729866981506,20
Modified Amino Acid Transport (GO:0072337),0.7003782714282969,0.9748086929321289,29
HALLMARK_NOTCH_SIGNALING,0.6997260774445655,0.9774294495582581,32
Peptidyl-Serine Autophosphorylation (GO:0036289),0.6996902938601253,0.968630313873291,7
Negative Regulation Of Organelle Assembly (GO:1902116),0.6995585984069427,0.9771792888641357,36
Positive Regulation Of Biomineral Tissue Development (GO:0070169),0.699297728781299,0.9841892123222351,43
Negative Regulation Of Insulin Receptor Signaling Pathway (GO:0046627),0.6990000747616955,0.977199137210846,26
Transepithelial Transport (GO:0070633),0.6982249200322036,0.974328339099884,17
Axon Development (GO:0061564),0.6981789998252493,0.9956305027008057,99
Positive Regulation Of Platelet Aggregation (GO:1901731),0.6979464590670348,0.9686758518218994,11
Macrophage Migration (GO:1905517),0.6977589817379605,0.9696784615516663,12
Neural Crest Cell Differentiation (GO:0014033),0.6973966892836051,0.9765390157699585,18
HALLMARK_MITOTIC_SPINDLE,0.6970267963877154,0.9994279742240906,199
Positive Regulation Of Phospholipid Biosynthetic Process (GO:0071073),0.6966929641593345,0.9754729866981506,6
Positive Regulation Of Protein Export From Nucleus (GO:0046827),0.6962584029556574,0.9701788425445557,12
Positive Regulation Of Extracellular Matrix Disassembly (GO:0090091),0.6952230371072364,0.9703074097633362,7
Positive Regulation Of Actin Nucleation (GO:0051127),0.6951412717992084,0.968630313873291,10
G-quadruplex DNA Unwinding (GO:0044806),0.6942381584866735,0.9754729866981506,6
Regulation Of Platelet Aggregation (GO:0090330),0.6941826705935841,0.9754729866981506,25
Photoreceptor Cell Development (GO:0042461),0.6938296748360139,0.9696184396743774,14
RISC Complex Assembly (GO:0070922),0.6925846082839962,0.977249264717102,8
Positive Regulation Of T Cell Mediated Immunity (GO:0002711),0.6922211171968868,0.9800556898117065,43
Positive Regulation Of Histone Acetylation (GO:0035066),0.6920555040379092,0.9723966717720032,14
Negative Regulation Of Protein Localization (GO:1903828),0.6919641548585032,0.982797384262085,40
Chordate Embryonic Development (GO:0043009),0.6916072549198448,0.9863744974136353,59
Inner Ear Morphogenesis (GO:0042472),0.6914733839407371,0.977249264717102,25
Negative Regulation Of B Cell Apoptotic Process (GO:0002903),0.6914449767177553,0.9723966717720032,7
"Blood Coagulation, Intrinsic Pathway (GO:0007597)",0.6900394131419234,0.9754729866981506,7
Regulation Of Protein Localization To Cell Surface (GO:2000008),0.6891448506639805,0.9795224666595459,31
Microtubule Anchoring At Microtubule Organizing Center (GO:0072393),0.6891357234998788,0.968630313873291,12
Microtubule Anchoring At Centrosome (GO:0034454),0.6888268178861657,0.968630313873291,10
Negative Regulation Of Transcription By RNA Polymerase II (GO:0000122),0.6886457556944713,1.0,763
Regulation Of Cardiac Muscle Cell Differentiation (GO:2000725),0.6886306308636027,0.9701788425445557,9
Cellular Response To Nitric Oxide (GO:0071732),0.6885251211610102,0.9754729866981506,7
Cellular Response To Reactive Nitrogen Species (GO:1902170),0.6885251211610102,0.9754729866981506,7
Positive Regulation Of Cholesterol Biosynthetic Process (GO:0045542),0.6870826405451809,0.9765390157699585,5
Positive Regulation Of Sterol Biosynthetic Process (GO:0106120),0.6870826405451809,0.9765390157699585,5
Clathrin Coat Assembly (GO:0048268),0.6862101839402904,0.9754729866981506,13
Establishment Of Mitotic Spindle Localization (GO:0040001),0.6859362178545512,0.9800556898117065,34
Myotube Cell Development (GO:0014904),0.6853256765880471,0.9754729866981506,14
Regulation Of RNA Biosynthetic Process (GO:2001141),0.6849212752967558,0.9754729866981506,8
Phosphatidylethanolamine Metabolic Process (GO:0046337),0.6848235268369304,0.9754729866981506,25
RNA-mediated Gene Silencing (GO:0031047),0.6840226472633971,0.9766362905502319,29
Negative Regulation Of Muscle Cell Apoptotic Process (GO:0010656),0.6836811655890267,0.974328339099884,9
Retrotransposon Silencing (GO:0010526),0.6822661447202637,0.9754729866981506,21
Synaptic Vesicle Endocytosis (GO:0048488),0.6818548816870944,0.9848583936691284,40
Positive Regulation Of Mitotic Nuclear Division (GO:0045840),0.6809277899034974,0.9803250432014465,35
Cellular Response To Purine-Containing Compound (GO:0071415),0.6807567355151083,0.977249264717102,9
Response To Leucine (GO:0043201),0.6805337203740103,0.9754729866981506,10
Cellular Response To Leucine (GO:0071233),0.6805337203740103,0.9754729866981506,10
Positive Regulation Of Actin Filament Depolymerization (GO:0030836),0.6803808546427222,0.9723966717720032,10
Urea Cycle (GO:0000050),0.6802559282283464,0.977249264717102,5
Regulation Of Organelle Assembly (GO:1902115),0.6783655046485092,0.9941684007644653,80
Neuron Projection Fasciculation (GO:0106030),0.6758477228652263,0.9696784615516663,10
Protein Localization To Membrane Raft (GO:1903044),0.6757972418006577,0.9800556898117065,5
Negative Regulation Of Protein Serine/Threonine Kinase Activity (GO:0071901),0.6755234242761154,0.9956305027008057,80
Skeletal Muscle Contraction (GO:0003009),0.6750221650045902,0.9754729866981506,19
Positive Regulation Of B Cell Receptor Signaling Pathway (GO:0050861),0.6742764072748055,0.977249264717102,6
Regulation Of Animal Organ Morphogenesis (GO:2000027),0.674006327887839,0.968630313873291,9
Neuron Projection Morphogenesis (GO:0048812),0.6735809638691732,0.9986312985420227,146
Myelination In Peripheral Nervous System (GO:0022011),0.6733948607420411,0.9721627235412598,12
Cellular Response To Retinoic Acid (GO:0071300),0.6733036499407894,0.9847044348716736,41
Intestinal Absorption (GO:0050892),0.6728262015470375,0.977249264717102,11
Cellular Component Maintenance (GO:0043954),0.6721913238840477,0.9754729866981506,12
Establishment Of Chromosome Localization (GO:0051303),0.6711183687781123,0.977249264717102,14
Cardiolipin Metabolic Process (GO:0032048),0.6708603009247911,0.9777230620384216,12
Epithelial Tube Morphogenesis (GO:0060562),0.6703754956260416,0.9868903160095215,33
Postsynapse Assembly (GO:0099068),0.6702583657072517,0.974328339099884,9
Mitochondrial RNA Metabolic Process (GO:0000959),0.6701350098177413,0.9841892123222351,20
Negative Regulation Of T-helper 17 Cell Differentiation (GO:2000320),0.6699330544808739,0.9781690835952759,7
Regulation Of Natural Killer Cell Proliferation (GO:0032817),0.6696884610142804,0.9749619364738464,9
Neurotransmitter Receptor Transport To Postsynaptic Membrane (GO:0098969),0.6696247347506831,0.9766362905502319,9
Positive Regulation Of Cyclin-Dependent Protein Serine/Threonine Kinase Activity (GO:0045737),0.6688208218448242,0.9765390157699585,15
Negative Regulation Of DNA Biosynthetic Process (GO:2000279),0.6682836257807898,0.9863744974136353,31
Regulation Of Nuclear Division (GO:0051783),0.6672011421254734,0.9783841967582703,19
Glycerophospholipid Catabolic Process (GO:0046475),0.666379668362079,0.982797384262085,27
Response To Hepatocyte Growth Factor (GO:0035728),0.665800940246759,0.9800556898117065,6
Cellular Response To Hepatocyte Growth Factor Stimulus (GO:0035729),0.665800940246759,0.9800556898117065,6
Regulation Of Fatty Acid Beta-Oxidation (GO:0031998),0.6651469938561202,0.9792054295539856,13
Maintenance Of Lens Transparency (GO:0036438),0.664983134039725,0.9754729866981506,6
Positive Regulation Of Glucose Transmembrane Transport (GO:0010828),0.664201035925531,0.9841892123222351,31
Monoacylglycerol Metabolic Process (GO:0046462),0.6639627060137668,0.9800556898117065,13
Response To Nerve Growth Factor (GO:1990089),0.6637614165924549,0.9763391613960266,13
Brain Development (GO:0007420),0.6635284277547824,0.9994279742240906,169
Regulation Of T Cell Mediated Immunity (GO:0002709),0.6622747018896571,0.9804875254631042,11
Positive Regulation Of Transforming Growth Factor Beta Receptor Signaling Pathway (GO:0030511),0.6617495922125733,0.9848583936691284,24
Positive Regulation Of Cellular Response To Transforming Growth Factor Beta Stimulus (GO:1903846),0.6617495922125733,0.9848583936691284,24
Polyol Biosynthetic Process (GO:0046173),0.6614209553915389,0.9833454489707947,15
Dopamine Transport (GO:0015872),0.6610058097088046,0.9792054295539856,9
Regulation Of Enamel Mineralization (GO:0070173),0.66090441539774,0.9803510904312134,5
Regulation Of Spindle Organization (GO:0090224),0.6605817164886052,0.9828880429267883,20
Positive Regulation Of Cell Division (GO:0051781),0.6597926997355801,0.9863744974136353,43
Negative Regulation Of Cartilage Development (GO:0061037),0.6581178551385846,0.9795224666595459,13
Motor Neuron Axon Guidance (GO:0008045),0.6574091651373339,0.9841892123222351,9
ADP Transport (GO:0015866),0.6573492931118499,0.9781690835952759,7
Regulation Of Biomineral Tissue Development (GO:0070167),0.6572895928555071,0.9860379695892334,25
Peptidyl-Tyrosine Phosphorylation (GO:0018108),0.656858415049822,0.9956305027008057,67
Regulation Of Ventricular Cardiac Muscle Cell Membrane Repolarization (GO:0060307),0.6562390457702773,0.9800556898117065,18
Cellular Response To Hydrogen Peroxide (GO:0070301),0.6561925674347419,0.9901800155639648,34
Preassembly Of GPI Anchor In ER Membrane (GO:0016254),0.6547175686712837,0.9800621867179871,7
Negative Regulation Of T-helper 17 Type Immune Response (GO:2000317),0.6544064649141981,0.9825004935264587,6
Adenosine Metabolic Process (GO:0046085),0.6538744658946016,0.9800621867179871,6
Monoacylglycerol Catabolic Process (GO:0052651),0.6538717511207468,0.9781690835952759,6
Synapse Organization (GO:0050808),0.6536503062122276,1.0,131
Positive Regulation Of Phospholipase Activity (GO:0010518),0.6535906923746114,0.9841892123222351,20
Thiamine Transmembrane Transport (GO:0071934),0.6533454266269741,0.9848583936691284,5
Negative Regulation Of Mitotic Nuclear Division (GO:0045839),0.6530054661117048,0.9795224666595459,8
"Regulation Of Synaptic Transmission, Glutamatergic (GO:0051966)",0.6529810648072327,0.9956305027008057,55
Renal System Development (GO:0072001),0.6528236746682761,0.9956305027008057,58
Negative Regulation Of Cellular Response To Insulin Stimulus (GO:1900077),0.6527945437296615,0.9863744974136353,27
Cellular Response To Estradiol Stimulus (GO:0071392),0.6514392344069823,0.9800556898117065,20
Response To Light Stimulus (GO:0009416),0.6503457702045922,0.9956305027008057,60
Postsynaptic Membrane Assembly (GO:0097104),0.6493830397143322,0.9841892123222351,7
Positive Regulation Of Insulin Receptor Signaling Pathway (GO:0046628),0.6491775989184708,0.982797384262085,12
Lens Fiber Cell Differentiation (GO:0070306),0.6488109567487473,0.9841892123222351,10
Retinoid Metabolic Process (GO:0001523),0.648175649936593,0.9941684007644653,40
Regulation Of Vesicle Fusion (GO:0031338),0.6478409760318656,0.9819334149360657,8
Response To Angiotensin (GO:1990776),0.6477632064990948,0.9828880429267883,5
Isoprenoid Metabolic Process (GO:0006720),0.6474077937413005,0.977249264717102,8
Regulation Of Hematopoietic Stem Cell Differentiation (GO:1902036),0.6456088102800649,0.9841892123222351,12
Phosphatidylinositol-Mediated Signaling (GO:0048015),0.645524941715821,0.9967949390411377,62
Positive Regulation Of ERAD Pathway (GO:1904294),0.6453161572854387,0.9800556898117065,12
Podocyte Differentiation (GO:0072112),0.6449903797164931,0.9811219573020935,11
Positive Regulation Of RIG-I Signaling Pathway (GO:1900246),0.6445021105749361,0.9819461703300476,9
Chloride Transmembrane Transport (GO:1902476),0.64433886194112,0.9956305027008057,48
Negative Regulation Of Autophagosome Assembly (GO:1902902),0.6437715223226449,0.9795224666595459,10
Regulation Of Histone Acetylation (GO:0035065),0.6433696408694255,0.9840949773788452,22
Regulation Of Respiratory Gaseous Exchange (GO:0043576),0.6425582555990975,0.9841892123222351,6
Mitotic Sister Chromatid Cohesion (GO:0007064),0.641509973877327,0.9841892123222351,19
Calcium-Dependent Cell-Cell Adhesion Via Plasma Membrane Cell Adhesion Molecules (GO:0016339),0.6405459526385783,0.9956305027008057,38
Neutrophil Mediated Immunity (GO:0002446),0.6405072408798197,0.98371821641922,12
Signal Release From Synapse (GO:0099643),0.6405062445212549,0.9945082068443298,38
Vesicle Cytoskeletal Trafficking (GO:0099518),0.6404089913470539,0.9956305027008057,39
Mesodermal Cell Differentiation (GO:0048333),0.6403734821141706,0.9845308065414429,8
Kinetochore Organization (GO:0051383),0.6394728362278497,0.9841892123222351,10
Positive Regulation Of Nuclear Division (GO:0051785),0.6390647732996233,0.989971399307251,26
Aspartate Transmembrane Transport (GO:0015810),0.6386629345308875,0.9848583936691284,9
Positive Regulation Of T-helper 1 Type Immune Response (GO:0002827),0.6383994194932648,0.9848583936691284,12
Modulation Of Chemical Synaptic Transmission (GO:0050804),0.6382501396212954,0.9989625215530396,123
Phospholipid Translocation (GO:0045332),0.6379585932186648,0.9911447167396545,31
Negative Regulation Of Intracellular Estrogen Receptor Signaling Pathway (GO:0033147),0.6377388192841542,0.9832512140274048,10
Phosphatidylinositol Dephosphorylation (GO:0046856),0.6376757721923247,0.9828880429267883,16
ncRNA Metabolic Process (GO:0034660),0.6368449930068144,0.9847044348716736,17
G Protein-Coupled Glutamate Receptor Signaling Pathway (GO:0007216),0.6367635753970204,0.9829568862915039,12
Positive Regulation Of Potassium Ion Transport (GO:0043268),0.6366108574768008,0.986834704875946,15
Regulation Of Tubulin Deacetylation (GO:0090043),0.6359530988746396,0.9841892123222351,17
Regulation Of mRNA Processing (GO:0050684),0.6356550200699432,0.9918901920318604,35
Regulation Of Phosphatidylinositol 3-Kinase Activity (GO:0043551),0.6355186500635693,0.9939457178115845,34
Negative Regulation Of Intracellular Protein Transport (GO:0090317),0.6352249039580552,0.9841892123222351,25
Positive Regulation Of Lipid Kinase Activity (GO:0090218),0.6346152826006501,0.9956305027008057,30
Regulation Of Humoral Immune Response (GO:0002920),0.6345306403615183,0.9848583936691284,13
Response To Epinephrine (GO:0071871),0.6345236729555261,0.9848583936691284,7
Cellular Response To Epinephrine Stimulus (GO:0071872),0.6345236729555261,0.9848583936691284,7
Regulation Of Cardiac Muscle Cell Contraction (GO:0086004),0.6340348010484507,0.9910983443260193,26
Cardiac Conduction (GO:0061337),0.6335461138546722,0.9956305027008057,46
Detection Of Mechanical Stimulus Involved In Sensory Perception (GO:0050974),0.6331169256792724,0.986834704875946,14
Fatty Acid Transmembrane Transport (GO:1902001),0.6327326804407072,0.9847044348716736,12
Regulation Of Natural Killer Cell Mediated Immunity (GO:0002715),0.6320418449213075,0.9841892123222351,5
Polysaccharide Biosynthetic Process (GO:0000271),0.6307355800088361,0.9860379695892334,12
Positive Regulation Of Histone H3-K4 Methylation (GO:0051571),0.6299478269967393,0.9863744974136353,12
Neuromuscular Process (GO:0050905),0.6299335601691788,0.9860379695892334,18
Positive Regulation Of Lymphocyte Chemotaxis (GO:0140131),0.6293004414374664,0.9896278977394104,17
Microtubule Depolymerization (GO:0007019),0.6292666250799402,0.9896278977394104,17
Striated Muscle Contraction (GO:0006941),0.6289146416046493,0.9967949390411377,57
Regulation Of Cellular Response To Oxidative Stress (GO:1900407),0.6260922602361013,0.9841892123222351,9
Odontogenesis Of Dentin-Containing Tooth (GO:0042475),0.6258081968527468,0.9847044348716736,14
Regulation Of Alpha-Beta T Cell Differentiation (GO:0046637),0.6251613153067213,0.9860379695892334,7
Negative Regulation Of Lipase Activity (GO:0060192),0.6245687450531371,0.9848583936691284,8
Regulation Of Dopamine Secretion (GO:0014059),0.6242334600514742,0.9937306046485901,22
Basic Amino Acid Transmembrane Transport (GO:1990822),0.623435635791129,0.9841892123222351,8
L-arginine Transmembrane Transport (GO:1903826),0.623435635791129,0.9841892123222351,8
Positive Regulation Of Tissue Remodeling (GO:0034105),0.6231519013318665,0.9871249198913574,9
Regulation Of Type B Pancreatic Cell Development (GO:2000074),0.6227369446963422,0.9868903160095215,8
Kinetochore Assembly (GO:0051382),0.6219427944402315,0.9848583936691284,9
Positive Regulation Of Inositol Phosphate Biosynthetic Process (GO:0060732),0.6218704795095765,0.9832512140274048,8
Regulation Of T-helper 17 Cell Differentiation (GO:2000319),0.6215337355447121,0.9841892123222351,11
Fluid Transport (GO:0042044),0.6208821746813515,0.9901800155639648,19
Cognition (GO:0050890),0.6204562488229556,0.9956305027008057,47
Positive Regulation Of Dendritic Spine Development (GO:0060999),0.6198380875319544,0.9939457178115845,21
Regulation Of Establishment Of Planar Polarity (GO:0090175),0.6197059212491376,0.9964361190795898,29
protein-RNA Complex Disassembly (GO:0032988),0.6195154434896989,0.9857086539268494,7
Organic Cation Transport (GO:0015695),0.618713656863162,0.9964361190795898,31
Negative Regulation Of Platelet-Derived Growth Factor Receptor Signaling Pathway (GO:0010642),0.6176354459176016,0.9841892123222351,11
Regulation Of Actomyosin Structure Organization (GO:0110020),0.6174043951962387,0.9956305027008057,12
Positive Regulation Of Intracellular Estrogen Receptor Signaling Pathway (GO:0033148),0.6168973563671226,0.9841892123222351,6
Alpha-Amino Acid Metabolic Process (GO:1901605),0.6158971394494855,0.9956305027008057,29
Positive Regulation Of Positive Chemotaxis (GO:0050927),0.6149474970950578,0.9896278977394104,16
Fc-epsilon Receptor Signaling Pathway (GO:0038095),0.6137474986032464,0.9956305027008057,22
Potassium Ion Homeostasis (GO:0055075),0.6133758031922096,0.9923527240753174,23
Microtubule Nucleation (GO:0007020),0.6124841646597591,0.9956305027008057,23
Negative Regulation Of Transforming Growth Factor Beta Receptor Signaling Pathway (GO:0030512),0.6124748651016837,0.9991610050201416,77
Regulation Of pro-B Cell Differentiation (GO:2000973),0.611887318323664,0.9945082068443298,5
Establishment Of Mitotic Spindle Orientation (GO:0000132),0.6105808403799579,0.9956305027008057,29
Regulation Of Phospholipase C Activity (GO:1900274),0.6092558411515107,0.9897570610046387,11
Establishment Of Spindle Orientation (GO:0051294),0.6090641685741197,0.9956305027008057,35
Neurotransmitter Transport (GO:0006836),0.6082978909612233,0.9967949390411377,52
Error-Prone Translesion Synthesis (GO:0042276),0.608119788330605,0.9848632216453552,9
Positive Regulation Of Hippo Signaling (GO:0035332),0.6075054532698644,0.9911447167396545,9
Positive Regulation Of Cellular Response To Insulin Stimulus (GO:1900078),0.6074336454499658,0.9871249198913574,13
Norepinephrine Transport (GO:0015874),0.6073456674783491,0.9944432377815247,6
RNA Secondary Structure Unwinding (GO:0010501),0.6061553042005071,0.9956305027008057,8
Peptidyl-Glutamic Acid Modification (GO:0018200),0.6055101397621473,0.9956305027008057,22
Myeloid Leukocyte Mediated Immunity (GO:0002444),0.6053859326391795,0.9866726994514465,7
Insulin Secretion Involved In Cellular Response To Glucose Stimulus (GO:0035773),0.6039741115390974,0.986834704875946,6
Embryonic Skeletal System Morphogenesis (GO:0048704),0.603480008903531,0.9956305027008057,30
Dendritic Spine Morphogenesis (GO:0060997),0.6034339910500827,0.9953625202178955,15
Lens Fiber Cell Development (GO:0070307),0.6031538427140083,0.9868362545967102,7
tRNA Catabolic Process (GO:0016078),0.6024104373670116,0.9944912195205688,5
Lipid Translocation (GO:0034204),0.602229180016837,0.9956305027008057,24
Skeletal Muscle Fiber Development (GO:0048741),0.6007524665855809,0.9847697019577026,11
Fatty Acid Beta-Oxidation Using acyl-CoA Oxidase (GO:0033540),0.600029750262908,0.9956305027008057,11
Positive Regulation Of Glycogen Metabolic Process (GO:0070875),0.5998057815564125,0.9939457178115845,14
Cardiac Muscle Contraction (GO:0060048),0.5996551878899458,0.9956305027008057,33
Sensory Perception (GO:0007600),0.5988211435804431,0.9994279742240906,51
Negative Regulation Of Focal Adhesion Assembly (GO:0051895),0.5985692672305722,0.9939457178115845,15
Negative Regulation Of Cell-Substrate Junction Organization (GO:0150118),0.5985692672305722,0.9939457178115845,15
Regulation Of Platelet Activation (GO:0010543),0.5982956609410298,0.9956305027008057,28
Folic Acid Transport (GO:0015884),0.5971322685377725,0.9897570610046387,7
Actin Cytoskeleton Reorganization (GO:0031532),0.5970011558184705,0.9967949390411377,53
Positive Regulation Of Cell Development (GO:0010720),0.5964008313065657,0.9956305027008057,35
Ventricular Cardiac Muscle Cell Membrane Repolarization (GO:0099625),0.5950219295828492,0.9939457178115845,7
Cellular Response To Inorganic Substance (GO:0071241),0.5937358305365311,0.9949953556060791,18
Negative Regulation Of Carbohydrate Metabolic Process (GO:0045912),0.5931806489356147,0.9964361190795898,30
Bicarbonate Transport (GO:0015701),0.5927677474651227,0.9956305027008057,19
Regulation Of Immune Effector Process (GO:0002697),0.590610110662466,0.9939457178115845,13
Neurotransmitter Secretion (GO:0007269),0.5904490881919925,0.9967949390411377,43
Neural Crest Cell Development (GO:0014032),0.5895929270497942,0.9986312985420227,44
Ionotropic Glutamate Receptor Signaling Pathway (GO:0035235),0.5894460075198517,0.9939457178115845,12
Myoblast Migration (GO:0051451),0.5893738288486385,0.9956305027008057,7
Regulation Of Non-Canonical Wnt Signaling Pathway (GO:2000050),0.5867960509234537,0.9956305027008057,14
Plasma Membrane Phospholipid Scrambling (GO:0017121),0.586391975500014,0.9956305027008057,7
Neuron Projection Guidance (GO:0097485),0.5860807939375041,1.0,124
Potassium Ion Transmembrane Transport (GO:0071805),0.5856337545690785,1.0,137
Positive Regulation Of Monoatomic Ion Transport (GO:0043270),0.5856309550556599,0.9994279742240906,40
Anterior/Posterior Pattern Specification (GO:0009952),0.5846801419879508,1.0,59
Regulation Of AMPA Receptor Activity (GO:2000311),0.5828869106616209,0.9964361190795898,24
Regulation Of Actin Filament-Based Movement (GO:1903115),0.5824410741626772,0.9953475594520569,9
Regulation Of Glucose Metabolic Process (GO:0010906),0.582312101281739,0.9967949390411377,28
Regulation Of Cardiac Muscle Cell Membrane Repolarization (GO:0099623),0.5822212495407064,0.9956305027008057,22
Regulation Of Lipopolysaccharide-Mediated Signaling Pathway (GO:0031664),0.5816762473479556,0.9956305027008057,21
Centromere Complex Assembly (GO:0034508),0.581230561997104,0.9953475594520569,14
Chondrocyte Differentiation (GO:0002062),0.5805684684464931,0.9967949390411377,29
Catecholamine Transport (GO:0051937),0.5805252728170383,0.9956305027008057,7
Parallel Actin Filament Bundle Assembly (GO:0030046),0.5788125356241453,0.9953625202178955,6
Response To Retinoic Acid (GO:0032526),0.5766138770320106,1.0,60
Microtubule Anchoring (GO:0034453),0.5762885877207231,0.9908857941627502,9
Negative Regulation Of Response To Type II Interferon (GO:0060331),0.5753495641362744,0.9956305027008057,6
Negative Regulation Of Type II Interferon-Mediated Signaling Pathway (GO:0060336),0.5753495641362744,0.9956305027008057,6
Inner Ear Receptor Cell Differentiation (GO:0060113),0.5750977973334106,0.9956305027008057,6
Low-Density Lipoprotein Particle Remodeling (GO:0034374),0.5707915355653866,0.9956305027008057,12
Regulation Of Postsynaptic Neurotransmitter Receptor Activity (GO:0098962),0.5700858304953217,0.9956305027008057,9
Positive Regulation Of Secondary Metabolite Biosynthetic Process (GO:1900378),0.5698236366325086,0.9967949390411377,7
Positive Regulation Of Melanin Biosynthetic Process (GO:0048023),0.5698236366325086,0.9967949390411377,7
Regulation Of Regulated Secretory Pathway (GO:1903305),0.56921601684631,0.9994279742240906,35
Activation Of Phospholipase C Activity (GO:0007202),0.5676205873881011,0.9978347420692444,27
Positive Regulation Of Phosphatidylinositol 3-Kinase Activity (GO:0043552),0.5671159709048424,0.9989448189735413,26
Histamine Metabolic Process (GO:0001692),0.5637203074446135,0.9956305027008057,5
Positive Regulation Of Protein Tyrosine Kinase Activity (GO:0061098),0.5634096732878113,0.9994279742240906,38
Regulation Of Gluconeogenesis (GO:0006111),0.563090649944155,0.9986312985420227,31
Regulation Of Cilium Assembly (GO:1902017),0.5625644039615384,1.0,71
"Blood Coagulation, Fibrin Clot Formation (GO:0072378)",0.5618190303289311,0.9960024952888489,14
Protein Activation Cascade (GO:0072376),0.5618190303289311,0.9960024952888489,14
Regulation Of Pyruvate Dehydrogenase Activity (GO:1904182),0.5609822376025639,0.9982109069824219,6
Hyaluronan Metabolic Process (GO:0030212),0.5607612368542942,0.9962936639785767,14
Positive Regulation Of Protein Depolymerization (GO:1901881),0.5587337700832373,0.9961052536964417,10
Positive Regulation Of Circadian Rhythm (GO:0042753),0.5572585341084162,0.9964361190795898,11
Pharyngeal System Development (GO:0060037),0.5565100379360111,0.9967949390411377,16
Regulation Of Complement Activation (GO:0030449),0.5540634484103633,0.9956305027008057,9
Calcineurin-Mediated Signaling (GO:0097720),0.5528991943874304,0.9972044825553894,11
Anoikis (GO:0043276),0.5517461494150349,0.9956305027008057,8
Regulation Of Epithelial To Mesenchymal Transition Involved In Endocardial Cushion Formation (GO:1905005),0.5496129475755195,0.9956305027008057,7
Membrane Depolarization During Action Potential (GO:0086010),0.5495827886352297,0.9956305027008057,13
Regulation Of Protein Acetylation (GO:1901983),0.5480012375227263,0.9956305027008057,9
Regulation Of Cardiac Muscle Cell Membrane Potential (GO:0086036),0.5479801835545762,0.9967949390411377,6
Plasma Membrane Bounded Cell Projection Assembly (GO:0120031),0.5466617042353987,1.0,275
calcineurin-NFAT Signaling Cascade (GO:0033173),0.5464637764385301,0.9964361190795898,10
Intraciliary Anterograde Transport (GO:0035720),0.5464296444333245,0.9964361190795898,16
Positive Regulation Of Integrin Activation (GO:0033625),0.5440369652508047,0.9986312985420227,10
Regulation Of Dendritic Spine Development (GO:0060998),0.5421252398457033,0.9991610050201416,21
Positive Regulation Of Pyruvate Dehydrogenase Activity (GO:1904184),0.5413297465508083,0.9986312985420227,5
Regulation Of Histone Methylation (GO:0031060),0.5388167815680069,0.9986667037010193,9
Positive Regulation Of Histone Methylation (GO:0031062),0.5386076674354082,0.9991610050201416,19
Regulation Of Lipid Kinase Activity (GO:0043550),0.5383450045580072,0.9964361190795898,11
Smoothened Signaling Pathway (GO:0007224),0.5371325411853131,1.0,34
Regulation Of Histone Deacetylase Activity (GO:1901725),0.5332472292460039,0.9964361190795898,5
Peripheral Nervous System Development (GO:0007422),0.530972777931612,1.0,20
Regulation Of Glucan Biosynthetic Process (GO:0010962),0.529355471358543,0.9964361190795898,8
Positive Regulation Of Triglyceride Lipase Activity (GO:0061365),0.5280851218857984,0.9962936639785767,7
Positive Regulation Of Deacetylase Activity (GO:0090045),0.5278992156388483,0.9982109069824219,6
Histone H4-K12 Acetylation (GO:0043983),0.526481746140117,0.9967949390411377,6
Histidine Metabolic Process (GO:0006547),0.523558865077657,0.9982109069824219,6
Histidine Catabolic Process (GO:0006548),0.523558865077657,0.9982109069824219,6
Nephron Tubule Development (GO:0072080),0.5203271942440052,0.9983068704605103,5
Necroptotic Process (GO:0070266),0.5196002913563008,0.9991610050201416,9
Diacylglycerol Metabolic Process (GO:0046339),0.5193507207275725,0.9991610050201416,23
Positive Regulation Of Lipoprotein Lipase Activity (GO:0051006),0.5181366929262228,0.9971638321876526,6
Adiponectin-Activated Signaling Pathway (GO:0033211),0.5150405793917473,1.0,5
Purine Ribonucleoside Bisphosphate Metabolic Process (GO:0034035),0.5149586617847031,0.9994279742240906,13
Neuropeptide Signaling Pathway (GO:0007218),0.5144795276413371,1.0,68
Positive Regulation Of Neuron Projection Arborization (GO:0150012),0.5141264777947209,0.9982109069824219,7
Regulation Of Aldosterone Biosynthetic Process (GO:0032347),0.5140940370215601,0.9986312985420227,6
Glycerophospholipid Metabolic Process (GO:0006650),0.5136796278509127,1.0,62
Pteridine-Containing Compound Metabolic Process (GO:0042558),0.5130353371984221,0.9994279742240906,5
Phosphatidylcholine Catabolic Process (GO:0034638),0.5128617983851519,0.9982225298881531,9
Primary Alcohol Catabolic Process (GO:0034310),0.5094154415464802,0.9986312985420227,9
Regulation Of Glial Cell Apoptotic Process (GO:0034350),0.5021160145036464,1.0,6
Camera-Type Eye Development (GO:0043010),0.4989403147455525,1.0,26
Regulation Of Calcium Ion-Dependent Exocytosis (GO:0017158),0.49791480210277667,1.0,28
Kidney Mesenchyme Development (GO:0072074),0.49465493818249084,1.0,7
Hair Cell Differentiation (GO:0035315),0.4930741553892353,0.9991610050201416,7
Negative Regulation Of Phospholipase Activity (GO:0010519),0.4904296066170101,0.9991610050201416,7
Negative Regulation Of Cell Cycle G2/M Phase Transition (GO:1902750),0.4852934652722009,0.999623715877533,7
Cardiac Muscle Cell Action Potential (GO:0086001),0.47960126785299045,1.0,29
Glucan Metabolic Process (GO:0044042),0.4767255570574555,1.0,8
Negative Regulation Of Alpha-Beta T Cell Activation (GO:0046636),0.4762038689327377,1.0,10
Detection Of Muscle Stretch (GO:0035995),0.47596438799859153,0.9991610050201416,6
Peptide Hormone Secretion (GO:0030072),0.4737544778939085,1.0,25
Mammary Gland Epithelium Development (GO:0061180),0.4672583498978404,1.0,14
Polyol Metabolic Process (GO:0019751),0.46683810886751687,1.0,17
Positive Regulation Of Smoothened Signaling Pathway (GO:0045880),0.45061607459421354,1.0,21
Regulation Of Protein-Containing Complex Disassembly (GO:0043244),0.4445412758486561,1.0,19
Multicellular Organismal-Level Iron Ion Homeostasis (GO:0060586),0.4434588510608174,1.0,12
Negative Regulation Of Cardiac Muscle Tissue Growth (GO:0055022),0.43812481653352003,1.0,5
Regulation Of Glycogen Metabolic Process (GO:0070873),0.43570731817025016,1.0,11
Isoprenoid Biosynthetic Process (GO:0008299),0.430835504152569,1.0,8
Nucleic Acid-Templated Transcription (GO:0097659),0.429243469848645,1.0,40
Negative Regulation Of Glial Cell Apoptotic Process (GO:0034351),0.42891573127197247,1.0,7
Golgi To Endosome Transport (GO:0006895),0.4146688283465774,1.0,15
Insulin Secretion (GO:0030073),0.40874034442965196,1.0,19
Sensory Perception Of Smell (GO:0007608),0.0,1.0,230
Cilium Assembly (GO:0060271),0.0,1.0,243
Chemical Synaptic Transmission (GO:0007268),0.0,1.0,273
Regulation Of Excitatory Synapse Assembly (GO:1904889),-0.4854814593794061,1.0,5
Positive Regulation Of Gliogenesis (GO:0014015),-0.49349542425448517,1.0,6
Regulation Of Striated Muscle Cell Differentiation (GO:0051153),-0.49657084403638446,1.0,6
Positive Regulation Of Autophagy Of Mitochondrion (GO:1903599),-0.5183249983895307,0.9956305027008057,10
Positive Regulation Of Fatty Acid Beta-Oxidation (GO:0032000),-0.5294192493608114,0.9964361190795898,8
Response To UV-C (GO:0010225),-0.529955471735791,1.0,7
Regulation Of Respiratory System Process (GO:0044065),-0.535193812991776,0.9956305027008057,6
Alditol Metabolic Process (GO:0019400),-0.538478884001524,0.9967949390411377,7
Negative Regulation Of Monoatomic Ion Transport (GO:0043271),-0.5490625713498458,1.0,18
Cell Communication By Electrical Coupling Involved In Cardiac Conduction (GO:0086064),-0.5502711453034027,1.0,16
Positive Regulation Of Cell Activation (GO:0050867),-0.556152581125213,0.9964361190795898,15
Subtelomeric Heterochromatin Formation (GO:0031509),-0.5678403171591221,0.9956305027008057,5
Negative Regulation Of Delayed Rectifier Potassium Channel Activity (GO:1902260),-0.5764186349616854,0.9863744974136353,9
Positive Regulation Of Platelet Activation (GO:0010572),-0.5792055614086042,0.9986312985420227,9
Catecholamine Uptake (GO:0090493),-0.579980299365503,0.9944912195205688,6
Nose Development (GO:0043584),-0.5847307247515343,0.986834704875946,6
Phosphatidylglycerol Biosynthetic Process (GO:0006655),-0.5858679802832827,0.9956305027008057,9
"Substrate-Dependent Cell Migration, Cell Extension (GO:0006930)",-0.5884406811552747,0.9960024952888489,6
Mitochondrial Transcription (GO:0006390),-0.5985812030355262,0.9939457178115845,12
Regulation Of Ketone Biosynthetic Process (GO:0010566),-0.600789447447893,0.9848583936691284,6
Positive Regulation Of Sodium Ion Transport (GO:0010765),-0.6014599794782081,0.9956305027008057,12
Ether Lipid Biosynthetic Process (GO:0008611),-0.6037693789332184,0.9956305027008057,9
Regulation Of Cellular Response To Insulin Stimulus (GO:1900076),-0.6074629941647206,0.9775203466415405,6
Positive Regulation Of Adaptive Immune Response Based On Somatic Recombination Of Immune Receptors Built From Immunoglobulin Superfamily Domains (GO:0002824),-0.6091430983427739,0.9982109069824219,14
Positive Regulation Of T-helper Cell Differentiation (GO:0045624),-0.60968058256877,0.9923527240753174,12
Regulation Of Integrin Activation (GO:0033623),-0.6137306182109966,0.9956305027008057,14
Transmembrane Receptor Protein Tyrosine Phosphatase Signaling Pathway (GO:0007185),-0.6177181923016942,0.9860379695892334,5
Microtubule-Based Transport (GO:0099111),-0.6233170728697245,0.9956305027008057,13
Inhibitory Synapse Assembly (GO:1904862),-0.6300664909196549,0.9884021282196045,13
Regulation Of Hormone Biosynthetic Process (GO:0046885),-0.6334633026295553,0.9841892123222351,5
Peptidyl-Lysine Dimethylation (GO:0018027),-0.6337459793933219,0.9825004935264587,9
Inositol Phosphate Metabolic Process (GO:0043647),-0.6409759526623134,1.0,22
Proximal/Distal Pattern Formation (GO:0009954),-0.6414914192948222,0.9764091372489929,7
Learning (GO:0007612),-0.642507645864253,1.0,43
Positive Regulation Of Dendrite Development (GO:1900006),-0.6425367068256204,0.9828880429267883,10
Positive Regulation Of Lipid Catabolic Process (GO:0050996),-0.6432894693554516,0.9956305027008057,20
Aldehyde Catabolic Process (GO:0046185),-0.6485009722645654,0.9754729866981506,7
Extracellular Transport (GO:0006858),-0.6513934221712103,0.9765390157699585,13
Protein Localization To Ciliary Membrane (GO:1903441),-0.6534279660748595,0.9754729866981506,6
Positive Regulation Of T-helper 2 Cell Cytokine Production (GO:2000553),-0.6538294191068459,0.968630313873291,7
Oligodendrocyte Development (GO:0014003),-0.6550543009018462,0.9956305027008057,16
Response To Bile Acid (GO:1903412),-0.6562412412733123,0.9638040065765381,5
Cellular Response To Cholesterol (GO:0071397),-0.6573813773593629,0.9779902696609497,10
Embryonic Skeletal Joint Development (GO:0072498),-0.6577833353494436,0.9548323154449463,5
Progesterone Receptor Signaling Pathway (GO:0050847),-0.6598757459524565,0.9696784615516663,10
Melanocyte Differentiation (GO:0030318),-0.6614735974957644,0.9795224666595459,11
Negative Regulation Of Hormone Secretion (GO:0046888),-0.6635015880070262,0.9734790921211243,9
Glycerol-3-Phosphate Metabolic Process (GO:0006072),-0.6642322890359555,0.9566853046417236,6
Regulation Of Histone Modification (GO:0031056),-0.6644197309591913,0.9956305027008057,18
Central Nervous System Myelination (GO:0022010),-0.6659629667924026,0.9754729866981506,11
Negative Regulation Of cAMP-dependent Protein Kinase Activity (GO:2000480),-0.6667633661533916,0.9754729866981506,7
Negative Regulation Of Gluconeogenesis (GO:0045721),-0.6715712278548065,0.9897570610046387,15
Regulation Of Mesenchymal Stem Cell Differentiation (GO:2000739),-0.6778541769855965,0.9621114134788513,7
Water Transport (GO:0006833),-0.6787556687802468,0.977249264717102,19
Positive Regulation Of Steroid Biosynthetic Process (GO:0010893),-0.6805820423439574,0.9611014723777771,7
Leucine Metabolic Process (GO:0006551),-0.682361493534763,0.9625829458236694,6
Regulation Of Voltage-Gated Sodium Channel Activity (GO:1905150),-0.6839289661364112,0.9592992067337036,5
Positive Regulation Of Spindle Assembly (GO:1905832),-0.6849372803908675,0.9522760510444641,6
Thyroid Hormone Generation (GO:0006590),-0.6851452119722597,0.9812843799591064,10
Protein Localization To Ciliary Transition Zone (GO:1904491),-0.6863486341128353,0.968630313873291,7
Mesenchymal To Epithelial Transition Involved In Metanephros Morphogenesis (GO:0003337),-0.6888465077975262,0.962426483631134,5
Regulation Of Axon Guidance (GO:1902667),-0.6949728262539714,0.962426483631134,6
Presynapse Organization (GO:0099172),-0.6979666748187532,0.9634825587272644,11
Host-Mediated Regulation Of Intestinal Microbiota Composition (GO:0048874),-0.7012283947672904,0.9592992067337036,6
Sodium Ion Import Across Plasma Membrane (GO:0098719),-0.7030202274176376,0.9939457178115845,21
Negative Regulation Of Toll-Like Receptor 4 Signaling Pathway (GO:0034144),-0.7045201290755885,0.968630313873291,9
Regulation Of Insulin Secretion Involved In Cellular Response To Glucose Stimulus (GO:0061178),-0.7047676995786847,0.9939457178115845,27
Ketone Body Metabolic Process (GO:1902224),-0.705733103256963,0.9509961009025574,6
Forelimb Morphogenesis (GO:0035136),-0.7059882421405577,0.962426483631134,9
Regulation Of Melanin Biosynthetic Process (GO:0048021),-0.7070767148019749,0.9754729866981506,10
Osteoblast Development (GO:0002076),-0.7076049585928194,0.9428689479827881,7
Memory (GO:0007613),-0.7095030307503621,1.0,58
Lipid Phosphorylation (GO:0046834),-0.7095430044168339,0.962426483631134,9
Ethanol Catabolic Process (GO:0006068),-0.7107362727452817,0.9509961009025574,6
Embryonic Forelimb Morphogenesis (GO:0035115),-0.7119340898851195,0.9634825587272644,8
Internal Protein Amino Acid Acetylation (GO:0006475),-0.7146959902201745,0.95181804895401,8
Signal Release (GO:0023061),-0.7155995074536021,0.9485811591148376,10
Negative Regulation Of Heterochromatin Formation (GO:0031452),-0.7163957111351121,0.9520267248153687,5
Vesicle-Mediated Transport Between Endosomal Compartments (GO:0098927),-0.7187570729991604,0.9840949773788452,25
Regulation Of Mast Cell Activation Involved In Immune Response (GO:0033006),-0.7193038612806069,0.9621114134788513,9
Early Endosome To Late Endosome Transport (GO:0045022),-0.721920154099102,0.9832894206047058,24
Positive Regulation Of Intracellular Steroid Hormone Receptor Signaling Pathway (GO:0033145),-0.7222688154605252,0.938784658908844,7
Regulation Of T-helper 2 Cell Cytokine Production (GO:2000551),-0.7234409067034497,0.9433017373085022,10
Cellular Response To Sterol (GO:0036315),-0.7241259614709287,0.977199137210846,15
Potassium Ion Transport (GO:0006813),-0.7243719981577542,1.0,122
Positive Regulation Of Acute Inflammatory Response (GO:0002675),-0.7250488488685689,0.962426483631134,14
Negative Regulation Of Humoral Immune Response Mediated By Circulating Immunoglobulin (GO:0002924),-0.7258351697191546,0.9458697438240051,9
Positive Regulation Of Glycogen Biosynthetic Process (GO:0045725),-0.7258962609036363,0.962426483631134,13
"Positive Regulation Of Wnt Signaling Pathway, Planar Cell Polarity Pathway (GO:2000096)",-0.7260599443083341,0.9409206509590149,5
Ear Morphogenesis (GO:0042471),-0.7279616497016553,0.9829568862915039,24
Neutrophil Extravasation (GO:0072672),-0.7316506393940015,0.9450240731239319,5
Positive Regulation Of Muscle Cell Differentiation (GO:0051149),-0.733225716807685,0.9625669121742249,15
Central Nervous System Projection Neuron Axonogenesis (GO:0021952),-0.7335678248711418,0.9429375529289246,11
Neuron Cell-Cell Adhesion (GO:0007158),-0.7345889061185485,0.9638040065765381,14
Response To Catecholamine (GO:0071869),-0.7347369158097465,0.9423649907112122,5
Negative Regulation Of Neural Precursor Cell Proliferation (GO:2000178),-0.7350134171457551,0.941102147102356,7
Adherens Junction Assembly (GO:0034333),-0.7357065059283217,0.9450240731239319,9
Positive Regulation Of Heart Contraction (GO:0045823),-0.7388099860753264,0.9754729866981506,21
Regulation Of Inositol Phosphate Biosynthetic Process (GO:0010919),-0.7392341245871308,0.9369482398033142,6
Natural Killer Cell Differentiation (GO:0001779),-0.7396136989405636,0.9373079538345337,7
Positive Regulation Of Alpha-Beta T Cell Activation (GO:0046635),-0.7402667433099732,0.9520267248153687,19
Positive Regulation Of Potassium Ion Transmembrane Transport (GO:1901381),-0.7405835262204895,0.9669356346130371,17
Neuron Fate Commitment (GO:0048663),-0.7425410806728491,0.94971764087677,18
3'-Phosphoadenosine 5'-Phosphosulfate Metabolic Process (GO:0050427),-0.7428281716622052,0.968630313873291,15
Regulation Of Glucose Transmembrane Transport (GO:0010827),-0.7428428816749312,0.9581931829452515,17
Protein Deglutamylation (GO:0035608),-0.7462658104122045,0.9387374520301819,6
Insulin-Like Growth Factor Receptor Signaling Pathway (GO:0048009),-0.7466997291845048,0.9541793465614319,10
Regulation Of T-helper 2 Cell Differentiation (GO:0045628),-0.7470071227705112,0.8991348743438721,7
Peroxisome Proliferator Activated Receptor Signaling Pathway (GO:0035357),-0.751569850657636,0.9373079538345337,7
Cellular Response To Nerve Growth Factor Stimulus (GO:1990090),-0.7519947374589449,0.9797397255897522,21
Ketone Body Biosynthetic Process (GO:0046951),-0.7520399139529861,0.9201430678367615,5
Mast Cell Degranulation (GO:0043303),-0.7543793641174167,0.9373079538345337,10
Mast Cell Activation Involved In Immune Response (GO:0002279),-0.7543793641174167,0.9373079538345337,10
Response To Muscle Stretch (GO:0035994),-0.7579579728326686,0.9368387460708618,14
Regulation Of Retinoic Acid Receptor Signaling Pathway (GO:0048385),-0.7585057892206396,0.9367090463638306,12
"Positive Regulation Of DNA Damage Response, Signal Transduction By P53 Class Mediator (GO:0043517)",-0.7596422253557911,0.9428689479827881,15
Regulation Of Centriole Replication (GO:0046599),-0.7602134091059921,0.968630313873291,19
Regulation Of Synaptic Vesicle Exocytosis (GO:2000300),-0.7607207589957646,0.9625669121742249,18
Negative Regulation Of Relaxation Of Muscle (GO:1901078),-0.7610590041850566,0.9147624373435974,5
Neuron Projection Arborization (GO:0140058),-0.7619238234214125,0.9175379276275635,7
Melanosome Localization (GO:0032400),-0.7639345492684367,0.9458697438240051,18
Hyaluronan Catabolic Process (GO:0030214),-0.7660208560661738,0.9348556995391846,8
Negative Regulation Of Chemokine-Mediated Signaling Pathway (GO:0070100),-0.7732787767430674,0.9018675684928894,5
Ventricular Cardiac Muscle Cell Development (GO:0055015),-0.7761168357200089,0.9186431169509888,5
Regulation Of Secretion (GO:0051046),-0.776880324985581,0.9565727710723877,16
Negative Regulation Of Vascular Endothelial Growth Factor Signaling Pathway (GO:1900747),-0.777355132641504,0.9301238656044006,9
JNK Cascade (GO:0007254),-0.7795721437271416,0.9596343040466309,29
Notch Signaling Pathway (GO:0007219),-0.7819989885753138,0.9638040065765381,40
Positive Regulation Of Natural Killer Cell Mediated Immune Response To Tumor Cell (GO:0002857),-0.7821545724721363,0.9023342728614807,5
Positive Regulation Of Natural Killer Cell Mediated Cytotoxicity Directed Against Tumor Cell Target (GO:0002860),-0.7821545724721363,0.9023342728614807,5
Potassium Ion Import Across Plasma Membrane (GO:1990573),-0.7839360336197715,0.9634825587272644,42
Dendritic Spine Organization (GO:0097061),-0.7841173823719005,0.9638040065765381,26
Protein K48-linked Deubiquitination (GO:0071108),-0.7854929320224758,0.952752411365509,24
Spleen Development (GO:0048536),-0.785523856114129,0.9123436808586121,7
Regulation Of Basement Membrane Organization (GO:0110011),-0.7866241872502799,0.8885900974273682,5
Mesoderm Formation (GO:0001707),-0.7873264592244411,0.9522760510444641,20
Regulation Of NK T Cell Activation (GO:0051133),-0.790052107844368,0.8931980133056641,5
Negative Regulation Of cAMP-mediated Signaling (GO:0043951),-0.7910804162799722,0.9032257795333862,8
Negative Regulation Of Small Molecule Metabolic Process (GO:0062014),-0.791084342817759,0.977249264717102,33
Negative Regulation Of SMAD Protein Signal Transduction (GO:0060392),-0.79371950824546,0.9026744961738586,7
Spinal Cord Dorsal/Ventral Patterning (GO:0021513),-0.7967164255658462,0.8955768346786499,6
Vacuole Organization (GO:0007033),-0.7968785116332349,0.8844918608665466,6
Negative Regulation Of Macroautophagy (GO:0016242),-0.7973607417101731,0.9484702348709106,22
Actin Filament-Based Transport (GO:0099515),-0.7975805696799732,0.9299202561378479,20
Establishment Of Endothelial Intestinal Barrier (GO:0090557),-0.7985432445606924,0.919660747051239,10
Muscle Cell Development (GO:0055001),-0.8060218509257628,0.9520267248153687,32
Establishment Of Melanosome Localization (GO:0032401),-0.8062104161375253,0.9113837480545044,16
Cellular Response To Bacterial Lipopeptide (GO:0071221),-0.8066831323881388,0.8945138454437256,6
"Nuclear-Transcribed mRNA Catabolic Process, Deadenylation-Independent Decay (GO:0031086)",-0.8079645815199474,0.8931397199630737,6
Neuron Fate Specification (GO:0048665),-0.8081167543217428,0.8920186161994934,7
Cellular Response To Acetylcholine (GO:1905145),-0.8088534667485027,0.9299124479293823,11
Regulation Of Glutamate Receptor Signaling Pathway (GO:1900449),-0.8091015686481196,0.8920186161994934,5
Negative Regulation Of Microtubule Polymerization (GO:0031115),-0.8092009865407194,0.9138039350509644,11
Regulation Of Carbohydrate Biosynthetic Process (GO:0043255),-0.8118056988768833,0.8781337738037109,7
Regulation Of Microtubule Depolymerization (GO:0031114),-0.8136154234295659,0.9553412199020386,24
Regulation Of Myosin-Light-Chain-Phosphatase Activity (GO:0035507),-0.8138665128129502,0.8895784020423889,6
Actin Filament Polymerization (GO:0030041),-0.8148487266048473,0.9531915783882141,31
Negative Regulation Of Muscle Hypertrophy (GO:0014741),-0.8151687489260327,0.8955768346786499,7
"Positive Regulation Of Synaptic Transmission, Glutamatergic (GO:0051968)",-0.8154473630315039,0.9609882831573486,22
Positive Regulation Of Epithelial Cell Differentiation (GO:0030858),-0.8160693763859044,0.9472126364707947,20
Cardiolipin Biosynthetic Process (GO:0032049),-0.8169671696975881,0.8844918608665466,7
Positive Regulation Of Triglyceride Catabolic Process (GO:0010898),-0.8170331391563617,0.8901243209838867,6
Ornithine Transport (GO:0015822),-0.8171291475862789,0.8824098706245422,5
Pigment Granule Transport (GO:0051904),-0.8171702405162927,0.9018675684928894,15
Melanosome Transport (GO:0032402),-0.8171702405162927,0.9018675684928894,15
Dopamine Uptake (GO:0090494),-0.817242850597051,0.8916388154029846,7
Protein Kinase C-activating G Protein-Coupled Receptor Signaling Pathway (GO:0007205),-0.8190202249001569,0.9018675684928894,10
Negative Regulation Of miRNA Metabolic Process (GO:2000629),-0.8193701184773889,0.948428750038147,21
Regulation Of Axon Extension Involved In Axon Guidance (GO:0048841),-0.8195387973815672,0.9277688264846802,23
Regulation Of Triglyceride Catabolic Process (GO:0010896),-0.8200095332766749,0.8924117088317871,10
Cdc42 Protein Signal Transduction (GO:0032488),-0.8203410301737507,0.9018675684928894,8
Dopamine Metabolic Process (GO:0042417),-0.820947201715961,0.8991348743438721,19
Establishment Of Centrosome Localization (GO:0051660),-0.8221373561881617,0.8966569304466248,7
Negative Regulation Of Establishment Of Protein Localization To Mitochondrion (GO:1903748),-0.8232680706625148,0.8825488686561584,6
Glomerular Epithelial Cell Development (GO:0072310),-0.824281699789252,0.8891105651855469,6
Vesicle Transport Along Actin Filament (GO:0030050),-0.8253992523722095,0.8984177112579346,18
Mammary Gland Epithelial Cell Differentiation (GO:0060644),-0.8265208313961208,0.8895784020423889,7
Protein Autoprocessing (GO:0016540),-0.8268540825850812,0.9292435050010681,18
Gastrulation (GO:0007369),-0.8270470379020888,0.9286582469940186,19
miRNA Processing (GO:0035196),-0.8277044456052687,0.9553412199020386,32
Positive Regulation Of Fatty Acid Metabolic Process (GO:0045923),-0.8277731149869867,0.9373079538345337,17
Detection Of Stimulus Involved In Sensory Perception Of Pain (GO:0062149),-0.8281829501435336,0.8717787265777588,6
Regulation Of Plasma Membrane Bounded Cell Projection Organization (GO:0120035),-0.8286109184038604,0.962426483631134,28
Negative Regulation Of T Cell Cytokine Production (GO:0002725),-0.8286130075675946,0.8876931071281433,8
Negative Regulation Of Myoblast Differentiation (GO:0045662),-0.8297389886183193,0.9023342728614807,13
Regulation Of Cilium Movement (GO:0003352),-0.8332785169845282,0.8824098706245422,11
Regulation Of Cellular Response To Growth Factor Stimulus (GO:0090287),-0.8334472838821035,0.924101710319519,19
Sensory Organ Development (GO:0007423),-0.8375977997427965,0.9584229588508606,70
Hyaluronan Biosynthetic Process (GO:0030213),-0.8381370195304035,0.8814234137535095,6
Sinoatrial Node Development (GO:0003163),-0.8397353662493117,0.8823761940002441,7
Wnt Signaling Pathway Involved In Midbrain Dopaminergic Neuron Differentiation (GO:1904953),-0.8413371922749071,0.8931397199630737,9
Lipid Import Into Cell (GO:0140354),-0.8413480598377195,0.8720323443412781,9
Negative Regulation Of miRNA Transcription (GO:1902894),-0.8426454645739944,0.9358336925506592,20
Embryonic Appendage Morphogenesis (GO:0035113),-0.8426727031176082,0.8731974363327026,10
p38MAPK Cascade (GO:0038066),-0.8430221287749582,0.8717787265777588,8
Vesicle Transport Along Microtubule (GO:0047496),-0.8432828825339233,0.9124215245246887,22
Sulfur Amino Acid Biosynthetic Process (GO:0000097),-0.8446731006081505,0.8673783540725708,7
Oligodendrocyte Differentiation (GO:0048709),-0.8456723642105828,0.9032257795333862,19
Negative Regulation Of Long-Term Synaptic Potentiation (GO:1900272),-0.8463513283996679,0.8639366030693054,8
Regulation Of 3'-UTR-mediated mRNA Stabilization (GO:1905868),-0.84769244689716,0.8760802745819092,5
Positive Regulation Of T-helper 17 Type Immune Response (GO:2000318),-0.8484892591216301,0.8924117088317871,13
One-Carbon Compound Transport (GO:0019755),-0.8489235191735034,0.9409402012825012,35
Negative Regulation Of Morphogenesis Of An Epithelium (GO:1905331),-0.849119600231699,0.8760237693786621,5
Sodium Ion Transmembrane Transport (GO:0035725),-0.8498590737604765,0.9711496829986572,82
Microtubule Polymerization (GO:0046785),-0.8508743262690088,0.9295211434364319,34
Eye Development (GO:0001654),-0.8516344928228311,0.9615874886512756,58
Smooth Muscle Tissue Development (GO:0048745),-0.851696509735551,0.8720323443412781,9
Organic Hydroxy Compound Catabolic Process (GO:1901616),-0.8533861159114334,0.8720323443412781,9
Cyclic Nucleotide Transport (GO:0070729),-0.8553549427882526,0.8748670816421509,7
Non-Motile Cilium Assembly (GO:1905515),-0.8569600113387673,0.9428689479827881,31
Regulation Of Potassium Ion Export Across Plasma Membrane (GO:1903764),-0.8574904986217207,0.8639366030693054,6
Cellular Response To Iron Ion (GO:0071281),-0.8583815509546272,0.8589941263198853,5
R-loop Processing (GO:0062176),-0.8591849625921499,0.8570512533187866,5
Calcium Ion-Regulated Exocytosis Of Neurotransmitter (GO:0048791),-0.8593208014149946,0.8900130391120911,14
Glucocorticoid Biosynthetic Process (GO:0006704),-0.8596121123385596,0.8760802745819092,5
Vitamin A Metabolic Process (GO:0006776),-0.8618423989399825,0.8717787265777588,6
Regulation Of Trans-Synaptic Signaling (GO:0099177),-0.862823135683087,0.938784658908844,36
Negative Regulation Of Lipid Biosynthetic Process (GO:0051055),-0.8630230784153649,0.8955768346786499,25
Synaptic Vesicle Fusion To Presynaptic Active Zone Membrane (GO:0031629),-0.8634839660088266,0.8802125453948975,9
Regulation Of Synapse Organization (GO:0050807),-0.8660560067068984,0.9081338047981262,25
Regulation Of ER-associated Ubiquitin-Dependent Protein Catabolic Process (GO:1903069),-0.8670321112115089,0.8824098706245422,8
Negative Regulation Of Cytoplasmic Translation (GO:2000766),-0.8677631324341128,0.8695361018180847,8
Regulation Of Cell Activation (GO:0050865),-0.8685478084617604,0.8844918608665466,11
Regulation Of Pinocytosis (GO:0048548),-0.8685594132956466,0.8658391833305359,8
Negative Regulation Of Cellular Response To Vascular Endothelial Growth Factor Stimulus (GO:1902548),-0.8701820840163123,0.8717787265777588,11
SNARE Complex Assembly (GO:0035493),-0.870632450866792,0.8870899677276611,9
Visual System Development (GO:0150063),-0.8721587298911716,0.9120319485664368,41
Ectoderm Development (GO:0007398),-0.8726325101920492,0.8708354830741882,9
Regulation Of Collagen Fibril Organization (GO:1904026),-0.8728537691936404,0.8673783540725708,6
Positive Regulation Of Non-Canonical Wnt Signaling Pathway (GO:2000052),-0.8733799698592343,0.8720323443412781,10
Cellular Response To Cadmium Ion (GO:0071276),-0.8734087169041628,0.8955768346786499,22
Response To cGMP (GO:0070305),-0.8734922133286435,0.8673783540725708,5
Mitral Valve Development (GO:0003174),-0.8738946689996345,0.8517646789550781,7
Positive Regulation Of Peptide Secretion (GO:0002793),-0.8746240973075243,0.8478605151176453,8
Fat-Soluble Vitamin Catabolic Process (GO:0042363),-0.8748138618241698,0.8639366030693054,8
Negative Regulation Of Notch Signaling Pathway (GO:0045746),-0.875146573609839,0.9023342728614807,27
Negative Regulation Of Cellular Senescence (GO:2000773),-0.8758702436685423,0.9018675684928894,17
Exocrine System Development (GO:0035272),-0.875966528197295,0.8639366030693054,6
Negative Regulation Of Axon Extension Involved In Axon Guidance (GO:0048843),-0.876109722549127,0.8924117088317871,19
Positive Regulation Of Receptor Internalization (GO:0002092),-0.8769620350240185,0.8812677264213562,22
Cardiac Muscle Cell Myoblast Differentiation (GO:0060379),-0.8773468210356383,0.8559849858283997,6
Mesenchymal Cell Migration (GO:0090497),-0.8774036373065701,0.9060720801353455,32
Negative Regulation Of Axon Extension (GO:0030517),-0.8794025726722299,0.8955768346786499,30
Positive Regulation Of Myelination (GO:0031643),-0.8795011029827425,0.8639366030693054,11
"Negative Regulation Of Complement Activation, Classical Pathway (GO:0045959)",-0.8802669064545138,0.863018274307251,7
Regulation Of Actin Filament Depolymerization (GO:0030834),-0.8807800853344734,0.8612592816352844,11
Negative Regulation Of Exocytosis (GO:0045920),-0.881079469198441,0.8562712669372559,10
L-ornithine Transmembrane Transport (GO:1903352),-0.8813130793624042,0.8717787265777588,5
Protein Localization To Basolateral Plasma Membrane (GO:1903361),-0.8825390614289625,0.8560179471969604,6
Regulation Of Mitotic Nuclear Division (GO:0007088),-0.8832197669310868,0.938784658908844,56
Negative Regulation Of Systemic Arterial Blood Pressure (GO:0003085),-0.8849753497959179,0.8638588786125183,8
Manganese Ion Transport (GO:0006828),-0.8852253749197291,0.8673783540725708,8
Neural Crest Cell Migration (GO:0001755),-0.8860927232079987,0.9018675684928894,36
Androgen Receptor Signaling Pathway (GO:0030521),-0.8865324503621229,0.8759886622428894,17
Myotube Differentiation (GO:0014902),-0.8866531482888724,0.8720323443412781,25
Regulation Of Sodium Ion Transmembrane Transport (GO:1902305),-0.8879244750686928,0.8639366030693054,28
Apical Protein Localization (GO:0045176),-0.8893329799908252,0.8639366030693054,9
Catecholamine Metabolic Process (GO:0006584),-0.8895941886075539,0.8673783540725708,13
Spontaneous Synaptic Transmission (GO:0098814),-0.891164873885698,0.8444703817367554,6
Positive Regulation Of T Cell Mediated Cytotoxicity (GO:0001916),-0.8913045860880341,0.8720323443412781,33
Cardiac Muscle Cell Differentiation (GO:0055007),-0.8914170882151492,0.8760237693786621,27
Positive Regulation Of Osteoclast Differentiation (GO:0045672),-0.8919573427525347,0.8731974363327026,18
AV Node Cell To Bundle Of His Cell Communication (GO:0086067),-0.8921690289796205,0.8658391833305359,6
Positive Regulation Of T-helper 2 Cell Differentiation (GO:0045630),-0.8933776257288022,0.8352225422859192,5
HALLMARK_HEDGEHOG_SIGNALING,-0.8939767864178336,0.8924117088317871,36
Regulation Of Microtubule Polymerization (GO:0031113),-0.8941750104595896,0.8717787265777588,40
Regulation Of Cardiac Muscle Hypertrophy (GO:0010611),-0.8949440031230879,0.8639366030693054,23
Positive Regulation Of Calcium Ion Import Across Plasma Membrane (GO:1905665),-0.8958104126908534,0.8468567132949829,8
pre-miRNA Processing (GO:0031054),-0.896442544234217,0.850597620010376,12
Positive Regulation Of Transporter Activity (GO:0032411),-0.8964831133404323,0.8835290670394897,14
Negative Regulation Of Ion Transmembrane Transporter Activity (GO:0032413),-0.8976178958906709,0.8685418963432312,24
Positive Regulation Of ER-associated Ubiquitin-Dependent Protein Catabolic Process (GO:1903071),-0.8982268239796716,0.8572052717208862,6
Excitatory Postsynaptic Potential (GO:0060079),-0.898319755932861,0.8658391833305359,18
Protein Desumoylation (GO:0016926),-0.8986942893614268,0.8441599011421204,7
Positive Regulation Of Phospholipase C Activity (GO:0010863),-0.899190288585457,0.8902938365936279,36
Cellular Response To Caffeine (GO:0071313),-0.8997873256093991,0.8435006737709045,6
Response To Caffeine (GO:0031000),-0.8997873256093991,0.8435006737709045,6
Enteric Nervous System Development (GO:0048484),-0.9001052327987387,0.8498505353927612,6
Cardioblast Differentiation (GO:0010002),-0.9017507110761863,0.8589941263198853,8
Negative Regulation Of Protein Maturation (GO:1903318),-0.9020083361681126,0.8460527062416077,9
T Cell Mediated Immunity (GO:0002456),-0.9029274268736348,0.8592934012413025,20
Cell Morphogenesis Involved In Neuron Differentiation (GO:0048667),-0.9042850061350267,0.9201927185058594,77
Behavioral Fear Response (GO:0001662),-0.9078351593009427,0.8317582011222839,5
Positive Regulation Of Nitric Oxide Metabolic Process (GO:1904407),-0.9080945941089008,0.8673783540725708,28
Bone Morphogenesis (GO:0060349),-0.9082670856997246,0.843891441822052,14
Sphingomyelin Metabolic Process (GO:0006684),-0.9085748007332999,0.8498505353927612,12
Cellular Response To pH (GO:0071467),-0.9091565656484448,0.8562712669372559,20
Negative Regulation Of Cellular Metabolic Process (GO:0031324),-0.912376057249317,0.8740100264549255,46
N-acetylglucosamine Metabolic Process (GO:0006044),-0.9125047815634749,0.8593884110450745,15
Regulation Of Glial Cell Proliferation (GO:0060251),-0.91316568909055,0.8281110525131226,8
Wnt Signaling Pathway (GO:0016055),-0.9136519464133276,0.968630313873291,76
Regulation Of Meiotic Cell Cycle (GO:0051445),-0.9149058763860477,0.8658391833305359,20
Regulation Of Mitotic Cell Cycle Spindle Assembly Checkpoint (GO:0090266),-0.9167663875758023,0.8612592816352844,17
Negative Regulation Of Stem Cell Differentiation (GO:2000737),-0.9168342471144612,0.8647221922874451,12
Regulation Of Vitamin D Receptor Signaling Pathway (GO:0070562),-0.916998858578869,0.8352225422859192,6
Positive Regulation Of Natural Killer Cell Proliferation (GO:0032819),-0.9173890781569211,0.8317582011222839,7
Positive Regulation Of Fever Generation (GO:0031622),-0.9188032076063084,0.8352225422859192,5
Regulation Of Activin Receptor Signaling Pathway (GO:0032925),-0.9188113252760318,0.8502753973007202,15
Fatty Acid Beta-Oxidation Using acyl-CoA Dehydrogenase (GO:0033539),-0.9191145825150437,0.8393499255180359,10
Cilium Organization (GO:0044782),-0.9194409121449866,1.0,228
Platelet Activating Factor Metabolic Process (GO:0046469),-0.9201923581850943,0.8517646789550781,7
Negative Regulation Of Transmembrane Receptor Protein Serine/Threonine Kinase Signaling Pathway (GO:0090101),-0.9218378782191983,0.938784658908844,111
Positive Regulation Of Cell-Cell Adhesion Mediated By Cadherin (GO:2000049),-0.9224842508414947,0.8372500538825989,8
"Regulation Of Complement Activation, Classical Pathway (GO:0030450)",-0.9229395499214301,0.8320522308349609,8
Cellular Response To Acidic pH (GO:0071468),-0.9237018552269332,0.8281110525131226,12
Negative Regulation Of Oligodendrocyte Differentiation (GO:0048715),-0.9238476913422804,0.8375176191329956,6
Regulation Of Delayed Rectifier Potassium Channel Activity (GO:1902259),-0.9251916392445563,0.850597620010376,17
Positive Regulation Of Protein Localization To Cilium (GO:1903566),-0.9266216906943086,0.8352225422859192,5
Regulation Of miRNA Metabolic Process (GO:2000628),-0.9282751294954749,0.8258184194564819,8
Negative Regulation Of Chemotaxis (GO:0050922),-0.9283305959827653,0.8578290939331055,31
Positive Regulation Of Actin Cytoskeleton Reorganization (GO:2000251),-0.9287165179190711,0.8317582011222839,8
Ammonium Homeostasis (GO:0097272),-0.929963453114004,0.8317582011222839,5
Regulation Of Feeding Behavior (GO:0060259),-0.9312306536999895,0.8372500538825989,14
Endothelium Development (GO:0003158),-0.9313311058434535,0.8317582011222839,12
Regulation Of Hydrogen Peroxide-Induced Cell Death (GO:1903205),-0.931863466305525,0.8208197951316833,7
Neuron Projection Extension Involved In Neuron Projection Guidance (GO:1902284),-0.9340660691462154,0.8249257802963257,6
Axon Extension Involved In Axon Guidance (GO:0048846),-0.9340660691462154,0.8249257802963257,6
Regulation Of Cell Junction Assembly (GO:1901888),-0.9349626088129417,0.8317582011222839,23
Negative Regulation Of Lipoprotein Particle Clearance (GO:0010985),-0.9358271907970139,0.8091006875038147,6
Positive Regulation Of Mast Cell Activation (GO:0033005),-0.9359719576720461,0.8250724673271179,6
Neuronal Ion Channel Clustering (GO:0045161),-0.9360074857181478,0.8352225422859192,8
Regulation Of Smooth Muscle Cell Differentiation (GO:0051150),-0.9365529177178165,0.8275343179702759,6
Microtubule Polymerization Or Depolymerization (GO:0031109),-0.9367366047576483,0.8275343179702759,27
Diacylglycerol Biosynthetic Process (GO:0006651),-0.9376758142347639,0.8320522308349609,7
Nerve Growth Factor Signaling Pathway (GO:0038180),-0.9392835400885762,0.8317582011222839,9
Regulation Of Alpha-Beta T Cell Proliferation (GO:0046640),-0.9400785069894148,0.8182374835014343,7
Plus-End-Directed Organelle Transport Along Microtubule (GO:0072386),-0.9407167423150081,0.8225294947624207,5
Positive Regulation Of Cell Communication (GO:0010647),-0.9414460043385249,0.8417531847953796,30
Regulation Of SMAD Protein Signal Transduction (GO:0060390),-0.9414927280089386,0.8592934012413025,27
Regulation Of Cation Channel Activity (GO:2001257),-0.9416913506042239,0.8290508985519409,56
Iron Ion Transmembrane Transport (GO:0034755),-0.9422294840650544,0.8258184194564819,9
"Chemical Synaptic Transmission, Postsynaptic (GO:0099565)",-0.9423868091055719,0.850597620010376,25
Positive Regulation Of Nitric Oxide Biosynthetic Process (GO:0045429),-0.9476993050032692,0.8437970876693726,27
Regulation Of Establishment Of Cell Polarity (GO:2000114),-0.9480330871627363,0.8258184194564819,17
G Protein-Coupled Serotonin Receptor Signaling Pathway (GO:0098664),-0.9481168583971847,0.8264259696006775,9
Cardiac Muscle Cell Contraction (GO:0086003),-0.9494021494281564,0.8278506398200989,18
Diterpenoid Metabolic Process (GO:0016101),-0.9494901052364905,0.8408478498458862,28
Establishment Or Maintenance Of Apical/Basal Cell Polarity (GO:0035088),-0.9497676660060027,0.8460527062416077,26
Positive Regulation Of Cardiocyte Differentiation (GO:1905209),-0.9501703934163935,0.8208197951316833,9
Taurine Metabolic Process (GO:0019530),-0.9509168143592615,0.824091911315918,7
Cardiocyte Differentiation (GO:0035051),-0.9518015360204003,0.8183431029319763,13
Striated Muscle Tissue Development (GO:0014706),-0.9545114473562223,0.8249257802963257,14
Histone H4-K8 Acetylation (GO:0043982),-0.955935111054995,0.8265378475189209,15
Histone H4-K5 Acetylation (GO:0043981),-0.955935111054995,0.8265378475189209,15
Negative Regulation Of Platelet Activation (GO:0010544),-0.9560248926007409,0.824091911315918,15
Negative Regulation Of Nitric Oxide Metabolic Process (GO:1904406),-0.9560834164166603,0.8189224600791931,7
Negative Regulation Of Nitric Oxide Biosynthetic Process (GO:0045019),-0.9560834164166603,0.8189224600791931,7
Positive Regulation Of SMAD Protein Signal Transduction (GO:0060391),-0.9565754262864284,0.8367406725883484,17
Regulation Of miRNA-mediated Gene Silencing (GO:0060964),-0.9583556152900036,0.8183431029319763,15
Lipid Hydroxylation (GO:0002933),-0.9585638406769068,0.8179733157157898,6
Negative Regulation Of Metabolic Process (GO:0009892),-0.9591130713812903,0.8560179471969604,53
Embryonic Limb Morphogenesis (GO:0030326),-0.9592903882287799,0.868345320224762,34
Regulation Of Cell Communication By Electrical Coupling Involved In Cardiac Conduction (GO:1901844),-0.9606453985101577,0.8179733157157898,11
Placenta Blood Vessel Development (GO:0060674),-0.9616902528465766,0.8176146745681763,6
Negative Regulation Of Necroptotic Process (GO:0060546),-0.9619303512651681,0.799205482006073,9
"Regulation Of CD8-positive, Alpha-Beta T Cell Proliferation (GO:2000564)",-0.9621184396504304,0.8197281360626221,8
Positive Regulation Of Calcium Ion Transmembrane Transport (GO:1904427),-0.9622494916125587,0.8281110525131226,42
Negative Regulation Of Monocyte Chemotaxis (GO:0090027),-0.9623779226702147,0.8182374835014343,5
Detection Of Mechanical Stimulus (GO:0050982),-0.9641868005503523,0.806000292301178,18
Regulation Of Hair Cycle (GO:0042634),-0.9642813529617295,0.8148411512374878,9
Postsynaptic Density Assembly (GO:0097107),-0.9657041526639406,0.8176146745681763,5
Action Potential (GO:0001508),-0.9672807306872508,0.8258184194564819,35
Regulation Of Astrocyte Differentiation (GO:0048710),-0.9672834689793426,0.7955136299133301,11
Positive Regulation Of Extrinsic Apoptotic Signaling Pathway Via Death Domain Receptors (GO:1902043),-0.9673356324671459,0.7955136299133301,5
Regulation Of Bile Acid Biosynthetic Process (GO:0070857),-0.9699340161283488,0.808951199054718,9
Regulation Of Dosage Compensation By Inactivation Of X Chromosome (GO:1900095),-0.9705035905604534,0.8107100129127502,12
Peptidyl-Tyrosine Modification (GO:0018212),-0.9709791213531609,0.8395116329193115,54
Regulation Of Phospholipase A2 Activity (GO:0032429),-0.9712929624963214,0.8176146745681763,7
Maintenance Of Protein Location In Nucleus (GO:0051457),-0.9713368350562619,0.8207747936248779,18
Phosphatidylethanolamine Biosynthetic Process (GO:0006646),-0.9719008963401768,0.7957698702812195,9
DNA Methylation (GO:0006306),-0.9737519474226762,0.8208197951316833,20
Pancreas Development (GO:0031016),-0.9746596226149847,0.7907306551933289,14
Glycerolipid Catabolic Process (GO:0046503),-0.9766309317163676,0.8258184194564819,18
Regulation Of Transferase Activity (GO:0051338),-0.9772473202866703,0.8204498291015625,21
Protein Deglycosylation (GO:0006517),-0.977392788059777,0.7799752950668335,7
Negative Regulation Of Protein Autophosphorylation (GO:0031953),-0.9780807665572259,0.8249257802963257,9
Positive Regulation Of Ossification (GO:0045778),-0.9781684955648737,0.791220486164093,41
Regulation Of Morphogenesis Of An Epithelium (GO:1905330),-0.9784753393577957,0.7972148060798645,8
Intracellular Estrogen Receptor Signaling Pathway (GO:0030520),-0.9791580032302352,0.799205482006073,17
Neuron Projection Regeneration (GO:0031102),-0.980846264843333,0.8176146745681763,9
Positive Regulation Of Behavior (GO:0048520),-0.9810281243376868,0.8124736547470093,11
Positive Regulation Of Adenylate Cyclase Activity (GO:0045762),-0.981035666888223,0.7947593331336975,26
Cellular Response To Growth Hormone Stimulus (GO:0071378),-0.9815881948781963,0.801534116268158,11
Synaptic Vesicle Exocytosis (GO:0016079),-0.9817228367127562,0.8010367751121521,41
Sphingomyelin Biosynthetic Process (GO:0006686),-0.9828928878375404,0.8089226484298706,5
Endoderm Development (GO:0007492),-0.9836187355029371,0.8094694018363953,14
Definitive Hemopoiesis (GO:0060216),-0.9842825849059901,0.8029689788818359,6
Presynapse Assembly (GO:0099054),-0.9845653339731458,0.8176146745681763,15
Cell Chemotaxis (GO:0060326),-0.9846340407232661,0.8187770843505859,50
Negative Regulation Of Programmed Necrotic Cell Death (GO:0062099),-0.9848052551843118,0.7934181690216064,10
Regulation Of Monoatomic Anion Transport (GO:0044070),-0.9855380749262842,0.7925311326980591,5
Positive Regulation Of Cell Morphogenesis Involved In Differentiation (GO:0010770),-0.9858652637411207,0.8176146745681763,12
Regulation Of Osteoblast Differentiation (GO:0045667),-0.9862399961177485,0.869208037853241,85
Embryonic Organ Morphogenesis (GO:0048562),-0.9876441394854536,0.8183431029319763,44
Inositol Phosphate-Mediated Signaling (GO:0048016),-0.9885380409652981,0.791220486164093,19
Regulation Of Ras Protein Signal Transduction (GO:0046578),-0.9886637363624509,0.8091006875038147,76
Homocysteine Metabolic Process (GO:0050667),-0.9908997466326162,0.8014284372329712,9
Negative Regulation Of Cell Migration Involved In Sprouting Angiogenesis (GO:0090051),-0.9909920146686214,0.7855871319770813,13
Negative Regulation Of Glial Cell Differentiation (GO:0045686),-0.991382164974404,0.8176146745681763,8
Regulation Of Axonogenesis (GO:0050770),-0.9920859024055926,0.8029689788818359,42
Protein Polyglutamylation (GO:0018095),-0.9921896163753332,0.7941098809242249,11
Response To Granulocyte Macrophage Colony-Stimulating Factor (GO:0097012),-0.9925243407472776,0.7955136299133301,5
Cellular Response To Granulocyte Macrophage Colony-Stimulating Factor Stimulus (GO:0097011),-0.9925243407472776,0.7955136299133301,5
Negative Regulation Of Fat Cell Differentiation (GO:0045599),-0.9925941563927431,0.8035028576850891,32
Regulation Of Heart Contraction (GO:0008016),-0.9933758423858257,0.7558599710464478,69
Negative Regulation Of Mitotic Cell Cycle Phase Transition (GO:1901991),-0.9950332421755066,0.7827964425086975,40
Fibroblast Growth Factor Receptor Signaling Pathway (GO:0008543),-0.9974985016684117,0.7895824909210205,39
Late Nucleophagy (GO:0044805),-0.9986317554800911,0.7799752950668335,7
Negative Regulation Of Ras Protein Signal Transduction (GO:0046580),-0.9990232437395994,0.7660793662071228,34
Positive Regulation Of Voltage-Gated Potassium Channel Activity (GO:1903818),-0.999633075720116,0.7787043452262878,10
Regulation Of Potassium Ion Transmembrane Transporter Activity (GO:1901016),-0.9999158916507733,0.7649965882301331,26
Regulation Of Cell Communication By Electrical Coupling (GO:0010649),-1.0002183496585435,0.7955136299133301,12
Negative Regulation Of Glycolytic Process (GO:0045820),-1.000309461319505,0.7800772190093994,10
Negative Regulation Of Anoikis (GO:2000811),-1.0007561448120958,0.7925311326980591,16
Endothelial Cell Proliferation (GO:0001935),-1.0011749083490815,0.7787043452262878,18
Positive Regulation Of Insulin Secretion Involved In Cellular Response To Glucose Stimulus (GO:0035774),-1.0018057474844868,0.7787043452262878,13
Regulation Of Postsynapse Organization (GO:0099175),-1.0024910484422245,0.8124736547470093,25
Cell Differentiation In Hindbrain (GO:0021533),-1.0027767812746702,0.7739686965942383,11
Regulation Of Protein Kinase C Signaling (GO:0090036),-1.002974314946035,0.808308482170105,16
Vascular Associated Smooth Muscle Contraction (GO:0014829),-1.0055552125326077,0.7902117371559143,6
Translational Readthrough (GO:0006451),-1.0059187376450784,0.8029689788818359,8
Selenocysteine Incorporation (GO:0001514),-1.0059187376450784,0.8029689788818359,8
Positive Regulation Of Transforming Growth Factor Beta Production (GO:0071636),-1.0091289129057788,0.7889174818992615,10
Regulation Of Brown Fat Cell Differentiation (GO:0090335),-1.0092996325419523,0.7947593331336975,17
Presynaptic Active Zone Organization (GO:1990709),-1.0093947341326608,0.7660793662071228,5
Histone H4-K16 Acetylation (GO:0043984),-1.0101404694135216,0.7803117632865906,12
Purine-Containing Compound Catabolic Process (GO:0072523),-1.0107445965199415,0.7709323167800903,5
Regulation Of Macrophage Proliferation (GO:0120040),-1.0111652231064552,0.7782393097877502,5
Negative Regulation Of Centrosome Duplication (GO:0010826),-1.011352701253179,0.7533149719238281,10
Energy Reserve Metabolic Process (GO:0006112),-1.0126978071377404,0.7787043452262878,18
Granulocyte Migration (GO:0097530),-1.0128712967810836,0.7825227379798889,9
Regulation Of Transforming Growth Factor Beta Receptor Signaling Pathway (GO:0017015),-1.0133419456301964,0.8091006875038147,111
Dendrite Morphogenesis (GO:0048813),-1.014075789495542,0.8117203116416931,35
Dorsal Aorta Morphogenesis (GO:0035912),-1.0142136163337476,0.7955136299133301,6
Dorsal Aorta Development (GO:0035907),-1.0142136163337476,0.7955136299133301,6
Commissural Neuron Axon Guidance (GO:0071679),-1.0145790127690912,0.799205482006073,8
Endothelial Cell Chemotaxis (GO:0035767),-1.0154283710174898,0.7912980318069458,8
Dendritic Spine Maintenance (GO:0097062),-1.015916179024571,0.7762572169303894,7
mRNA 5'-Splice Site Recognition (GO:0000395),-1.0161988024010205,0.7839210629463196,5
Positive Regulation Of Cholesterol Transport (GO:0032376),-1.0162743417373343,0.7889174818992615,31
Actin-Mediated Cell Contraction (GO:0070252),-1.0178628069714732,0.7787043452262878,9
Nuclear-Transcribed mRNA poly(A) Tail Shortening (GO:0000289),-1.0179666434708081,0.7681910395622253,20
Golgi To Plasma Membrane Transport (GO:0006893),-1.0180724848619087,0.7787043452262878,47
Vascular Endothelial Growth Factor Signaling Pathway (GO:0038084),-1.0180990095203104,0.8091006875038147,14
Negative Regulation Of Axon Regeneration (GO:0048681),-1.0196184603476839,0.7674607038497925,5
Regulation Of Integrin-Mediated Signaling Pathway (GO:2001044),-1.0198227481221154,0.7947593331336975,19
Circulatory System Development (GO:0072359),-1.0202674621908023,0.7312004566192627,132
"Synaptic Transmission, Dopaminergic (GO:0001963)",-1.0203837505760045,0.7787043452262878,6
Regulation Of Triglyceride Biosynthetic Process (GO:0010866),-1.0206665992174064,0.7889174818992615,16
Regulation Of Smoothened Signaling Pathway (GO:0008589),-1.0208699351722423,0.7787043452262878,51
Embryonic Eye Morphogenesis (GO:0048048),-1.022780736498564,0.7799752950668335,9
Intracellular Steroid Hormone Receptor Signaling Pathway (GO:0030518),-1.0228883223780276,0.7889174818992615,43
Canonical Wnt Signaling Pathway (GO:0060070),-1.0229575009544,0.7605233192443848,65
Blood Vessel Endothelial Cell Proliferation Involved In Sprouting Angiogenesis (GO:0002043),-1.0235137678518733,0.7738590836524963,5
Positive Regulation Of Nervous System Process (GO:0031646),-1.023913509392401,0.7907306551933289,18
Olefinic Compound Biosynthetic Process (GO:0120255),-1.0245267134502773,0.7825227379798889,7
Regulation Of Epithelial Cell Differentiation (GO:0030856),-1.0246076444938197,0.7858597040176392,18
Enzyme-Linked Receptor Protein Signaling Pathway (GO:0007167),-1.0259140723543148,0.7605233192443848,124
Self Proteolysis (GO:0097264),-1.0270827732670003,0.7674557566642761,11
Negative Regulation Of Mast Cell Activation (GO:0033004),-1.0277217445985691,0.7674607038497925,5
Cell Surface Receptor Signaling Pathway Involved In Cell-Cell Signaling (GO:1905114),-1.0280084173357196,0.7404271960258484,27
Positive Regulation Of Astrocyte Differentiation (GO:0048711),-1.0288016501063257,0.7883936166763306,7
Response To Platelet-Derived Growth Factor (GO:0036119),-1.0292857165786848,0.7654463052749634,9
Response To Forskolin (GO:1904321),-1.0296998105404,0.7674557566642761,10
Cellular Response To Forskolin (GO:1904322),-1.0296998105404,0.7674557566642761,10
Establishment Of Endothelial Barrier (GO:0061028),-1.0298131014939964,0.7519071102142334,28
Prepulse Inhibition (GO:0060134),-1.0320154514588975,0.7671936750411987,5
Regulation Of Nitric Oxide Biosynthetic Process (GO:0045428),-1.0320688228543415,0.7111071944236755,39
Negative Regulation Of BMP Signaling Pathway (GO:0030514),-1.0326737102419876,0.7389758229255676,43
Regulation Of Skeletal Muscle Cell Differentiation (GO:2001014),-1.0333135564741112,0.7849007844924927,8
Muscle Organ Development (GO:0007517),-1.0371586182423576,0.7660793662071228,58
"Regulation Of Retrograde Transport, Endosome To Golgi (GO:1905279)",-1.0378515141129032,0.7817327976226807,5
Monoatomic Cation Homeostasis (GO:0055080),-1.0378640642532633,0.6852534413337708,77
Protein Localization To Cilium (GO:0061512),-1.0382918202747045,0.7341136336326599,40
Protein Localization To Cell Surface (GO:0034394),-1.0397640303376565,0.730786919593811,26
Negative Regulation Of Keratinocyte Proliferation (GO:0010839),-1.0406116510073076,0.7649965882301331,7
Regulation Of Intracellular Steroid Hormone Receptor Signaling Pathway (GO:0033143),-1.0407415720330742,0.742099404335022,22
cAMP-mediated Signaling (GO:0019933),-1.0411175703222688,0.7543880939483643,26
Semaphorin-Plexin Signaling Pathway (GO:0071526),-1.042445114436463,0.7787043452262878,34
Embryonic Placenta Development (GO:0001892),-1.0431659034384866,0.7799752950668335,8
Regulation Of SNARE Complex Assembly (GO:0035542),-1.0462340400212669,0.764098584651947,12
Chloride Ion Homeostasis (GO:0055064),-1.0464219693891885,0.7709479928016663,9
Monoatomic Anion Homeostasis (GO:0055081),-1.0464219693891885,0.7709479928016663,9
DNA Alkylation (GO:0006305),-1.0465664632605294,0.7883936166763306,15
Regulation Of cAMP-mediated Signaling (GO:0043949),-1.0473653025465557,0.7143908739089966,18
Regulation Of Axon Extension (GO:0030516),-1.048500927331651,0.7341136336326599,35
Regulation Of Collateral Sprouting (GO:0048670),-1.049030310839682,0.7370160222053528,7
Regulation Of Peptidyl-Serine Phosphorylation Of STAT Protein (GO:0033139),-1.0494987912762472,0.7787043452262878,18
Embryonic Digit Morphogenesis (GO:0042733),-1.0500373190542427,0.7333633303642273,17
Axon Guidance (GO:0007411),-1.0528082393502032,0.7312004566192627,149
Positive Regulation Of Cholesterol Efflux (GO:0010875),-1.053094768488552,0.730786919593811,22
Metanephros Development (GO:0001656),-1.0543860728448646,0.7017437815666199,25
Regulation Of Muscle Cell Differentiation (GO:0051147),-1.0554280730270322,0.731000542640686,24
Positive Regulation Of Alcohol Biosynthetic Process (GO:1902932),-1.0562633952181681,0.7333633303642273,12
Cellular Response To Glucocorticoid Stimulus (GO:0071385),-1.0566131293122825,0.7559624910354614,17
Negative Regulation Of Microtubule Depolymerization (GO:0007026),-1.056830451766215,0.7030491828918457,20
Mucosal Immune Response (GO:0002385),-1.05837552507179,0.7493963241577148,28
Regulation Of Bile Acid Metabolic Process (GO:1904251),-1.0587351832273681,0.7726956605911255,6
Regulation Of Adiponectin Secretion (GO:0070163),-1.0600775323214744,0.7660793662071228,6
Receptor Internalization (GO:0031623),-1.0602913476794245,0.7029600739479065,51
Connective Tissue Development (GO:0061448),-1.060553699430013,0.7353683114051819,38
Response To Ketone (GO:1901654),-1.0611649004743688,0.7333633303642273,20
Regulation Of T-helper 17 Type Immune Response (GO:2000316),-1.0612404064606233,0.7429859042167664,13
Cell-Cell Signaling By Wnt (GO:0198738),-1.0618766980734424,0.7173340916633606,23
Positive Regulation Of Post-Transcriptional Gene Silencing By RNA (GO:1900370),-1.0629777106910985,0.7194628715515137,10
Response To UV-B (GO:0010224),-1.0631000882913446,0.7333633303642273,16
Anterograde Trans-Synaptic Signaling (GO:0098916),-1.063342866782629,0.0,199
Heme Transport (GO:0015886),-1.063822491689179,0.7533149719238281,5
Neurotransmitter Loading Into Synaptic Vesicle (GO:0098700),-1.064226885889429,0.7649965882301331,5
Epithelial Tube Formation (GO:0072175),-1.0663807610096767,0.743224561214447,5
Negative Regulation Of Osteoblast Differentiation (GO:0045668),-1.0664822317918938,0.7333633303642273,32
Positive Regulation Of Peroxisome Proliferator Activated Receptor Signaling Pathway (GO:0035360),-1.0673985967860196,0.7548554539680481,5
Receptor-Mediated Endocytosis Of Virus By Host Cell (GO:0019065),-1.068010572548464,0.7493963241577148,10
Steroid Hormone Mediated Signaling Pathway (GO:0043401),-1.0681279973059563,0.7654463052749634,10
Pharyngeal Arch Artery Morphogenesis (GO:0061626),-1.0682673210280715,0.7654463052749634,6
Negative Regulation Of Cation Transmembrane Transport (GO:1904063),-1.0687755144850852,0.718104898929596,15
Sodium Ion Transport (GO:0006814),-1.0714300240458083,0.7012237906455994,89
Platelet-Derived Growth Factor Receptor Signaling Pathway (GO:0048008),-1.0720137428911651,0.7333633303642273,15
cAMP Biosynthetic Process (GO:0006171),-1.0732525847032919,0.7533149719238281,9
Regulation Of Calcium Ion Transmembrane Transport Via High Voltage-Gated Calcium Channel (GO:1902514),-1.0747883460503034,0.7498902082443237,10
Cardiac Left Ventricle Morphogenesis (GO:0003214),-1.0749653812541282,0.7097871899604797,13
Embryonic Hemopoiesis (GO:0035162),-1.0767142839878339,0.7260397672653198,13
Response To Leptin (GO:0044321),-1.076724155904934,0.7341136336326599,8
Morphogenesis Of An Epithelial Sheet (GO:0002011),-1.0767589433359923,0.7468383312225342,9
Regulation Of Epithelial Cell Migration (GO:0010632),-1.0776429859126888,0.6417120099067688,50
Regulation Of Phospholipase Activity (GO:0010517),-1.0781594413750868,0.7341136336326599,10
Regulation Of Chondrocyte Differentiation (GO:0032330),-1.0783109700185671,0.6975004076957703,25
Regulation Of Mitotic Sister Chromatid Separation (GO:0010965),-1.0794431567803957,0.7194628715515137,10
Cardiac Ventricle Morphogenesis (GO:0003208),-1.08007183330629,0.7033200263977051,42
Negative Regulation Of Cell Junction Assembly (GO:1901889),-1.0803282612681695,0.6717749238014221,24
Vasoconstriction (GO:0042310),-1.0814297580440366,0.7356736063957214,9
Skeletal Muscle Thin Filament Assembly (GO:0030240),-1.0848011473449188,0.7536442875862122,6
Cardiac Muscle Cell Action Potential Involved In Contraction (GO:0086002),-1.0859008520291957,0.7012237906455994,30
Thyroid Gland Development (GO:0030878),-1.0871361582171484,0.7417450547218323,7
Regulation Of Cardiac Muscle Cell Proliferation (GO:0060043),-1.088723657082696,0.6939502358436584,20
Cellular Response To Catecholamine Stimulus (GO:0071870),-1.0906781702577013,0.7012237906455994,19
Regulation Of DNA Biosynthetic Process (GO:2000278),-1.0911452804051722,0.7012237906455994,34
Mesenchymal Cell Differentiation (GO:0048762),-1.0924016985689975,0.5930470824241638,54
Negative Regulation Of Response To Cytokine Stimulus (GO:0060761),-1.0934143474136222,0.7341136336326599,10
Glucosamine-Containing Compound Metabolic Process (GO:1901071),-1.0941961328515017,0.7194628715515137,14
Vesicle Docking (GO:0048278),-1.0950561657854334,0.7312004566192627,19
Negative Regulation Of Synaptic Transmission (GO:0050805),-1.096059294844449,0.7260397672653198,15
Negative Regulation Of Microtubule Polymerization Or Depolymerization (GO:0031111),-1.0966461196997703,0.6741706132888794,31
Positive Regulation Of Synapse Maturation (GO:0090129),-1.0973274042982806,0.7119008898735046,8
Regulation Of Endothelial Cell Differentiation (GO:0045601),-1.0979984772054607,0.7176213264465332,8
Positive Regulation Of Axon Extension (GO:0045773),-1.101246040287809,0.6813008785247803,19
Filopodium Assembly (GO:0046847),-1.1020901912339645,0.6949328780174255,17
Regulation Of Hemoglobin Biosynthetic Process (GO:0046984),-1.1022517546850268,0.6978586316108704,6
Positive Regulation Of Flagellated Sperm Motility (GO:1902093),-1.1037987462496737,0.7493963241577148,6
Positive Regulation Of Cilium-Dependent Cell Motility (GO:2000155),-1.1037987462496737,0.7493963241577148,6
Positive Regulation Of Cilium Movement (GO:0003353),-1.1037987462496737,0.7493963241577148,6
Regulation Of System Process (GO:0044057),-1.1043684706400791,0.7276989817619324,5
Regulation Of Flagellated Sperm Motility (GO:1901317),-1.104472777404994,0.7258020639419556,13
Angiogenesis Involved In Wound Healing (GO:0060055),-1.1048056321097708,0.7034834027290344,10
Tight Junction Assembly (GO:0120192),-1.1074508200604583,0.648006796836853,53
Synapse Assembly (GO:0007416),-1.109952289685356,0.662537157535553,71
His-Purkinje System Development (GO:0003164),-1.1101070149360588,0.7493963241577148,5
Notch Signaling Involved In Heart Development (GO:0061314),-1.110438772464582,0.7033200263977051,10
Genitalia Development (GO:0048806),-1.1108388175717967,0.7016209363937378,14
Regulation Of Protein Localization To Cell Cortex (GO:1904776),-1.1125632167517567,0.7017042636871338,7
Mitral Valve Morphogenesis (GO:0003183),-1.1131744717912826,0.7017437815666199,9
"Regulation Of CD8-positive, Alpha-Beta T Cell Activation (GO:2001185)",-1.1135343903731274,0.7312004566192627,9
Regulation Of Sodium Ion Transmembrane Transporter Activity (GO:2000649),-1.1138773503157546,0.6515330076217651,37
Response To Progesterone (GO:0032570),-1.1144314606382146,0.6852534413337708,13
Motile Cilium Assembly (GO:0044458),-1.115599369204153,0.7016209363937378,17
Negative Regulation Of Cell Cycle (GO:0045786),-1.1162817457493113,0.540816605091095,85
Mesoderm Morphogenesis (GO:0048332),-1.1164449302443462,0.6965005397796631,12
Regulation Of Cold-Induced Thermogenesis (GO:0120161),-1.1166261666371688,0.662537157535553,146
Negative Regulation Of PERK-mediated Unfolded Protein Response (GO:1903898),-1.1175406373946373,0.7341136336326599,5
Negative Regulation Of Epidermal Cell Differentiation (GO:0045605),-1.118239090612863,0.7228835821151733,6
Neural Tube Development (GO:0021915),-1.1184037292597964,0.6705283522605896,17
Anterior/Posterior Axis Specification (GO:0009948),-1.1186034594287662,0.7033200263977051,20
White Fat Cell Differentiation (GO:0050872),-1.118677226303275,0.7222442030906677,6
Regulation Of Dendritic Spine Maintenance (GO:1902950),-1.12169452465502,0.7333633303642273,8
Positive Regulation Of Protein Localization To Cell Periphery (GO:1904377),-1.1218754355278526,0.6757368445396423,51
Synaptic Membrane Adhesion (GO:0099560),-1.1231685094967558,0.6896011233329773,12
Regulation Of Extracellular Matrix Organization (GO:1903053),-1.1236371815377901,0.6968806982040405,23
Regulation Of Atrial Cardiac Muscle Cell Membrane Depolarization (GO:0060371),-1.1236688443361635,0.7139356136322021,6
Endothelial Cell Development (GO:0001885),-1.125818702299469,0.6391267776489258,20
Regulation Of BMP Signaling Pathway (GO:0030510),-1.1262881821748072,0.540816605091095,75
Regulation Of Cell Projection Organization (GO:0031344),-1.1270705491066249,0.6741706132888794,13
Limb Development (GO:0060173),-1.1271504025763515,0.5879676342010498,28
Negative Regulation Of Protein Localization To Cell Surface (GO:2000009),-1.1277349852215726,0.7012237906455994,9
HALLMARK_KRAS_SIGNALING_DN,-1.1283831030669507,0.0,200
Negative Regulation Of Circadian Rhythm (GO:0042754),-1.1291906309823183,0.7119008898735046,7
Regulation Of Establishment Or Maintenance Of Cell Polarity (GO:0032878),-1.12929076094865,0.6688748002052307,18
Heart Development (GO:0007507),-1.12962064064116,0.0,171
"Regulation Of Wnt Signaling Pathway, Planar Cell Polarity Pathway (GO:2000095)",-1.1301852762645446,0.6968806982040405,8
Regulation Of Cell-Cell Adhesion Mediated By Cadherin (GO:2000047),-1.132499782225878,0.6751652359962463,18
Regulation Of Rab Protein Signal Transduction (GO:0032483),-1.1326931959208482,0.6978586316108704,6
Positive Regulation Of Transmembrane Receptor Protein Serine/Threonine Kinase Signaling Pathway (GO:0090100),-1.1333239509148574,0.34792792797088623,95
Membrane Depolarization (GO:0051899),-1.1333792037961377,0.6845987439155579,13
Presynaptic Membrane Assembly (GO:0097105),-1.1336113775249235,0.7012237906455994,8
Regulation Of Cardiac Muscle Cell Action Potential Involved In Regulation Of Contraction (GO:0098909),-1.1344249354645688,0.7012237906455994,7
Negative Regulation Of Cell Activation (GO:0050866),-1.1372196966617985,0.6640825271606445,13
Axonemal Central Apparatus Assembly (GO:1904158),-1.1392459701103068,0.7160070538520813,5
Smooth Muscle Cell Differentiation (GO:0051145),-1.1398827381593533,0.6844269037246704,11
Plasma Membrane Tubulation (GO:0097320),-1.1441872125759813,0.6686134338378906,13
Plasma Membrane Raft Organization (GO:0044857),-1.144647067153531,0.6968806982040405,5
Calcium-Independent Cell-Cell Adhesion Via Plasma Membrane Cell-Adhesion Molecules (GO:0016338),-1.1450567934136948,0.6135127544403076,19
Epithelial To Mesenchymal Transition (GO:0001837),-1.1451597109541105,0.5547037720680237,47
Regulation Of Calcium Ion Transmembrane Transporter Activity (GO:1901019),-1.1466840933402105,0.6343708634376526,32
Regulation Of SA Node Cell Action Potential (GO:0098907),-1.1488626809421423,0.7017437815666199,6
Ventricular Trabecula Myocardium Morphogenesis (GO:0003222),-1.1511863033505239,0.6756815910339355,7
Ventricular Cardiac Muscle Cell Action Potential (GO:0086005),-1.1513528205787011,0.6813547611236572,17
Hindlimb Morphogenesis (GO:0035137),-1.1530057633420507,0.6968806982040405,6
Cellular Response To Osmotic Stress (GO:0071470),-1.1545495824203693,0.5879676342010498,28
Regulation Of Extracellular Matrix Assembly (GO:1901201),-1.1548888976348795,0.6965005397796631,6
Metal Ion Transport (GO:0030001),-1.1561427652609297,0.0,171
Skeletal Muscle Tissue Regeneration (GO:0043403),-1.156640373576245,0.6949967741966248,9
Left/Right Pattern Formation (GO:0060972),-1.156641068067618,0.5729913711547852,32
Long-Term Memory (GO:0007616),-1.1581243438557296,0.6134291291236877,20
Negative Regulation Of Cold-Induced Thermogenesis (GO:0120163),-1.15848300566148,0.5751200318336487,46
Piecemeal Microautophagy Of The Nucleus (GO:0034727),-1.1598746351006637,0.6813008785247803,9
Neuronal Action Potential (GO:0019228),-1.1604102145052322,0.6717749238014221,8
Mitochondrion Distribution (GO:0048311),-1.1610593672040028,0.6849635243415833,11
Regulation Of Mitotic Sister Chromatid Segregation (GO:0033047),-1.1618777937441251,0.6705283522605896,8
Generation Of Neurons (GO:0048699),-1.1619969636990533,0.0,172
Neuromuscular Synaptic Transmission (GO:0007274),-1.1632294926947586,0.662537157535553,18
Negative Regulation Of p38MAPK Cascade (GO:1903753),-1.1633806811848206,0.6968806982040405,6
Vasodilation (GO:0042311),-1.164865813456835,0.6640825271606445,15
Muscle Cell Differentiation (GO:0042692),-1.1659890227961067,0.6197274327278137,37
Positive Regulation Of Extracellular Matrix Assembly (GO:1901203),-1.1668343043290699,0.6939502358436584,8
Lysosomal Microautophagy (GO:0016237),-1.1673180230647018,0.6684502959251404,11
Muscle Cell Fate Commitment (GO:0042693),-1.1686509397064286,0.662537157535553,9
Presynaptic Membrane Organization (GO:0097090),-1.1724906823914123,0.6595624685287476,9
Regulation Of Pathway-Restricted SMAD Protein Phosphorylation (GO:0060393),-1.172498195885585,0.4829012453556061,61
Atrial Cardiac Muscle Tissue Development (GO:0003228),-1.173535996136937,0.6686134338378906,12
Cholesterol Transport (GO:0030301),-1.173769991811849,0.4699059724807739,51
Determination Of Bilateral Symmetry (GO:0009855),-1.1744160593477508,0.5668857097625732,28
Positive Regulation Of Vasculogenesis (GO:2001214),-1.176735999878271,0.6741706132888794,9
Regulation Of Programmed Necrotic Cell Death (GO:0062098),-1.1767763112821368,0.662537157535553,10
Regulation Of Transmembrane Receptor Protein Serine/Threonine Kinase Signaling Pathway (GO:0090092),-1.1795140032486815,0.5879676342010498,31
Intraciliary Transport Involved In Cilium Assembly (GO:0035735),-1.179675389621153,0.6595624685287476,6
Negative Regulation Of Centriole Replication (GO:0046600),-1.1801806744026155,0.6741176247596741,6
Regulation Of Smooth Muscle Contraction (GO:0006940),-1.1810700519026143,0.5845082402229309,20
Regulation Of Guanylate Cyclase Activity (GO:0031282),-1.1814527133214072,0.6741706132888794,5
Hippo Signaling (GO:0035329),-1.18247727721283,0.6134291291236877,17
Embryonic Hindlimb Morphogenesis (GO:0035116),-1.1861718217464539,0.6968806982040405,5
Long-Term Synaptic Potentiation (GO:0060291),-1.1865018606310533,0.5985450744628906,20
Positive Regulation Of Triglyceride Metabolic Process (GO:0090208),-1.1868665351049232,0.6291394829750061,18
Adherens Junction Organization (GO:0034332),-1.190554438952314,0.5908489227294922,35
Coronary Vasculature Morphogenesis (GO:0060977),-1.1914046700370469,0.6577097773551941,7
Negative Regulation Of Platelet Aggregation (GO:0090331),-1.1917085456512146,0.657895028591156,8
Regulation Of Necroptotic Process (GO:0060544),-1.193045125437289,0.6135127544403076,20
Striated Muscle Cell Development (GO:0055002),-1.1936249494073023,0.6166093945503235,14
Melanin Biosynthetic Process (GO:0042438),-1.1942413567472037,0.6151368618011475,7
Renal Water Homeostasis (GO:0003091),-1.1942446932830204,0.6661221981048584,14
Kidney Epithelium Development (GO:0072073),-1.1943274428096515,0.6263805031776428,7
Nucleotide Transport (GO:0006862),-1.194770230833637,0.6476036310195923,6
Bicellular Tight Junction Assembly (GO:0070830),-1.1950521167013088,0.5668857097625732,47
Positive Regulation Of Nitric-Oxide Synthase Biosynthetic Process (GO:0051770),-1.1952056142940901,0.6540907025337219,10
Positive Regulation Of Triglyceride Biosynthetic Process (GO:0010867),-1.1953031304212995,0.6428542137145996,11
Cardiac Conduction System Development (GO:0003161),-1.1953102141971437,0.6036662459373474,25
Regulation Of Ossification (GO:0030278),-1.1954084665480569,0.5588831901550293,37
Postsynaptic Density Organization (GO:0097106),-1.197265877769568,0.662537157535553,7
Regulation Of Long-Term Neuronal Synaptic Plasticity (GO:0048169),-1.197494616572883,0.6686134338378906,10
Regulation Of Muscle Contraction (GO:0006937),-1.1992750994992536,0.5171025991439819,29
Ameboidal-Type Cell Migration (GO:0001667),-1.1994399992631033,0.6226050853729248,20
Actin Filament Reorganization (GO:0090527),-1.2014040111929782,0.662537157535553,6
Cellular Response To Growth Factor Stimulus (GO:0071363),-1.2026898487197988,0.0,155
Neuron Migration (GO:0001764),-1.2055339867219403,0.4209918677806854,55
Response To Gonadotropin (GO:0034698),-1.2058819061446964,0.6847587823867798,5
Cell Surface Receptor Signaling Pathway Involved In Heart Development (GO:0061311),-1.2077444305038734,0.5875954627990723,16
Cellular Response To Transforming Growth Factor Beta Stimulus (GO:0071560),-1.2109087017501619,0.46504348516464233,96
Glutamate Receptor Signaling Pathway (GO:0007215),-1.210981946312658,0.5285605192184448,35
Response To Heparin (GO:0071503),-1.2114052558387194,0.6741176247596741,5
Sodium-Independent Organic Anion Transport (GO:0043252),-1.2119732645207804,0.6062582731246948,13
Negative Regulation Of Homotypic Cell-Cell Adhesion (GO:0034111),-1.2128625367457269,0.5875416398048401,10
Cyclic-Nucleotide-Mediated Signaling (GO:0019935),-1.2129062014026728,0.5025701522827148,40
Cardiac Epithelial To Mesenchymal Transition (GO:0060317),-1.2132869039653833,0.5844752192497253,19
Regulation Of Nuclear-Transcribed mRNA poly(A) Tail Shortening (GO:0060211),-1.21786605056482,0.5651351809501648,14
Vascular Associated Smooth Muscle Cell Differentiation (GO:0035886),-1.2194488844147253,0.6174061894416809,8
Inorganic Cation Import Across Plasma Membrane (GO:0098659),-1.2204652938145635,0.0,103
Cell-Cell Junction Maintenance (GO:0045217),-1.2210187266877874,0.6134291291236877,12
Positive Regulation Of miRNA-mediated Gene Silencing (GO:2000637),-1.221394913082402,0.6241791844367981,9
Negative Regulation Of Epithelial Cell Apoptotic Process (GO:1904036),-1.2221836238230404,0.4226781725883484,38
Sprouting Angiogenesis (GO:0002040),-1.2249219810744045,0.41863012313842773,52
Regulation Of Peptidyl-Lysine Acetylation (GO:2000756),-1.225519228881006,0.6134291291236877,10
Inhibitory Postsynaptic Potential (GO:0060080),-1.229248714648203,0.6311372518539429,7
Epithelial Cell Apoptotic Process (GO:1904019),-1.2305143081258343,0.6665598154067993,10
cAMP Metabolic Process (GO:0046058),-1.2305332335175834,0.5879676342010498,12
Regulation Of Heterotypic Cell-Cell Adhesion (GO:0034114),-1.2309214142908762,0.4747307300567627,24
Membrane Biogenesis (GO:0044091),-1.2316022865221041,0.6317719221115112,6
Calcium Ion Transport Into Cytosol (GO:0060402),-1.232669672022658,0.5575624704360962,9
Coronary Vasculature Development (GO:0060976),-1.2354311691725555,0.612298309803009,7
Regulation Of Sensory Perception Of Pain (GO:0051930),-1.2372028471514576,0.5488505959510803,14
Regulation Of Microtubule-Based Process (GO:0032886),-1.2387893755558017,0.4210360646247864,41
Regulation Of Tumor Necrosis Factor Superfamily Cytokine Production (GO:1903555),-1.2394352252241023,0.6166093945503235,8
Regulation Of Postsynaptic Membrane Potential (GO:0060078),-1.2402760365998593,0.4213530421257019,35
Kidney Development (GO:0001822),-1.2405273741851408,0.4226781725883484,71
Inositol Lipid-Mediated Signaling (GO:0048017),-1.2408706450184086,0.5171025991439819,33
Endothelial Cell Differentiation (GO:0045446),-1.2409040504414899,0.6166093945503235,13
Regulation Of Muscle System Process (GO:0090257),-1.2440986401835297,0.5875416398048401,11
Dendrite Arborization (GO:0140059),-1.2453799191152954,0.6391267776489258,6
Postsynaptic Membrane Organization (GO:0001941),-1.2456209135290737,0.5845082402229309,17
Positive Regulation Of Nuclear-Transcribed mRNA poly(A) Tail Shortening (GO:0060213),-1.246688592203565,0.5764374136924744,12
Amino-Acid Betaine Transport (GO:0015838),-1.2476365209632907,0.6661221981048584,7
Embryonic Organ Development (GO:0048568),-1.2478465645123291,0.3579652011394501,77
Positive Regulation Of Pathway-Restricted SMAD Protein Phosphorylation (GO:0010862),-1.248464377624428,0.461950421333313,49
Carbon Dioxide Transport (GO:0015670),-1.2488686882703721,0.6173648238182068,11
Positive Regulation Of Axonogenesis (GO:0050772),-1.249103709473872,0.4772869348526001,38
Regulation Of Positive Chemotaxis (GO:0050926),-1.2494264204588033,0.596185564994812,7
Cell-Cell Signaling Involved In Cardiac Conduction (GO:0086019),-1.2500120166947066,0.6468520164489746,5
Regulation Of Ventricular Cardiac Muscle Cell Membrane Depolarization (GO:0060373),-1.2503723089255234,0.6332222819328308,5
Regulation Of miRNA Transcription (GO:1902893),-1.250933301439708,0.38269007205963135,59
HALLMARK_TNFA_SIGNALING_VIA_NFKB,-1.256650569358216,0.0,200
Response To Fibroblast Growth Factor (GO:0071774),-1.2589238646076744,0.5101048946380615,20
Adult Feeding Behavior (GO:0008343),-1.2596377195383888,0.6068909168243408,6
Positive Regulation Of Fatty Acid Oxidation (GO:0046321),-1.2608792795897366,0.5756480097770691,12
Pyrimidine Nucleobase Metabolic Process (GO:0006206),-1.2634641634455257,0.5469545722007751,11
Cell Junction Assembly (GO:0034329),-1.264663004230342,0.41262248158454895,95
Cellular Response To Potassium Ion (GO:0035865),-1.265610324361549,0.581203281879425,7
Response To Potassium Ion (GO:0035864),-1.265610324361549,0.581203281879425,7
Negative Regulation Of Rho Protein Signal Transduction (GO:0035024),-1.2673425615063358,0.5672838091850281,17
Positive Regulation Of Cell Migration Involved In Sprouting Angiogenesis (GO:0090050),-1.2681440715404797,0.5488505959510803,16
Cellular Response To Vascular Endothelial Growth Factor Stimulus (GO:0035924),-1.268485093187968,0.45049339532852173,34
miRNA Metabolic Process (GO:0010586),-1.2691007144346211,0.5226455926895142,15
cGMP Metabolic Process (GO:0046068),-1.269147615700961,0.581203281879425,11
Negative Regulation Of Potassium Ion Transmembrane Transport (GO:1901380),-1.27000358921837,0.5699630379676819,11
Epithelial To Mesenchymal Transition Involved In Endocardial Cushion Formation (GO:0003198),-1.27035211376158,0.5729913711547852,8
Regulation Of Cell Migration Involved In Sprouting Angiogenesis (GO:0090049),-1.270892129257622,0.5467710494995117,30
Cellular Glucuronidation (GO:0052695),-1.2709490838096704,0.5522701740264893,15
Glucuronate Metabolic Process (GO:0019585),-1.2709490838096704,0.5522701740264893,15
Positive Regulation Of Vascular Permeability (GO:0043117),-1.2721544970560843,0.5879676342010498,11
Positive Regulation Of Potassium Ion Transmembrane Transporter Activity (GO:1901018),-1.2722372418066261,0.5488505959510803,13
Transforming Growth Factor Beta Receptor Signaling Pathway (GO:0007179),-1.272720156427128,0.0,72
Podocyte Development (GO:0072015),-1.2744157581887392,0.5908489227294922,6
Regulation Of Endothelial Cell Apoptotic Process (GO:2000351),-1.2749208835519248,0.212947815656662,43
Transmembrane Receptor Protein Serine/Threonine Kinase Signaling Pathway (GO:0007178),-1.2749751962820077,0.0,130
Regulation Of Dendrite Development (GO:0050773),-1.2760350308170445,0.4977106750011444,41
Peptidyl-Tyrosine Dephosphorylation Involved In Inactivation Of Protein Kinase Activity (GO:1990264),-1.2786666109693436,0.5994459390640259,7
Regulation Of Retinal Ganglion Cell Axon Guidance (GO:0090259),-1.2789553747987386,0.5985450744628906,5
Aromatic Compound Catabolic Process (GO:0019439),-1.27973965017425,0.5757829546928406,7
Regulation Of Mitotic Spindle Checkpoint (GO:1903504),-1.2809020875116546,0.6291394829750061,5
Regulation Of Endothelial Cell Development (GO:1901550),-1.2819797090698892,0.581203281879425,8
Smooth Muscle Contraction (GO:0006939),-1.2823355247302168,0.4902673661708832,14
Response To Alkaloid (GO:0043279),-1.2842875342380156,0.6362712979316711,6
Atrioventricular Valve Formation (GO:0003190),-1.285986191029248,0.5875416398048401,6
Regulation Of Hydrolase Activity (GO:0051336),-1.286170511251614,0.3765866756439209,71
Regulation Of Extracellular Matrix Constituent Secretion (GO:0003330),-1.2864821172509553,0.5756480097770691,7
Regulation Of Peroxisome Proliferator Activated Receptor Signaling Pathway (GO:0035358),-1.2871496330025003,0.5842897295951843,10
Innate Immune Response In Mucosa (GO:0002227),-1.2889017892888581,0.49214571714401245,21
Secondary Palate Development (GO:0062009),-1.289751405070507,0.5689284205436707,13
Negative Regulation Of Cardiac Muscle Hypertrophy (GO:0010614),-1.2900371693411914,0.5496026277542114,12
Negative Regulation Of Vascular Permeability (GO:0043116),-1.2935349120496895,0.5423935055732727,11
Regulation Of Cell-Substrate Junction Assembly (GO:0090109),-1.294166097760908,0.4963649809360504,21
Adenylate Cyclase-Inhibiting G Protein-Coupled Acetylcholine Receptor Signaling Pathway (GO:0007197),-1.294483036256778,0.5668857097625732,7
Respiratory System Development (GO:0060541),-1.2948762192256187,0.3579652011394501,32
Adenylate Cyclase-Modulating G Protein-Coupled Receptor Signaling Pathway (GO:0007188),-1.296222256231708,0.0,163
Cell Proliferation In Forebrain (GO:0021846),-1.2985105433669015,0.560787558555603,10
Cellular Response To UV-B (GO:0071493),-1.2990945308291273,0.5778433680534363,11
Positive Regulation Of BMP Signaling Pathway (GO:0030513),-1.2994788970527091,0.41851702332496643,24
Excitatory Synapse Assembly (GO:1904861),-1.302151988446634,0.5725277066230774,9
mRNA Splice Site Recognition (GO:0006376),-1.30267530709355,0.3982129693031311,29
Cartilage Development (GO:0051216),-1.3045710566336128,0.23651015758514404,52
Muscle Contraction (GO:0006936),-1.3051339510120856,0.4226781725883484,94
Retinoic Acid Receptor Signaling Pathway (GO:0048384),-1.3067798600372886,0.5757829546928406,11
Intestinal Epithelial Cell Differentiation (GO:0060575),-1.307595817932254,0.581203281879425,8
Negative Regulation Of Excitatory Postsynaptic Potential (GO:0090394),-1.3080485018752135,0.5908489227294922,5
Epithelial Cilium Movement Involved In Extracellular Fluid Movement (GO:0003351),-1.3091303399312535,0.5379948616027832,20
Ureter Development (GO:0072189),-1.3105504809403061,0.5676447153091431,6
Regulation Of Vascular Endothelial Growth Factor Signaling Pathway (GO:1900746),-1.3129836871990637,0.5033707022666931,19
Ventricular Septum Morphogenesis (GO:0060412),-1.313486185097031,0.41188451647758484,27
Sterol Transport (GO:0015918),-1.3142747534027397,0.4213530421257019,25
Negative Regulation Of Potassium Ion Transport (GO:0043267),-1.3164570807795157,0.5171025991439819,12
Regulation Of Sensory Perception (GO:0051931),-1.3187908158787,0.5169215202331543,12
Elastic Fiber Assembly (GO:0048251),-1.3190724793143276,0.5689284205436707,6
Regulation Of Dopamine Receptor Signaling Pathway (GO:0060159),-1.3191195788462131,0.5764374136924744,7
Embryo Development Ending In Birth Or Egg Hatching (GO:0009792),-1.3208261629536018,0.48589038848876953,17
Regulation Of Relaxation Of Cardiac Muscle (GO:1901897),-1.3211466628524355,0.5845082402229309,5
Aortic Valve Morphogenesis (GO:0003180),-1.3231351010742582,0.4052315056324005,37
Monocyte Activation (GO:0042117),-1.3251692827765544,0.5699630379676819,8
Angiotensin-Activated Signaling Pathway (GO:0038166),-1.3255526725339077,0.5668857097625732,6
"Synaptic Transmission, GABAergic (GO:0051932)",-1.3261937077236212,0.4911511242389679,14
Cellular Response To Gonadotropin Stimulus (GO:0071371),-1.3269575473614277,0.5659038424491882,6
Positive Regulation Of Hemoglobin Biosynthetic Process (GO:0046985),-1.327469084346273,0.5708328485488892,5
Lymphocyte Migration Into Lymphoid Organs (GO:0097021),-1.3275223858670966,0.5761590600013733,6
Insulin Receptor Signaling Pathway (GO:0008286),-1.3293360723331646,0.23019972443580627,47
Cellular Response To Fibroblast Growth Factor Stimulus (GO:0044344),-1.3297799222536955,0.2336493581533432,55
Cell-Substrate Junction Assembly (GO:0007044),-1.3302478799333934,0.41851702332496643,28
Regulation Of Cartilage Development (GO:0061035),-1.33096529808417,0.42165470123291016,17
Regulation Of Microtubule Cytoskeleton Organization (GO:0070507),-1.3309839107264025,0.33934009075164795,40
Multicellular Organismal-Level Water Homeostasis (GO:0050891),-1.3350880015544853,0.5033707022666931,19
Determination Of Left/Right Symmetry (GO:0007368),-1.3359630001947074,0.3560645282268524,45
Membrane Depolarization During Cardiac Muscle Cell Action Potential (GO:0086012),-1.3394290494946948,0.47960329055786133,16
Semaphorin-Plexin Signaling Pathway Involved In Neuron Projection Guidance (GO:1902285),-1.3396856093515759,0.5108354091644287,12
Lung Development (GO:0030324),-1.3397184216593838,0.3657386898994446,33
Cilium Disassembly (GO:0061523),-1.3406347302592416,0.5659038424491882,5
Arachidonate Transport (GO:1903963),-1.340680380990412,0.5389841198921204,9
Arachidonic Acid Secretion (GO:0050482),-1.340680380990412,0.5389841198921204,9
Semaphorin-Plexin Signaling Pathway Involved In Axon Guidance (GO:1902287),-1.3429519387874034,0.5569362044334412,8
Tight Junction Organization (GO:0120193),-1.3430438523955788,0.5625062584877014,5
Phospholipase C-activating Dopamine Receptor Signaling Pathway (GO:0060158),-1.3435928503561072,0.5423935055732727,6
Serotonin Transport (GO:0006837),-1.348712139465643,0.489155650138855,9
Heart Trabecula Formation (GO:0060347),-1.3491436561320937,0.5699630379676819,6
Artery Development (GO:0060840),-1.3503137222595618,0.3533998429775238,23
Determination Of Digestive Tract Left/Right Asymmetry (GO:0071907),-1.3507856650339554,0.5668857097625732,6
Regulation Of Organ Growth (GO:0046620),-1.3517554273835564,0.4968549907207489,8
Digestive System Development (GO:0055123),-1.3544295581346015,0.47804632782936096,11
Positive Regulation Of Cardiac Muscle Tissue Growth (GO:0055023),-1.3551403851324255,0.46987929940223694,16
Activation Of Adenylate Cyclase Activity (GO:0007190),-1.3558210151865968,0.4388786852359772,20
Negative Regulation Of Actin Filament Depolymerization (GO:0030835),-1.3572247469672878,0.5756480097770691,5
Negative Regulation Of Axonogenesis (GO:0050771),-1.3618053475867138,0.4183650314807892,22
Regulation Of Small GTPase Mediated Signal Transduction (GO:0051056),-1.3619794164875798,0.0,118
Bleb Assembly (GO:0032060),-1.3637767042267577,0.5573531985282898,6
Outer Dynein Arm Assembly (GO:0036158),-1.3656783468837723,0.46634620428085327,21
Hyperosmotic Response (GO:0006972),-1.3691097902901523,0.5423935055732727,7
Regulation Of Fatty Acid Metabolic Process (GO:0019217),-1.36929901708786,0.5046225190162659,11
Positive Regulation Of Cartilage Development (GO:0061036),-1.3706308025404446,0.4203609526157379,17
Collecting Duct Development (GO:0072044),-1.371609052499213,0.5564215183258057,7
"Regulation Of Wound Healing, Spreading Of Epidermal Cells (GO:1903689)",-1.3724207919048932,0.5461919903755188,7
Telencephalon Cell Migration (GO:0022029),-1.3733092344841784,0.5254340171813965,5
Focal Adhesion Assembly (GO:0048041),-1.3735325888112573,0.4325047731399536,21
In Utero Embryonic Development (GO:0001701),-1.3738792725355506,0.4408067762851715,27
Positive Regulation Of Endothelial Cell Development (GO:1901552),-1.3750788816024417,0.5672838091850281,5
Positive Regulation Of Establishment Of Endothelial Barrier (GO:1903142),-1.3750788816024417,0.5672838091850281,5
Mammary Gland Development (GO:0030879),-1.3751272654270124,0.41851702332496643,22
Positive Regulation Of Gap Junction Assembly (GO:1903598),-1.3777241353476621,0.5756480097770691,5
Type B Pancreatic Cell Differentiation (GO:0003309),-1.3781408252014076,0.5379932522773743,8
Intracellular Water Homeostasis (GO:0009992),-1.378340559637251,0.5394173860549927,5
Myoblast Differentiation (GO:0045445),-1.379027080111298,0.38605913519859314,20
Ureteric Bud Morphogenesis (GO:0060675),-1.3811025907556975,0.4226781725883484,18
Phasic Smooth Muscle Contraction (GO:0014821),-1.3823117067758766,0.45535561442375183,11
Regulation Of Vasculogenesis (GO:2001212),-1.3826379001861089,0.4550747573375702,13
Cardiac Muscle Tissue Development (GO:0048738),-1.383141610088756,0.27224376797676086,52
Negative Regulation Of G1/S Transition Of Mitotic Cell Cycle (GO:2000134),-1.3850834320128242,0.18505510687828064,32
Negative Regulation Of Activin Receptor Signaling Pathway (GO:0032926),-1.3852568076681417,0.4829012453556061,10
Negative Regulation Of Hematopoietic Progenitor Cell Differentiation (GO:1901533),-1.3875699798852559,0.47340524196624756,6
Adherens Junction Maintenance (GO:0034334),-1.3897008452838968,0.5392760038375854,6
Skeletal System Morphogenesis (GO:0048705),-1.3899421988555887,0.34792792797088623,43
Cardiac Muscle Hypertrophy (GO:0003300),-1.3905054586530066,0.4945102035999298,7
Regulation Of Hippo Signaling (GO:0035330),-1.391197498041268,0.3878936171531677,25
Sulfation (GO:0051923),-1.3913860985010997,0.45558035373687744,16
Positive Regulation Of Cardiac Muscle Cell Proliferation (GO:0060045),-1.392975213719105,0.46285587549209595,13
Negative Regulation Of Steroid Metabolic Process (GO:0045939),-1.3940279857186244,0.5046225190162659,6
Negative Regulation Of Complement Activation (GO:0045916),-1.3949496073936893,0.4364162087440491,12
Regulation Of Sodium Ion Transport (GO:0002028),-1.3967322579410428,0.33729088306427,35
Myelin Assembly (GO:0032288),-1.3972393493810038,0.493772029876709,9
Regulation Of Dendrite Morphogenesis (GO:0048814),-1.399167211656134,0.31180211901664734,31
Monoamine Transport (GO:0015844),-1.401071780117812,0.4226781725883484,10
Negative Regulation Of Cell Cycle G1/S Phase Transition (GO:1902807),-1.4017519164848864,0.19329887628555298,35
Sensory Perception Of Sour Taste (GO:0050915),-1.4062208763088184,0.4871734082698822,8
Regulation Of Type B Pancreatic Cell Proliferation (GO:0061469),-1.4067132487914078,0.49141621589660645,5
Positive Regulation Of Dendrite Extension (GO:1903861),-1.4068511243270805,0.4115714132785797,17
Negative Regulation Of Sodium Ion Transmembrane Transporter Activity (GO:2000650),-1.4076124707701543,0.4871734082698822,10
Vascular Associated Smooth Muscle Cell Development (GO:0097084),-1.4112494262570972,0.489155650138855,6
Learned Vocalization Behavior Or Vocal Learning (GO:0098598),-1.4123049005978816,0.47485828399658203,8
Auditory Behavior (GO:0031223),-1.4123049005978816,0.47485828399658203,8
Neurotransmitter Reuptake (GO:0098810),-1.417229959064273,0.4945102035999298,8
Serotonin Uptake (GO:0051610),-1.417229959064273,0.4945102035999298,8
Regulation Of Epinephrine Secretion (GO:0014060),-1.4180061650984095,0.5444800853729248,5
Regulation Of Vasoconstriction (GO:0019229),-1.4182732780610194,0.35877731442451477,26
Cell Migration Involved In Heart Development (GO:0060973),-1.4221846642209623,0.48057621717453003,7
Extracellular Matrix Assembly (GO:0085029),-1.4222735032501053,0.3180941045284271,17
Branching Morphogenesis Of An Epithelial Tube (GO:0048754),-1.426953987676743,0.2705793082714081,42
Regulation Of Cilium Beat Frequency (GO:0003356),-1.4302421292609606,0.4969160258769989,7
Intestinal Lipid Absorption (GO:0098856),-1.4318254225433096,0.46987929940223694,11
Skeletal Muscle Tissue Development (GO:0007519),-1.4321058159547202,0.18347743153572083,42
Embryonic Heart Tube Development (GO:0035050),-1.4323408476626511,0.3614281117916107,17
Amylin Receptor Signaling Pathway (GO:0097647),-1.4324951107606965,0.4977106750011444,5
Cell Migration Involved In Sprouting Angiogenesis (GO:0002042),-1.4348150917612765,0.37556442618370056,17
Negative Regulation Of Protein Depolymerization (GO:1901880),-1.435442781071018,0.2821567952632904,23
Axonemal Dynein Complex Assembly (GO:0070286),-1.4387143552797097,0.29860782623291016,37
Cell-Cell Junction Organization (GO:0045216),-1.4393111480920366,0.0,68
Central Nervous System Neuron Differentiation (GO:0021953),-1.4396506791057186,0.34189945459365845,31
Regulation Of Dendrite Extension (GO:1903859),-1.441203539773032,0.33729088306427,18
Inner Dynein Arm Assembly (GO:0036159),-1.4412566945728347,0.47635388374328613,14
Positive Regulation Of Excitatory Postsynaptic Potential (GO:2000463),-1.4415677349683134,0.3519265055656433,22
Ventricular Cardiac Muscle Tissue Development (GO:0003229),-1.4423988475036875,0.359518826007843,25
Muscle Tissue Development (GO:0060537),-1.4425195134126376,0.279853492975235,37
Ventricular Cardiac Muscle Tissue Morphogenesis (GO:0055010),-1.4431046177868359,0.278527170419693,33
Fat Cell Differentiation (GO:0045444),-1.4443750422126629,0.0,62
Regulation Of Opsonization (GO:1903027),-1.4480378198062052,0.4891654849052429,10
HALLMARK_UV_RESPONSE_DN,-1.4519965063768987,0.0,144
Type B Pancreatic Cell Development (GO:0003323),-1.4539747537430983,0.48057621717453003,6
T Cell Apoptotic Process (GO:0070231),-1.4540932922438452,0.5061220526695251,7
Negative Regulation Of Dendritic Spine Development (GO:0061000),-1.4565301388930976,0.5171025991439819,6
Detection Of Visible Light (GO:0009584),-1.4569885334475015,0.3657386898994446,17
Negative Regulation Of Fatty Acid Oxidation (GO:0046322),-1.4583059774705676,0.46987929940223694,7
Blood Vessel Morphogenesis (GO:0048514),-1.4617424855377457,0.23963794112205505,53
T Cell Mediated Cytotoxicity (GO:0001913),-1.465582731967509,0.47331300377845764,8
Cardiac Muscle Cell Development (GO:0055013),-1.4666325497974113,0.2803571820259094,26
Regulation Of Skeletal Muscle Contraction (GO:0014819),-1.4678169949963715,0.4622909426689148,6
"Neurotransmitter Receptor Transport, Postsynaptic Endosome To Lysosome (GO:0098943)",-1.4733208795763566,0.489155650138855,6
Brown Fat Cell Differentiation (GO:0050873),-1.4745255034753821,0.4772869348526001,8
Skeletal Muscle Organ Development (GO:0060538),-1.4745761562124495,0.2773571312427521,35
Podocyte Cell Migration (GO:0090521),-1.4748189558419667,0.46473029255867004,5
Branching Involved In Ureteric Bud Morphogenesis (GO:0001658),-1.4755869080329829,0.3186178207397461,18
Midbrain Dopaminergic Neuron Differentiation (GO:1904948),-1.4774637548166984,0.37556442618370056,10
Spermatid Development (GO:0007286),-1.4785577395396177,0.0,53
Vocal Learning (GO:0042297),-1.479458891750941,0.4396435618400574,5
Imitative Learning (GO:0098596),-1.479458891750941,0.4396435618400574,5
Schwann Cell Development (GO:0014044),-1.4823910843609565,0.3657386898994446,8
Peripheral Nervous System Axon Ensheathment (GO:0032292),-1.4823910843609565,0.3657386898994446,8
Forebrain Neuron Development (GO:0021884),-1.4837186977664207,0.4210360646247864,6
Embryonic Digestive Tract Morphogenesis (GO:0048557),-1.4860611567417412,0.4360455870628357,8
Regulation Of Neuron Projection Arborization (GO:0150011),-1.4867517869830327,0.32154881954193115,14
Long-Chain Fatty Acid Catabolic Process (GO:0042758),-1.4869410958931428,0.4360455870628357,6
Axon Ensheathment In Central Nervous System (GO:0032291),-1.488703256035594,0.4686765670776367,7
cGMP-mediated Signaling (GO:0019934),-1.4915702179315298,0.37207791209220886,17
Negative Regulation Of Sodium Ion Transmembrane Transport (GO:1902306),-1.4924674725064369,0.4285781681537628,9
Nucleobase Catabolic Process (GO:0046113),-1.4928069567774471,0.40150150656700134,6
Glandular Epithelial Cell Development (GO:0002068),-1.493954586874058,0.4634954631328583,6
Negative Regulation Of Endothelial Cell Apoptotic Process (GO:2000352),-1.4977514912578016,0.31030145287513733,26
Vasculature Development (GO:0001944),-1.4983789926667994,0.41424018144607544,16
Cardiac Ventricle Development (GO:0003231),-1.4990577711291622,0.31030145287513733,19
Calcium Ion Import Across Plasma Membrane (GO:0098703),-1.4999291342699888,0.359518826007843,37
Sarcomere Organization (GO:0045214),-1.5003519980843738,0.19329887628555298,29
Positive Regulation Of Heart Rate (GO:0010460),-1.5029990776821003,0.2781153917312622,17
Desensitization Of G Protein-Coupled Receptor Signaling Pathway (GO:0002029),-1.5037684157623568,0.41200339794158936,11
Amine Metabolic Process (GO:0009308),-1.5039373278326167,0.4210360646247864,9
Striated Muscle Hypertrophy (GO:0014897),-1.5050807779123552,0.4226781725883484,5
Limb Morphogenesis (GO:0035108),-1.5068760890800237,0.2516649067401886,20
Negative Regulation Of Astrocyte Differentiation (GO:0048712),-1.5094301670728074,0.43193724751472473,5
Negative Regulation Of Myeloid Cell Differentiation (GO:0045638),-1.5106483150595806,0.3121734857559204,22
SA Node Cell Action Potential (GO:0086015),-1.510841618413684,0.4374602437019348,6
Positive Regulation Of Blood Pressure (GO:0045777),-1.512378121207159,0.37413960695266724,8
Ventricular Septum Development (GO:0003281),-1.5132929373580164,0.0,37
Establishment Of Planar Polarity (GO:0001736),-1.5135049632716921,0.41239073872566223,7
SMAD Protein Signal Transduction (GO:0060395),-1.5145262908957484,0.22117452323436737,51
Regulation Of Cellular Response To Transforming Growth Factor Beta Stimulus (GO:1903844),-1.5192446853507726,0.16182522475719452,23
Lymphatic Endothelial Cell Differentiation (GO:0060836),-1.5252631979261349,0.34792792797088623,7
Regulation Of Renal Sodium Excretion (GO:0035813),-1.5254336557898687,0.4030797481536865,5
Cilium Movement Involved In Cell Motility (GO:0060294),-1.5276826049108092,0.4273698925971985,8
Positive Regulation Of Interleukin-5 Production (GO:0032754),-1.5287853942597773,0.35877731442451477,6
Cellular Response To Fluid Shear Stress (GO:0071498),-1.5304275265837288,0.3191145062446594,11
Synaptic Signaling (GO:0099536),-1.5312058555696602,0.4210360646247864,6
Cholesterol Import (GO:0070508),-1.531278286886569,0.37556442618370056,5
"G Protein-Coupled Receptor Signaling Pathway, Coupled To Cyclic Nucleotide Second Messenger (GO:0007187)",-1.5321587553745972,0.0,50
Negative Regulation Of Developmental Growth (GO:0048640),-1.5392852451029078,0.2734111249446869,31
Regulation Of Urine Volume (GO:0035809),-1.5421979104813062,0.39531150460243225,8
Cyclic Nucleotide Biosynthetic Process (GO:0009190),-1.5455227536669847,0.33390218019485474,19
Adenylate Cyclase-Activating G Protein-Coupled Receptor Signaling Pathway (GO:0007189),-1.5480157838475412,0.0,110
Regulation Of T-helper 1 Cell Cytokine Production (GO:2000554),-1.5481573878391224,0.4364162087440491,5
Positive Regulation Of T-helper 1 Cell Cytokine Production (GO:2000556),-1.5481573878391224,0.4364162087440491,5
Regulation Of Gap Junction Assembly (GO:1903596),-1.5498183088955821,0.38302138447761536,8
Digestive Tract Morphogenesis (GO:0048546),-1.5520343362220195,0.2722134292125702,15
Cellular Hyperosmotic Response (GO:0071474),-1.5531282095943355,0.36320963501930237,6
Axoneme Assembly (GO:0035082),-1.5565619492199207,0.17141026258468628,41
Regulation Of Cytosolic Calcium Ion Concentration (GO:0051480),-1.5567961214820643,0.2193601280450821,40
G Protein-Coupled Receptor Internalization (GO:0002031),-1.5579572700369786,0.35339826345443726,6
Regulation Of Steroid Biosynthetic Process (GO:0050810),-1.5593097740611122,0.2494402974843979,16
Cell Surface Pattern Recognition Receptor Signaling Pathway (GO:0002752),-1.5598627288543383,0.3781026303768158,8
Pyrimidine-Containing Compound Catabolic Process (GO:0072529),-1.5635017308648582,0.3426196277141571,8
BMP Signaling Pathway (GO:0030509),-1.564257568047756,0.2734111249446869,61
Pyrimidine Nucleobase Catabolic Process (GO:0006208),-1.5654461808883413,0.39003145694732666,7
Regulation Of Glucocorticoid Receptor Signaling Pathway (GO:2000322),-1.568431827319761,0.35877731442451477,6
Camera-Type Eye Morphogenesis (GO:0048593),-1.5726851855969821,0.28680408000946045,9
Regulation Of cAMP-dependent Protein Kinase Activity (GO:2000479),-1.5765947267750322,0.3039499819278717,13
Regulation Of Blood Circulation (GO:1903522),-1.5766985928446065,0.0,34
Response To Manganese Ion (GO:0010042),-1.577892690075957,0.3066267669200897,5
Long-Term Synaptic Depression (GO:0060292),-1.5779829570825774,0.35145121812820435,6
Positive Regulation Of Integrin-Mediated Signaling Pathway (GO:2001046),-1.578926161556735,0.30441364645957947,12
Heart Trabecula Morphogenesis (GO:0061384),-1.5808752252971605,0.2803571820259094,18
cGMP Biosynthetic Process (GO:0006182),-1.5826090198046854,0.3129841983318329,9
Histone Lysine Demethylation (GO:0070076),-1.5835338607094775,0.3638628423213959,7
Regulation Of Cellular Ketone Metabolic Process (GO:0010565),-1.5895148804512391,0.2492862343788147,13
Respiratory Tube Development (GO:0030323),-1.5907142571685637,0.29860782623291016,27
Cilium-Dependent Cell Motility (GO:0060285),-1.5919462140451461,0.3345845937728882,20
Cell-Cell Adhesion Mediated By Cadherin (GO:0044331),-1.5945351265511944,0.16999688744544983,26
Regulation Of Morphogenesis Of A Branching Structure (GO:0060688),-1.5956683586646299,0.3272682726383209,5
Positive Regulation Of Chondrocyte Differentiation (GO:0032332),-1.5964022141419816,0.34792792797088623,10
Negative Regulation Of Androgen Receptor Signaling Pathway (GO:0060766),-1.5967438483495544,0.23963794112205505,14
Epithelial Tube Branching Involved In Lung Morphogenesis (GO:0060441),-1.5979029751571037,0.2939825654029846,5
Negative Regulation Of Intracellular Steroid Hormone Receptor Signaling Pathway (GO:0033144),-1.5980076594003658,0.23651015758514404,31
Peptidyl-Tyrosine Dephosphorylation (GO:0035335),-1.5983479676547707,0.16431117057800293,29
Cellular Response To BMP Stimulus (GO:0071773),-1.5999073349350554,0.2657391428947449,66
Response To Hydroperoxide (GO:0033194),-1.5999893725929537,0.37231969833374023,7
Vasculogenesis (GO:0001570),-1.601936335623693,0.25253814458847046,33
Positive Regulation Of Protein Kinase A Signaling (GO:0010739),-1.6020485090696752,0.3260224461555481,9
Cardiac Atrium Morphogenesis (GO:0003209),-1.6020998986273933,0.2835230231285095,18
AV Node Cell Action Potential (GO:0086016),-1.6024479145138024,0.31549760699272156,6
Negative Regulation Of Voltage-Gated Potassium Channel Activity (GO:1903817),-1.606274861958555,0.3235872983932495,11
Positive Regulation Of Vascular Associated Smooth Muscle Cell Migration (GO:1904754),-1.6104244813162776,0.2734111249446869,7
Renal System Process Involved In Regulation Of Blood Volume (GO:0001977),-1.6111546614522798,0.37413960695266724,5
Metanephric Collecting Duct Development (GO:0072205),-1.61171369590765,0.3204595446586609,5
Regulation Of Blood-Brain Barrier Permeability (GO:1905603),-1.6158756060981931,0.30554941296577454,6
Aorta Development (GO:0035904),-1.616626476533507,0.2193601280450821,14
"Phototransduction, Visible Light (GO:0007603)",-1.6205176915600372,0.30435237288475037,8
Positive Regulation Of Skeletal Muscle Fiber Development (GO:0048743),-1.6247371657173044,0.233735129237175,5
Vascular Wound Healing (GO:0061042),-1.6248533350232777,0.35877731442451477,6
Regulation Of Endothelial Cell Chemotaxis To Fibroblast Growth Factor (GO:2000544),-1.6250564508447145,0.28680408000946045,6
Cell Differentiation In Spinal Cord (GO:0021515),-1.6256729635591134,0.38269007205963135,9
Retinal Ganglion Cell Axon Guidance (GO:0031290),-1.6279473744802901,0.2893730700016022,5
Regulation Of Monoatomic Ion Transport (GO:0043269),-1.6321828145354005,0.18505510687828064,28
Positive Regulation Of Opsonization (GO:1903028),-1.6355600948700717,0.31728410720825195,8
Induction Of Bacterial Agglutination (GO:0043152),-1.6359335519446905,0.2970341145992279,5
Digestive Tract Development (GO:0048565),-1.6360797314023623,0.19690722227096558,39
Microtubule Bundle Formation (GO:0001578),-1.6402739162704538,0.0,51
Calcitonin Family Receptor Signaling Pathway (GO:0097646),-1.6482827846672077,0.30112990736961365,6
Locomotor Rhythm (GO:0045475),-1.6484097668958253,0.29860782623291016,6
Positive Regulation Of Cardiac Epithelial To Mesenchymal Transition (GO:0062043),-1.6488071715929762,0.2781153917312622,7
Regulation Of Cardiac Muscle Hypertrophy In Response To Stress (GO:1903242),-1.6494585324675577,0.3284689486026764,6
Aortic Valve Development (GO:0003176),-1.6513999803892372,0.0,40
Neuromuscular Junction Development (GO:0007528),-1.6561424682145944,0.0,24
Brain Morphogenesis (GO:0048854),-1.6582636327372047,0.23407374322414398,11
Icosanoid Secretion (GO:0032309),-1.6584874676819747,0.1878265142440796,12
Regulation Of Androgen Receptor Signaling Pathway (GO:0060765),-1.6617743479452158,0.21885742247104645,27
Negative Regulation Of Hippo Signaling (GO:0035331),-1.662434217440431,0.2636755704879761,12
Cardiac Myofibril Assembly (GO:0055003),-1.6671856390771143,0.262510746717453,15
Positive Regulation Of Vascular Endothelial Growth Factor Signaling Pathway (GO:1900748),-1.667668799986413,0.11321873217821121,7
Skeletal Myofibril Assembly (GO:0014866),-1.6720967648462877,0.2803571820259094,8
Modulation Of Excitatory Postsynaptic Potential (GO:0098815),-1.6731214042966993,0.0,31
Regulation Of Cell Adhesion Molecule Production (GO:0060353),-1.6732456308301709,0.2667141556739807,6
Intraciliary Retrograde Transport (GO:0035721),-1.674831656539626,0.2542187571525574,13
Positive Regulation Of cAMP-mediated Signaling (GO:0043950),-1.6795792966990488,0.2659033536911011,6
Forebrain Neuron Differentiation (GO:0021879),-1.6806793253168966,0.18505510687828064,5
Aorta Morphogenesis (GO:0035909),-1.6807835792029677,0.22510944306850433,17
Metanephric Nephron Tubule Development (GO:0072234),-1.6811042998000185,0.24152646958827972,6
Embryonic Axis Specification (GO:0000578),-1.6898334890488114,0.20160211622714996,17
Determination Of Liver Left/Right Asymmetry (GO:0071910),-1.6914228394410118,0.25951087474823,5
Pathway-Restricted SMAD Protein Phosphorylation (GO:0060389),-1.6920351381069842,0.2871072292327881,14
Negative Regulation Of Meiotic Cell Cycle (GO:0051447),-1.696453131994282,0.2611328065395355,5
Activation Of Transmembrane Receptor Protein Tyrosine Kinase Activity (GO:0007171),-1.6975880475803804,0.2817900776863098,5
Cardiac Cell Development (GO:0055006),-1.6982634244694614,0.2193601280450821,14
Pericardium Development (GO:0060039),-1.705812150990945,0.2611103653907776,7
Venous Blood Vessel Development (GO:0060841),-1.7092950950072905,0.2611103653907776,7
Neurotransmitter Receptor Diffusion Trapping (GO:0099628),-1.7095759707710179,0.24368423223495483,7
Postsynaptic Neurotransmitter Receptor Diffusion Trapping (GO:0098970),-1.7095759707710179,0.24368423223495483,7
Antigen Processing And Presentation Of Endogenous Peptide Antigen Via MHC Class I Via ER Pathway (GO:0002484),-1.709960151836104,0.2193601280450821,13
Antigen Processing And Presentation Of Peptide Antigen Via MHC Class Ib (GO:0002428),-1.709960151836104,0.2193601280450821,13
Antigen Processing And Presentation Of Endogenous Peptide Antigen Via MHC Class Ib (GO:0002476),-1.709960151836104,0.2193601280450821,13
"Antigen Processing And Presentation Of Endogenous Peptide Antigen Via MHC Class I Via ER Pathway, TAP-independent (GO:0002486)",-1.709960151836104,0.2193601280450821,13
Pulmonary Valve Development (GO:0003177),-1.7106669296647976,0.2010677456855774,20
Regulation Of Fatty Acid Oxidation (GO:0046320),-1.7138430658136525,0.1376151442527771,16
Neurotransmitter-Gated Ion Channel Clustering (GO:0072578),-1.7172554526433386,0.14259052276611328,5
Ethanol Oxidation (GO:0006069),-1.7173791479146283,0.16403649747371674,7
Regulation Of Protein Kinase A Signaling (GO:0010738),-1.7266757164143955,0.0,16
Ethanol Metabolic Process (GO:0006067),-1.7281531877463292,0.0,14
Atrioventricular Valve Morphogenesis (GO:0003181),-1.7425911249294719,0.14259052276611328,19
Mesodermal Cell Fate Commitment (GO:0001710),-1.744499056135298,0.1579328179359436,5
Receptor Guanylyl Cyclase Signaling Pathway (GO:0007168),-1.7500349310036165,0.17573317885398865,9
Blood Vessel Endothelial Cell Migration (GO:0043534),-1.7536305955739588,0.0,22
Positive Regulation Of Urine Volume (GO:0035810),-1.7549701899332237,0.09734964370727539,5
Adult Heart Development (GO:0007512),-1.7550520003712529,0.19450455904006958,8
Regulation Of Skeletal Muscle Satellite Cell Proliferation (GO:0014842),-1.7556150757114997,0.150420144200325,6
Actomyosin Structure Organization (GO:0031032),-1.7642515230756688,0.0,77
Atrial Septum Development (GO:0003283),-1.765469778196441,0.12322580814361572,13
"Complement Activation, Lectin Pathway (GO:0001867)",-1.769882771516101,0.16220806539058685,8
Regulation Of Establishment Of Endothelial Barrier (GO:1903140),-1.7712784857273107,0.18505510687828064,16
Muscle Tissue Morphogenesis (GO:0060415),-1.7732282123339498,0.31180211901664734,17
Response To BMP (GO:0071772),-1.774832497350093,0.0,23
Adult Locomotory Behavior (GO:0008344),-1.7818330492530097,0.23407374322414398,12
Response To Laminar Fluid Shear Stress (GO:0034616),-1.7834977106075844,0.196480393409729,9
Epithelial Cilium Movement Involved In Determination Of Left/Right Asymmetry (GO:0060287),-1.7926370604538588,0.11170990765094757,9
Ammonium Transmembrane Transport (GO:0072488),-1.7936073541517972,0.20635899901390076,10
Regulation Of Bicellular Tight Junction Assembly (GO:2000810),-1.7941804116667932,0.0,15
Regulation Of Vascular Associated Smooth Muscle Cell Migration (GO:1904752),-1.79970327507428,0.18505510687828064,12
Sensory Perception Of Taste (GO:0050909),-1.8046445293798397,0.0,17
Synaptic Vesicle Docking (GO:0016081),-1.8053347004867126,0.0,6
Ureteric Bud Development (GO:0001657),-1.8057275428842496,0.0,18
Embryonic Digestive Tract Development (GO:0048566),-1.8070739981230708,0.14229460060596466,19
Cardiac Pacemaker Cell Development (GO:0060926),-1.8123550427375108,0.10153787583112717,6
Adrenergic Receptor Signaling Pathway (GO:0071875),-1.8220724382412334,0.1495233029127121,18
Cellular Response To Laminar Fluid Shear Stress (GO:0071499),-1.8292487430772155,0.15080080926418304,6
Embryonic Heart Tube Morphogenesis (GO:0003143),-1.8360719029950427,0.0,42
Determination Of Heart Left/Right Asymmetry (GO:0061371),-1.8390367876394869,0.0,42
Mesonephros Development (GO:0001823),-1.8417170661884752,0.17759902775287628,10
Heart Looping (GO:0001947),-1.842980685195795,0.0,38
Cardiac Atrium Development (GO:0003230),-1.8484500409176199,0.19914354383945465,7
Pulmonary Valve Morphogenesis (GO:0003184),-1.8693792364473265,0.14259052276611328,18
Heart Morphogenesis (GO:0003007),-1.87098101950784,0.0,59
Outflow Tract Septum Morphogenesis (GO:0003148),-1.8877619245625517,0.15214955806732178,24
Prostaglandin Transport (GO:0015732),-1.895645622148894,0.0,10
Regulation Of Membrane Depolarization (GO:0003254),-1.8979365990230819,0.0,20
Mesenchyme Morphogenesis (GO:0072132),-1.920743105223829,0.0,18
Regulation Of Cell-Cell Adhesion Involved In Gastrulation (GO:0070587),-1.9298777813878862,0.0,9
Negative Regulation Of Heterotypic Cell-Cell Adhesion (GO:0034115),-1.9298777813878862,0.0,9
Mesonephric Tubule Development (GO:0072164),-1.9488378026427573,0.0,16
Intestinal Cholesterol Absorption (GO:0030299),-1.9514644842144113,0.0,9
Positive Regulation Of Vasoconstriction (GO:0045907),-1.9586264182396655,0.0,12
Regulation Of Monoatomic Ion Transmembrane Transport (GO:0034765),-1.9607509375528946,0.0,29
Cilium Movement (GO:0003341),-1.9743920021057157,0.0,59
Regulation Of Long-Term Synaptic Depression (GO:1900452),-1.9958656687408272,0.0,9
Endocardial Cushion Morphogenesis (GO:0003203),-2.0480841427450525,0.0,21
Atrioventricular Valve Development (GO:0003171),-2.072033293391272,0.0,13
Cardiac Muscle Tissue Morphogenesis (GO:0055008),-2.074121061562277,0.0,31
Artery Morphogenesis (GO:0048844),-2.0961465189190447,0.0,30
Adenylate Cyclase-Activating Adrenergic Receptor Signaling Pathway (GO:0071880),-2.110314433491106,0.0,15
Detection Of Chemical Stimulus Involved In Sensory Perception Of Smell (GO:0050911),-2.138879262376338,0.0,139
Endocardial Cushion Development (GO:0003197),-2.148722038815618,0.0,23
Myofibril Assembly (GO:0030239),-2.1674478396585806,0.0,46
Detection Of Chemical Stimulus Involved In Sensory Perception (GO:0050907),-2.1769889932788398,0.0,141
Sensory Perception Of Chemical Stimulus (GO:0007606),-2.613550128685811,0.0,110
